-- MySQL dump 10.11
--
-- Host: localhost    Database: bs_forum
-- ------------------------------------------------------
-- Server version	5.0.32-Debian_7etch12-log

/*!40101 SET @OLD_CHARACTER_SET_CLIENT=@@CHARACTER_SET_CLIENT */;
/*!40101 SET @OLD_CHARACTER_SET_RESULTS=@@CHARACTER_SET_RESULTS */;
/*!40101 SET @OLD_COLLATION_CONNECTION=@@COLLATION_CONNECTION */;
/*!40101 SET NAMES utf8 */;
/*!40103 SET @OLD_TIME_ZONE=@@TIME_ZONE */;
/*!40103 SET TIME_ZONE='+00:00' */;
/*!40014 SET @OLD_UNIQUE_CHECKS=@@UNIQUE_CHECKS, UNIQUE_CHECKS=0 */;
/*!40014 SET @OLD_FOREIGN_KEY_CHECKS=@@FOREIGN_KEY_CHECKS, FOREIGN_KEY_CHECKS=0 */;
/*!40101 SET @OLD_SQL_MODE=@@SQL_MODE, SQL_MODE='NO_AUTO_VALUE_ON_ZERO' */;
/*!40111 SET @OLD_SQL_NOTES=@@SQL_NOTES, SQL_NOTES=0 */;

--
-- Table structure for table `phpbb_acl_groups`
--

DROP TABLE IF EXISTS `phpbb_acl_groups`;
CREATE TABLE `phpbb_acl_groups` (
  `group_id` mediumint(8) unsigned NOT NULL default '0',
  `forum_id` mediumint(8) unsigned NOT NULL default '0',
  `auth_option_id` mediumint(8) unsigned NOT NULL default '0',
  `auth_role_id` mediumint(8) unsigned NOT NULL default '0',
  `auth_setting` tinyint(2) NOT NULL default '0',
  KEY `group_id` (`group_id`),
  KEY `auth_opt_id` (`auth_option_id`),
  KEY `auth_role_id` (`auth_role_id`)
) ENGINE=MyISAM DEFAULT CHARSET=utf8 COLLATE=utf8_bin;

--
-- Dumping data for table `phpbb_acl_groups`
--

LOCK TABLES `phpbb_acl_groups` WRITE;
/*!40000 ALTER TABLE `phpbb_acl_groups` DISABLE KEYS */;
INSERT INTO `phpbb_acl_groups` VALUES (1,0,85,0,1),(1,0,93,0,1),(1,0,111,0,1),(5,0,0,5,0),(5,0,0,1,0),(2,0,0,6,0),(3,0,0,6,0),(4,0,0,5,0),(4,0,0,10,0),(1,1,0,17,0),(2,1,0,14,0),(3,1,0,17,0),(6,1,0,17,0),(1,2,0,17,0),(2,2,0,14,0),(3,2,0,15,0),(4,2,0,21,0),(5,2,0,14,0),(5,2,0,10,0),(6,2,0,19,0),(7,0,0,23,0),(7,2,0,14,0),(5,83,0,14,0),(5,82,0,14,0),(1,7,0,17,0),(5,12,0,14,0),(5,81,0,14,0),(5,80,0,14,0),(5,79,0,14,0),(5,78,0,14,0),(1,29,0,17,0),(2,29,0,15,0),(3,29,0,17,0),(6,29,0,17,0),(1,10,0,17,0),(5,77,0,14,0),(1,13,0,17,0),(5,76,0,14,0),(5,75,0,14,0),(5,74,0,14,0),(5,73,0,14,0),(5,72,0,14,0),(5,71,0,14,0),(1,20,0,17,0),(1,21,0,17,0),(1,22,0,17,0),(1,23,0,17,0),(1,24,0,17,0),(1,25,0,17,0),(1,26,0,17,0),(1,27,0,17,0),(5,70,0,14,0),(5,69,0,14,0),(1,31,0,17,0),(5,68,0,14,0),(5,67,0,14,0),(1,35,0,17,0),(1,36,0,17,0),(1,37,0,17,0),(5,66,0,14,0),(5,65,0,14,0),(5,64,0,14,0),(5,63,0,14,0),(5,62,0,14,0),(5,61,0,14,0),(5,60,0,14,0),(5,59,0,14,0),(6,12,0,17,0),(2,7,0,15,0),(5,58,0,14,0),(5,54,0,14,0),(2,10,0,14,0),(5,53,0,14,0),(2,13,0,14,0),(5,55,0,14,0),(5,57,0,14,0),(5,56,0,14,0),(5,52,0,14,0),(5,47,0,14,0),(5,46,0,14,0),(2,20,0,14,0),(2,21,0,14,0),(2,22,0,14,0),(2,23,0,14,0),(2,24,0,14,0),(2,25,0,14,0),(2,26,0,14,0),(2,27,0,14,0),(5,45,0,14,0),(7,85,0,17,0),(2,31,0,14,0),(5,43,0,14,0),(5,42,0,14,0),(2,35,0,14,0),(2,36,0,14,0),(2,37,0,14,0),(5,41,0,14,0),(5,40,0,14,0),(5,34,0,14,0),(5,33,0,14,0),(5,30,0,14,0),(5,28,0,14,0),(5,19,0,14,0),(5,18,0,14,0),(3,12,0,17,0),(3,7,0,17,0),(5,17,0,14,0),(5,16,0,14,0),(3,10,0,17,0),(5,15,0,14,0),(3,13,0,17,0),(5,14,0,14,0),(5,11,0,14,0),(5,8,0,14,0),(5,6,0,14,0),(3,20,0,17,0),(3,21,0,17,0),(3,22,0,17,0),(3,23,0,17,0),(3,24,0,17,0),(3,25,0,17,0),(3,26,0,17,0),(3,27,0,17,0),(3,31,0,17,0),(3,35,0,17,0),(3,36,0,17,0),(3,37,0,17,0),(2,12,0,15,0),(6,7,0,17,0),(6,10,0,17,0),(6,13,0,17,0),(6,20,0,17,0),(6,21,0,17,0),(6,22,0,17,0),(6,23,0,17,0),(6,24,0,17,0),(6,25,0,17,0),(6,26,0,17,0),(6,27,0,17,0),(6,31,0,17,0),(6,35,0,17,0),(6,36,0,17,0),(6,37,0,17,0),(6,47,0,17,0),(6,46,0,17,0),(6,45,0,17,0),(5,32,0,14,0),(1,85,0,17,0),(6,43,0,17,0),(6,42,0,17,0),(6,41,0,17,0),(6,40,0,17,0),(6,11,0,17,0),(6,6,0,17,0),(3,47,0,17,0),(3,46,0,17,0),(3,45,0,17,0),(4,85,0,17,0),(3,43,0,17,0),(3,42,0,17,0),(3,41,0,17,0),(3,40,0,17,0),(3,11,0,17,0),(3,6,0,17,0),(2,47,0,15,0),(2,46,0,15,0),(2,45,0,15,0),(2,85,0,17,0),(2,43,0,15,0),(2,42,0,15,0),(2,41,0,15,0),(2,40,0,15,0),(2,11,0,15,0),(2,6,0,15,0),(5,1,0,14,0),(5,29,0,14,0),(5,7,0,14,0),(5,20,0,14,0),(5,21,0,14,0),(5,22,0,14,0),(5,23,0,14,0),(1,12,0,17,0),(5,13,0,14,0),(5,36,0,14,0),(5,37,0,14,0),(5,35,0,14,0),(5,10,0,14,0),(5,24,0,14,0),(5,26,0,14,0),(5,31,0,14,0),(5,25,0,14,0),(5,27,0,14,0),(1,47,0,17,0),(1,46,0,17,0),(1,45,0,17,0),(5,85,0,14,0),(1,43,0,17,0),(1,42,0,17,0),(1,41,0,17,0),(1,40,0,17,0),(1,11,0,17,0),(1,6,0,17,0),(2,32,0,17,0),(7,29,0,14,0),(4,29,0,14,0),(4,20,0,14,0),(7,20,0,14,0),(7,12,0,14,0),(4,12,0,14,0),(7,1,0,14,0),(4,1,0,14,0),(4,32,0,17,0),(1,32,0,17,0),(7,32,0,17,0),(5,84,0,14,0),(6,84,0,17,0),(3,84,0,17,0),(2,84,0,15,0),(1,84,0,17,0),(5,86,0,14,0),(5,87,0,14,0),(5,88,0,14,0),(5,89,0,14,0),(5,90,0,14,0),(5,92,0,14,0),(6,92,0,17,0),(3,92,0,17,0),(2,92,0,15,0),(1,92,0,17,0),(2,103,0,14,0),(7,103,0,14,0),(1,103,0,17,0),(4,103,0,14,0),(6,103,0,19,0),(5,103,0,14,0),(5,102,0,14,0),(6,102,0,19,0),(4,102,0,14,0),(1,102,0,17,0),(7,102,0,14,0),(2,102,0,14,0),(2,101,0,14,0),(7,101,0,14,0),(1,101,0,17,0),(4,101,0,14,0),(6,101,0,19,0),(5,101,0,14,0),(5,100,0,14,0),(6,100,0,19,0),(4,100,0,14,0),(1,100,0,17,0),(7,100,0,14,0),(2,100,0,14,0),(2,99,0,14,0),(7,99,0,14,0),(1,99,0,17,0),(4,99,0,14,0),(6,99,0,19,0),(5,99,0,14,0),(2,98,0,14,0),(7,98,0,14,0),(1,98,0,17,0),(4,98,0,14,0),(6,98,0,19,0),(5,98,0,14,0),(5,97,0,14,0),(6,97,0,19,0),(4,97,0,14,0),(1,97,0,17,0),(7,97,0,14,0),(2,97,0,14,0),(2,96,0,14,0),(7,96,0,14,0),(1,96,0,17,0),(4,96,0,14,0),(6,96,0,19,0),(5,96,0,14,0),(5,95,0,14,0),(6,95,0,19,0),(4,95,0,14,0),(1,95,0,17,0),(7,95,0,14,0),(2,94,0,14,0),(7,94,0,14,0),(1,94,0,17,0),(4,94,0,14,0),(6,94,0,19,0),(2,95,0,14,0),(5,94,0,14,0),(5,93,0,14,0),(6,93,0,17,0),(3,93,0,17,0),(2,93,0,14,0),(1,93,0,17,0);
/*!40000 ALTER TABLE `phpbb_acl_groups` ENABLE KEYS */;
UNLOCK TABLES;

--
-- Table structure for table `phpbb_acl_options`
--

DROP TABLE IF EXISTS `phpbb_acl_options`;
CREATE TABLE `phpbb_acl_options` (
  `auth_option_id` mediumint(8) unsigned NOT NULL auto_increment,
  `auth_option` varchar(50) collate utf8_bin NOT NULL default '',
  `is_global` tinyint(1) unsigned NOT NULL default '0',
  `is_local` tinyint(1) unsigned NOT NULL default '0',
  `founder_only` tinyint(1) unsigned NOT NULL default '0',
  PRIMARY KEY  (`auth_option_id`),
  UNIQUE KEY `auth_option` (`auth_option`)
) ENGINE=MyISAM AUTO_INCREMENT=118 DEFAULT CHARSET=utf8 COLLATE=utf8_bin;

--
-- Dumping data for table `phpbb_acl_options`
--

LOCK TABLES `phpbb_acl_options` WRITE;
/*!40000 ALTER TABLE `phpbb_acl_options` DISABLE KEYS */;
INSERT INTO `phpbb_acl_options` VALUES (1,'f_',0,1,0),(2,'f_announce',0,1,0),(3,'f_attach',0,1,0),(4,'f_bbcode',0,1,0),(5,'f_bump',0,1,0),(6,'f_delete',0,1,0),(7,'f_download',0,1,0),(8,'f_edit',0,1,0),(9,'f_email',0,1,0),(10,'f_flash',0,1,0),(11,'f_icons',0,1,0),(12,'f_ignoreflood',0,1,0),(13,'f_img',0,1,0),(14,'f_list',0,1,0),(15,'f_noapprove',0,1,0),(16,'f_poll',0,1,0),(17,'f_post',0,1,0),(18,'f_postcount',0,1,0),(19,'f_print',0,1,0),(20,'f_read',0,1,0),(21,'f_reply',0,1,0),(22,'f_report',0,1,0),(23,'f_search',0,1,0),(24,'f_sigs',0,1,0),(25,'f_smilies',0,1,0),(26,'f_sticky',0,1,0),(27,'f_subscribe',0,1,0),(28,'f_user_lock',0,1,0),(29,'f_vote',0,1,0),(30,'f_votechg',0,1,0),(31,'m_',1,1,0),(32,'m_approve',1,1,0),(33,'m_chgposter',1,1,0),(34,'m_delete',1,1,0),(35,'m_edit',1,1,0),(36,'m_info',1,1,0),(37,'m_lock',1,1,0),(38,'m_merge',1,1,0),(39,'m_move',1,1,0),(40,'m_report',1,1,0),(41,'m_split',1,1,0),(42,'m_ban',1,0,0),(43,'m_warn',1,0,0),(44,'a_',1,0,0),(45,'a_aauth',1,0,0),(46,'a_attach',1,0,0),(47,'a_authgroups',1,0,0),(48,'a_authusers',1,0,0),(49,'a_backup',1,0,0),(50,'a_ban',1,0,0),(51,'a_bbcode',1,0,0),(52,'a_board',1,0,0),(53,'a_bots',1,0,0),(54,'a_clearlogs',1,0,0),(55,'a_email',1,0,0),(56,'a_fauth',1,0,0),(57,'a_forum',1,0,0),(58,'a_forumadd',1,0,0),(59,'a_forumdel',1,0,0),(60,'a_group',1,0,0),(61,'a_groupadd',1,0,0),(62,'a_groupdel',1,0,0),(63,'a_icons',1,0,0),(64,'a_jabber',1,0,0),(65,'a_language',1,0,0),(66,'a_mauth',1,0,0),(67,'a_modules',1,0,0),(68,'a_names',1,0,0),(69,'a_phpinfo',1,0,0),(70,'a_profile',1,0,0),(71,'a_prune',1,0,0),(72,'a_ranks',1,0,0),(73,'a_reasons',1,0,0),(74,'a_roles',1,0,0),(75,'a_search',1,0,0),(76,'a_server',1,0,0),(77,'a_styles',1,0,0),(78,'a_switchperm',1,0,0),(79,'a_uauth',1,0,0),(80,'a_user',1,0,0),(81,'a_userdel',1,0,0),(82,'a_viewauth',1,0,0),(83,'a_viewlogs',1,0,0),(84,'a_words',1,0,0),(85,'u_',1,0,0),(86,'u_attach',1,0,0),(87,'u_chgavatar',1,0,0),(88,'u_chgcensors',1,0,0),(89,'u_chgemail',1,0,0),(90,'u_chggrp',1,0,0),(91,'u_chgname',1,0,0),(92,'u_chgpasswd',1,0,0),(93,'u_download',1,0,0),(94,'u_hideonline',1,0,0),(95,'u_ignoreflood',1,0,0),(96,'u_masspm',1,0,0),(97,'u_masspm_group',1,0,0),(98,'u_pm_attach',1,0,0),(99,'u_pm_bbcode',1,0,0),(100,'u_pm_delete',1,0,0),(101,'u_pm_download',1,0,0),(102,'u_pm_edit',1,0,0),(103,'u_pm_emailpm',1,0,0),(104,'u_pm_flash',1,0,0),(105,'u_pm_forward',1,0,0),(106,'u_pm_img',1,0,0),(107,'u_pm_printpm',1,0,0),(108,'u_pm_smilies',1,0,0),(109,'u_readpm',1,0,0),(110,'u_savedrafts',1,0,0),(111,'u_search',1,0,0),(112,'u_sendemail',1,0,0),(113,'u_sendim',1,0,0),(114,'u_sendpm',1,0,0),(115,'u_sig',1,0,0),(116,'u_viewonline',1,0,0),(117,'u_viewprofile',1,0,0);
/*!40000 ALTER TABLE `phpbb_acl_options` ENABLE KEYS */;
UNLOCK TABLES;

--
-- Table structure for table `phpbb_acl_roles`
--

DROP TABLE IF EXISTS `phpbb_acl_roles`;
CREATE TABLE `phpbb_acl_roles` (
  `role_id` mediumint(8) unsigned NOT NULL auto_increment,
  `role_name` varchar(255) collate utf8_bin NOT NULL default '',
  `role_description` text collate utf8_bin NOT NULL,
  `role_type` varchar(10) collate utf8_bin NOT NULL default '',
  `role_order` smallint(4) unsigned NOT NULL default '0',
  PRIMARY KEY  (`role_id`),
  KEY `role_type` (`role_type`),
  KEY `role_order` (`role_order`)
) ENGINE=MyISAM AUTO_INCREMENT=25 DEFAULT CHARSET=utf8 COLLATE=utf8_bin;

--
-- Dumping data for table `phpbb_acl_roles`
--

LOCK TABLES `phpbb_acl_roles` WRITE;
/*!40000 ALTER TABLE `phpbb_acl_roles` DISABLE KEYS */;
INSERT INTO `phpbb_acl_roles` VALUES (1,'ROLE_ADMIN_STANDARD','ROLE_DESCRIPTION_ADMIN_STANDARD','a_',1),(2,'ROLE_ADMIN_FORUM','ROLE_DESCRIPTION_ADMIN_FORUM','a_',3),(3,'ROLE_ADMIN_USERGROUP','ROLE_DESCRIPTION_ADMIN_USERGROUP','a_',4),(4,'ROLE_ADMIN_FULL','ROLE_DESCRIPTION_ADMIN_FULL','a_',2),(5,'ROLE_USER_FULL','ROLE_DESCRIPTION_USER_FULL','u_',3),(6,'ROLE_USER_STANDARD','ROLE_DESCRIPTION_USER_STANDARD','u_',1),(7,'ROLE_USER_LIMITED','ROLE_DESCRIPTION_USER_LIMITED','u_',2),(8,'ROLE_USER_NOPM','ROLE_DESCRIPTION_USER_NOPM','u_',4),(9,'ROLE_USER_NOAVATAR','ROLE_DESCRIPTION_USER_NOAVATAR','u_',5),(10,'ROLE_MOD_FULL','ROLE_DESCRIPTION_MOD_FULL','m_',3),(11,'ROLE_MOD_STANDARD','ROLE_DESCRIPTION_MOD_STANDARD','m_',1),(12,'ROLE_MOD_SIMPLE','ROLE_DESCRIPTION_MOD_SIMPLE','m_',2),(13,'ROLE_MOD_QUEUE','ROLE_DESCRIPTION_MOD_QUEUE','m_',4),(14,'ROLE_FORUM_FULL','ROLE_DESCRIPTION_FORUM_FULL','f_',7),(15,'ROLE_FORUM_STANDARD','ROLE_DESCRIPTION_FORUM_STANDARD','f_',5),(16,'ROLE_FORUM_NOACCESS','ROLE_DESCRIPTION_FORUM_NOACCESS','f_',1),(17,'ROLE_FORUM_READONLY','ROLE_DESCRIPTION_FORUM_READONLY','f_',2),(18,'ROLE_FORUM_LIMITED','ROLE_DESCRIPTION_FORUM_LIMITED','f_',3),(19,'ROLE_FORUM_BOT','ROLE_DESCRIPTION_FORUM_BOT','f_',9),(20,'ROLE_FORUM_ONQUEUE','ROLE_DESCRIPTION_FORUM_ONQUEUE','f_',8),(21,'ROLE_FORUM_POLLS','ROLE_DESCRIPTION_FORUM_POLLS','f_',6),(22,'ROLE_FORUM_LIMITED_POLLS','ROLE_DESCRIPTION_FORUM_LIMITED_POLLS','f_',4),(23,'ROLE_USER_NEW_MEMBER','ROLE_DESCRIPTION_USER_NEW_MEMBER','u_',6),(24,'ROLE_FORUM_NEW_MEMBER','ROLE_DESCRIPTION_FORUM_NEW_MEMBER','f_',10);
/*!40000 ALTER TABLE `phpbb_acl_roles` ENABLE KEYS */;
UNLOCK TABLES;

--
-- Table structure for table `phpbb_acl_roles_data`
--

DROP TABLE IF EXISTS `phpbb_acl_roles_data`;
CREATE TABLE `phpbb_acl_roles_data` (
  `role_id` mediumint(8) unsigned NOT NULL default '0',
  `auth_option_id` mediumint(8) unsigned NOT NULL default '0',
  `auth_setting` tinyint(2) NOT NULL default '0',
  PRIMARY KEY  (`role_id`,`auth_option_id`),
  KEY `ath_op_id` (`auth_option_id`)
) ENGINE=MyISAM DEFAULT CHARSET=utf8 COLLATE=utf8_bin;

--
-- Dumping data for table `phpbb_acl_roles_data`
--

LOCK TABLES `phpbb_acl_roles_data` WRITE;
/*!40000 ALTER TABLE `phpbb_acl_roles_data` DISABLE KEYS */;
INSERT INTO `phpbb_acl_roles_data` VALUES (1,44,1),(1,46,1),(1,47,1),(1,48,1),(1,50,1),(1,51,1),(1,52,1),(1,56,1),(1,57,1),(1,58,1),(1,59,1),(1,60,1),(1,61,1),(1,62,1),(1,63,1),(1,66,1),(1,68,1),(1,70,1),(1,71,1),(1,72,1),(1,73,1),(1,79,1),(1,80,1),(1,81,1),(1,82,1),(1,83,1),(1,84,1),(2,44,1),(2,47,1),(2,48,1),(2,56,1),(2,57,1),(2,58,1),(2,59,1),(2,66,1),(2,71,1),(2,79,1),(2,82,1),(2,83,1),(3,44,1),(3,47,1),(3,48,1),(3,50,1),(3,60,1),(3,61,1),(3,62,1),(3,72,1),(3,79,1),(3,80,1),(3,82,1),(3,83,1),(4,44,1),(4,45,1),(4,46,1),(4,47,1),(4,48,1),(4,49,1),(4,50,1),(4,51,1),(4,52,1),(4,53,1),(4,54,1),(4,55,1),(4,56,1),(4,57,1),(4,58,1),(4,59,1),(4,60,1),(4,61,1),(4,62,1),(4,63,1),(4,64,1),(4,65,1),(4,66,1),(4,67,1),(4,68,1),(4,69,1),(4,70,1),(4,71,1),(4,72,1),(4,73,1),(4,74,1),(4,75,1),(4,76,1),(4,77,1),(4,78,1),(4,79,1),(4,80,1),(4,81,1),(4,82,1),(4,83,1),(4,84,1),(5,85,1),(5,86,1),(5,87,1),(5,88,1),(5,89,1),(5,90,1),(5,91,1),(5,92,1),(5,93,1),(5,94,1),(5,95,1),(5,96,1),(5,97,1),(5,98,1),(5,99,1),(5,100,1),(5,101,1),(5,102,1),(5,103,1),(5,104,1),(5,105,1),(5,106,1),(5,107,1),(5,108,1),(5,109,1),(5,110,1),(5,111,1),(5,112,1),(5,113,1),(5,114,1),(5,115,1),(5,116,1),(5,117,1),(6,85,1),(6,86,1),(6,87,1),(6,88,1),(6,89,1),(6,92,1),(6,93,1),(6,94,1),(6,96,1),(6,97,1),(6,98,1),(6,99,1),(6,100,1),(6,101,1),(6,102,1),(6,103,1),(6,106,1),(6,107,1),(6,108,1),(6,109,1),(6,110,1),(6,111,1),(6,112,1),(6,113,1),(6,114,1),(6,115,1),(6,117,1),(7,85,1),(7,87,1),(7,88,1),(7,89,1),(7,92,1),(7,93,1),(7,94,1),(7,99,1),(7,100,1),(7,101,1),(7,102,1),(7,105,1),(7,106,1),(7,107,1),(7,108,1),(7,109,1),(7,114,1),(7,115,1),(7,117,1),(8,85,1),(8,87,1),(8,88,1),(8,89,1),(8,92,1),(8,93,1),(8,94,1),(8,115,1),(8,117,1),(8,96,0),(8,97,0),(8,109,0),(8,114,0),(9,85,1),(9,88,1),(9,89,1),(9,92,1),(9,93,1),(9,94,1),(9,99,1),(9,100,1),(9,101,1),(9,102,1),(9,105,1),(9,106,1),(9,107,1),(9,108,1),(9,109,1),(9,114,1),(9,115,1),(9,117,1),(9,87,0),(10,31,1),(10,32,1),(10,42,1),(10,33,1),(10,34,1),(10,35,1),(10,36,1),(10,37,1),(10,38,1),(10,39,1),(10,40,1),(10,41,1),(10,43,1),(11,31,1),(11,32,1),(11,34,1),(11,35,1),(11,36,1),(11,37,1),(11,38,1),(11,39,1),(11,40,1),(11,41,1),(11,43,1),(12,31,1),(12,34,1),(12,35,1),(12,36,1),(12,40,1),(13,31,1),(13,32,1),(13,35,1),(14,1,1),(14,2,1),(14,3,1),(14,4,1),(14,5,1),(14,6,1),(14,7,1),(14,8,1),(14,9,1),(14,10,1),(14,11,1),(14,12,1),(14,13,1),(14,14,1),(14,15,1),(14,16,1),(14,17,1),(14,18,1),(14,19,1),(14,20,1),(14,21,1),(14,22,1),(14,23,1),(14,24,1),(14,25,1),(14,26,1),(14,27,1),(14,28,1),(14,29,1),(14,30,1),(15,1,1),(15,3,1),(15,4,1),(15,5,1),(15,6,1),(15,7,1),(15,8,1),(15,9,1),(15,11,1),(15,13,1),(15,14,1),(15,15,1),(15,17,1),(15,18,1),(15,19,1),(15,20,1),(15,21,1),(15,22,1),(15,23,1),(15,24,1),(15,25,1),(15,27,1),(15,29,1),(15,30,1),(16,1,0),(17,1,1),(17,7,1),(17,14,1),(17,19,1),(17,20,1),(17,23,1),(17,27,1),(18,1,1),(18,4,1),(18,7,1),(18,8,1),(18,9,1),(18,13,1),(18,14,1),(18,15,1),(18,17,1),(18,18,1),(18,19,1),(18,20,1),(18,21,1),(18,22,1),(18,23,1),(18,24,1),(18,25,1),(18,27,1),(18,29,1),(19,1,1),(19,7,1),(19,14,1),(19,19,1),(19,20,1),(20,1,1),(20,3,1),(20,4,1),(20,7,1),(20,8,1),(20,9,1),(20,13,1),(20,14,1),(20,17,1),(20,18,1),(20,19,1),(20,20,1),(20,21,1),(20,22,1),(20,23,1),(20,24,1),(20,25,1),(20,27,1),(20,29,1),(20,15,0),(21,1,1),(21,3,1),(21,4,1),(21,5,1),(21,6,1),(21,7,1),(21,8,1),(21,9,1),(21,11,1),(21,13,1),(21,14,1),(21,15,1),(21,16,1),(21,17,1),(21,18,1),(21,19,1),(21,20,1),(21,21,1),(21,22,1),(21,23,1),(21,24,1),(21,25,1),(21,27,1),(21,29,1),(21,30,1),(22,1,1),(22,4,1),(22,7,1),(22,8,1),(22,9,1),(22,13,1),(22,14,1),(22,15,1),(22,16,1),(22,17,1),(22,18,1),(22,19,1),(22,20,1),(22,21,1),(22,22,1),(22,23,1),(22,24,1),(22,25,1),(22,27,1),(22,29,1),(23,96,0),(23,97,0),(23,114,0),(24,15,0);
/*!40000 ALTER TABLE `phpbb_acl_roles_data` ENABLE KEYS */;
UNLOCK TABLES;

--
-- Table structure for table `phpbb_acl_users`
--

DROP TABLE IF EXISTS `phpbb_acl_users`;
CREATE TABLE `phpbb_acl_users` (
  `user_id` mediumint(8) unsigned NOT NULL default '0',
  `forum_id` mediumint(8) unsigned NOT NULL default '0',
  `auth_option_id` mediumint(8) unsigned NOT NULL default '0',
  `auth_role_id` mediumint(8) unsigned NOT NULL default '0',
  `auth_setting` tinyint(2) NOT NULL default '0',
  KEY `user_id` (`user_id`),
  KEY `auth_option_id` (`auth_option_id`),
  KEY `auth_role_id` (`auth_role_id`)
) ENGINE=MyISAM DEFAULT CHARSET=utf8 COLLATE=utf8_bin;

--
-- Dumping data for table `phpbb_acl_users`
--

LOCK TABLES `phpbb_acl_users` WRITE;
/*!40000 ALTER TABLE `phpbb_acl_users` DISABLE KEYS */;
INSERT INTO `phpbb_acl_users` VALUES (2,0,0,5,0),(55,0,0,5,0),(55,0,0,10,0),(55,0,0,4,0),(56,0,45,0,1),(56,0,0,5,0),(56,0,0,10,0),(56,0,47,0,1),(56,0,48,0,1),(56,0,56,0,1),(56,0,66,0,1),(56,0,74,0,1),(56,0,78,0,1),(56,0,79,0,1),(56,0,82,0,1),(56,0,46,0,1),(56,0,51,0,1),(56,0,63,0,1),(56,0,84,0,1),(56,0,49,0,1),(56,0,53,0,1),(56,0,54,0,1),(56,0,55,0,1),(56,0,65,0,1),(56,0,67,0,1),(56,0,73,0,1),(56,0,75,0,1),(56,0,77,0,1),(56,0,83,0,1),(56,0,50,0,1),(56,0,60,0,1),(56,0,61,0,1),(56,0,62,0,1),(56,0,68,0,1),(56,0,70,0,1),(56,0,72,0,1),(56,0,80,0,1),(56,0,81,0,1),(56,0,52,0,1),(56,0,64,0,1),(56,0,69,0,1),(56,0,76,0,1),(56,0,57,0,1),(56,0,58,0,1),(56,0,59,0,1),(56,0,71,0,1),(56,0,44,0,1);
/*!40000 ALTER TABLE `phpbb_acl_users` ENABLE KEYS */;
UNLOCK TABLES;

--
-- Table structure for table `phpbb_attachments`
--

DROP TABLE IF EXISTS `phpbb_attachments`;
CREATE TABLE `phpbb_attachments` (
  `attach_id` mediumint(8) unsigned NOT NULL auto_increment,
  `post_msg_id` mediumint(8) unsigned NOT NULL default '0',
  `topic_id` mediumint(8) unsigned NOT NULL default '0',
  `in_message` tinyint(1) unsigned NOT NULL default '0',
  `poster_id` mediumint(8) unsigned NOT NULL default '0',
  `is_orphan` tinyint(1) unsigned NOT NULL default '1',
  `physical_filename` varchar(255) collate utf8_bin NOT NULL default '',
  `real_filename` varchar(255) collate utf8_bin NOT NULL default '',
  `download_count` mediumint(8) unsigned NOT NULL default '0',
  `attach_comment` text collate utf8_bin NOT NULL,
  `extension` varchar(100) collate utf8_bin NOT NULL default '',
  `mimetype` varchar(100) collate utf8_bin NOT NULL default '',
  `filesize` int(20) unsigned NOT NULL default '0',
  `filetime` int(11) unsigned NOT NULL default '0',
  `thumbnail` tinyint(1) unsigned NOT NULL default '0',
  PRIMARY KEY  (`attach_id`),
  KEY `filetime` (`filetime`),
  KEY `post_msg_id` (`post_msg_id`),
  KEY `topic_id` (`topic_id`),
  KEY `poster_id` (`poster_id`),
  KEY `is_orphan` (`is_orphan`)
) ENGINE=MyISAM DEFAULT CHARSET=utf8 COLLATE=utf8_bin;

--
-- Dumping data for table `phpbb_attachments`
--

LOCK TABLES `phpbb_attachments` WRITE;
/*!40000 ALTER TABLE `phpbb_attachments` DISABLE KEYS */;
/*!40000 ALTER TABLE `phpbb_attachments` ENABLE KEYS */;
UNLOCK TABLES;

--
-- Table structure for table `phpbb_banlist`
--

DROP TABLE IF EXISTS `phpbb_banlist`;
CREATE TABLE `phpbb_banlist` (
  `ban_id` mediumint(8) unsigned NOT NULL auto_increment,
  `ban_userid` mediumint(8) unsigned NOT NULL default '0',
  `ban_ip` varchar(40) collate utf8_bin NOT NULL default '',
  `ban_email` varchar(100) collate utf8_bin NOT NULL default '',
  `ban_start` int(11) unsigned NOT NULL default '0',
  `ban_end` int(11) unsigned NOT NULL default '0',
  `ban_exclude` tinyint(1) unsigned NOT NULL default '0',
  `ban_reason` varchar(255) collate utf8_bin NOT NULL default '',
  `ban_give_reason` varchar(255) collate utf8_bin NOT NULL default '',
  PRIMARY KEY  (`ban_id`),
  KEY `ban_end` (`ban_end`),
  KEY `ban_user` (`ban_userid`,`ban_exclude`),
  KEY `ban_email` (`ban_email`,`ban_exclude`),
  KEY `ban_ip` (`ban_ip`,`ban_exclude`)
) ENGINE=MyISAM DEFAULT CHARSET=utf8 COLLATE=utf8_bin;

--
-- Dumping data for table `phpbb_banlist`
--

LOCK TABLES `phpbb_banlist` WRITE;
/*!40000 ALTER TABLE `phpbb_banlist` DISABLE KEYS */;
/*!40000 ALTER TABLE `phpbb_banlist` ENABLE KEYS */;
UNLOCK TABLES;

--
-- Table structure for table `phpbb_bbcodes`
--

DROP TABLE IF EXISTS `phpbb_bbcodes`;
CREATE TABLE `phpbb_bbcodes` (
  `bbcode_id` smallint(4) unsigned NOT NULL default '0',
  `bbcode_tag` varchar(16) collate utf8_bin NOT NULL default '',
  `bbcode_helpline` varchar(255) collate utf8_bin NOT NULL default '',
  `display_on_posting` tinyint(1) unsigned NOT NULL default '0',
  `bbcode_match` text collate utf8_bin NOT NULL,
  `bbcode_tpl` mediumtext collate utf8_bin NOT NULL,
  `first_pass_match` mediumtext collate utf8_bin NOT NULL,
  `first_pass_replace` mediumtext collate utf8_bin NOT NULL,
  `second_pass_match` mediumtext collate utf8_bin NOT NULL,
  `second_pass_replace` mediumtext collate utf8_bin NOT NULL,
  PRIMARY KEY  (`bbcode_id`),
  KEY `display_on_post` (`display_on_posting`)
) ENGINE=MyISAM DEFAULT CHARSET=utf8 COLLATE=utf8_bin;

--
-- Dumping data for table `phpbb_bbcodes`
--

LOCK TABLES `phpbb_bbcodes` WRITE;
/*!40000 ALTER TABLE `phpbb_bbcodes` DISABLE KEYS */;
/*!40000 ALTER TABLE `phpbb_bbcodes` ENABLE KEYS */;
UNLOCK TABLES;

--
-- Table structure for table `phpbb_bookmarks`
--

DROP TABLE IF EXISTS `phpbb_bookmarks`;
CREATE TABLE `phpbb_bookmarks` (
  `topic_id` mediumint(8) unsigned NOT NULL default '0',
  `user_id` mediumint(8) unsigned NOT NULL default '0',
  PRIMARY KEY  (`topic_id`,`user_id`)
) ENGINE=MyISAM DEFAULT CHARSET=utf8 COLLATE=utf8_bin;

--
-- Dumping data for table `phpbb_bookmarks`
--

LOCK TABLES `phpbb_bookmarks` WRITE;
/*!40000 ALTER TABLE `phpbb_bookmarks` DISABLE KEYS */;
/*!40000 ALTER TABLE `phpbb_bookmarks` ENABLE KEYS */;
UNLOCK TABLES;

--
-- Table structure for table `phpbb_bots`
--

DROP TABLE IF EXISTS `phpbb_bots`;
CREATE TABLE `phpbb_bots` (
  `bot_id` mediumint(8) unsigned NOT NULL auto_increment,
  `bot_active` tinyint(1) unsigned NOT NULL default '1',
  `bot_name` varchar(255) collate utf8_bin NOT NULL default '',
  `user_id` mediumint(8) unsigned NOT NULL default '0',
  `bot_agent` varchar(255) collate utf8_bin NOT NULL default '',
  `bot_ip` varchar(255) collate utf8_bin NOT NULL default '',
  PRIMARY KEY  (`bot_id`),
  KEY `bot_active` (`bot_active`)
) ENGINE=MyISAM AUTO_INCREMENT=52 DEFAULT CHARSET=utf8 COLLATE=utf8_bin;

--
-- Dumping data for table `phpbb_bots`
--

LOCK TABLES `phpbb_bots` WRITE;
/*!40000 ALTER TABLE `phpbb_bots` DISABLE KEYS */;
INSERT INTO `phpbb_bots` VALUES (1,1,'AdsBot [Google]',3,'AdsBot-Google',''),(2,1,'Alexa [Bot]',4,'ia_archiver',''),(3,1,'Alta Vista [Bot]',5,'Scooter/',''),(4,1,'Ask Jeeves [Bot]',6,'Ask Jeeves',''),(5,1,'Baidu [Spider]',7,'Baiduspider+(',''),(6,1,'Bing [Bot]',8,'bingbot/',''),(7,1,'Exabot [Bot]',9,'Exabot/',''),(8,1,'FAST Enterprise [Crawler]',10,'FAST Enterprise Crawler',''),(9,1,'FAST WebCrawler [Crawler]',11,'FAST-WebCrawler/',''),(10,1,'Francis [Bot]',12,'http://www.neomo.de/',''),(11,1,'Gigabot [Bot]',13,'Gigabot/',''),(12,1,'Google Adsense [Bot]',14,'Mediapartners-Google',''),(13,1,'Google Desktop',15,'Google Desktop',''),(14,1,'Google Feedfetcher',16,'Feedfetcher-Google',''),(15,1,'Google [Bot]',17,'Googlebot',''),(16,1,'Heise IT-Markt [Crawler]',18,'heise-IT-Markt-Crawler',''),(17,1,'Heritrix [Crawler]',19,'heritrix/1.',''),(18,1,'IBM Research [Bot]',20,'ibm.com/cs/crawler',''),(19,1,'ICCrawler - ICjobs',21,'ICCrawler - ICjobs',''),(20,1,'ichiro [Crawler]',22,'ichiro/',''),(21,1,'Majestic-12 [Bot]',23,'MJ12bot/',''),(22,1,'Metager [Bot]',24,'MetagerBot/',''),(23,1,'MSN NewsBlogs',25,'msnbot-NewsBlogs/',''),(24,1,'MSN [Bot]',26,'msnbot/',''),(25,1,'MSNbot Media',27,'msnbot-media/',''),(26,1,'NG-Search [Bot]',28,'NG-Search/',''),(27,1,'Nutch [Bot]',29,'http://lucene.apache.org/nutch/',''),(28,1,'Nutch/CVS [Bot]',30,'NutchCVS/',''),(29,1,'OmniExplorer [Bot]',31,'OmniExplorer_Bot/',''),(30,1,'Online link [Validator]',32,'online link validator',''),(31,1,'psbot [Picsearch]',33,'psbot/0',''),(32,1,'Seekport [Bot]',34,'Seekbot/',''),(33,1,'Sensis [Crawler]',35,'Sensis Web Crawler',''),(34,1,'SEO Crawler',36,'SEO search Crawler/',''),(35,1,'Seoma [Crawler]',37,'Seoma [SEO Crawler]',''),(36,1,'SEOSearch [Crawler]',38,'SEOsearch/',''),(37,1,'Snappy [Bot]',39,'Snappy/1.1 ( http://www.urltrends.com/ )',''),(38,1,'Steeler [Crawler]',40,'http://www.tkl.iis.u-tokyo.ac.jp/~crawler/',''),(39,1,'Synoo [Bot]',41,'SynooBot/',''),(40,1,'Telekom [Bot]',42,'crawleradmin.t-info@telekom.de',''),(41,1,'TurnitinBot [Bot]',43,'TurnitinBot/',''),(42,1,'Voyager [Bot]',44,'voyager/1.0',''),(43,1,'W3 [Sitesearch]',45,'W3 SiteSearch Crawler',''),(44,1,'W3C [Linkcheck]',46,'W3C-checklink/',''),(45,1,'W3C [Validator]',47,'W3C_*Validator',''),(46,1,'WiseNut [Bot]',48,'http://www.WISEnutbot.com',''),(47,1,'YaCy [Bot]',49,'yacybot',''),(48,1,'Yahoo MMCrawler [Bot]',50,'Yahoo-MMCrawler/',''),(49,1,'Yahoo Slurp [Bot]',51,'Yahoo! DE Slurp',''),(50,1,'Yahoo [Bot]',52,'Yahoo! Slurp',''),(51,1,'YahooSeeker [Bot]',53,'YahooSeeker/','');
/*!40000 ALTER TABLE `phpbb_bots` ENABLE KEYS */;
UNLOCK TABLES;

--
-- Table structure for table `phpbb_config`
--

DROP TABLE IF EXISTS `phpbb_config`;
CREATE TABLE `phpbb_config` (
  `config_name` varchar(255) collate utf8_bin NOT NULL default '',
  `config_value` varchar(255) collate utf8_bin NOT NULL default '',
  `is_dynamic` tinyint(1) unsigned NOT NULL default '0',
  PRIMARY KEY  (`config_name`),
  KEY `is_dynamic` (`is_dynamic`)
) ENGINE=MyISAM DEFAULT CHARSET=utf8 COLLATE=utf8_bin;

--
-- Dumping data for table `phpbb_config`
--

LOCK TABLES `phpbb_config` WRITE;
/*!40000 ALTER TABLE `phpbb_config` DISABLE KEYS */;
INSERT INTO `phpbb_config` VALUES ('active_sessions','0',0),('allow_attachments','1',0),('allow_autologin','1',0),('allow_avatar','1',0),('allow_avatar_local','0',0),('allow_avatar_remote','0',0),('allow_avatar_upload','1',0),('allow_avatar_remote_upload','0',0),('allow_bbcode','1',0),('allow_birthdays','1',0),('allow_bookmarks','1',0),('allow_emailreuse','0',0),('allow_forum_notify','1',0),('allow_mass_pm','1',0),('allow_name_chars','USERNAME_CHARS_ANY',0),('allow_namechange','0',0),('allow_nocensors','0',0),('allow_pm_attach','0',0),('allow_pm_report','1',0),('allow_post_flash','1',0),('allow_post_links','1',0),('allow_privmsg','1',0),('allow_quick_reply','1',0),('allow_sig','1',0),('allow_sig_bbcode','1',0),('allow_sig_flash','0',0),('allow_sig_img','1',0),('allow_sig_links','1',0),('allow_sig_pm','1',0),('allow_sig_smilies','1',0),('allow_smilies','1',0),('allow_topic_notify','1',0),('attachment_quota','52428800',0),('auth_bbcode_pm','1',0),('auth_flash_pm','0',0),('auth_img_pm','1',0),('auth_method','db',0),('auth_smilies_pm','1',0),('avatar_filesize','6144',0),('avatar_gallery_path','images/avatars/gallery',0),('avatar_max_height','90',0),('avatar_max_width','90',0),('avatar_min_height','20',0),('avatar_min_width','20',0),('avatar_path','images/avatars/upload',0),('avatar_salt','075e54429d09020de879680084f68435',0),('board_contact','buscobici.com@gmail.com',0),('board_disable','0',0),('board_disable_msg','',0),('board_dst','0',0),('board_email','buscobici.com@gmail.com',0),('board_email_form','0',0),('board_email_sig','Thanks, The Management',0),('board_hide_emails','1',0),('board_timezone','1',0),('browser_check','1',0),('bump_interval','10',0),('bump_type','d',0),('cache_gc','7200',0),('captcha_plugin','phpbb_captcha_gd',0),('captcha_gd','1',0),('captcha_gd_foreground_noise','0',0),('captcha_gd_x_grid','25',0),('captcha_gd_y_grid','25',0),('captcha_gd_wave','0',0),('captcha_gd_3d_noise','1',0),('captcha_gd_fonts','1',0),('confirm_refresh','1',0),('check_attachment_content','1',0),('check_dnsbl','0',0),('chg_passforce','0',0),('cookie_domain','buscobici.com',0),('cookie_name','phpbb3_51ngc',0),('cookie_path','/',0),('cookie_secure','0',0),('coppa_enable','0',0),('coppa_fax','',0),('coppa_mail','',0),('database_gc','604800',0),('dbms_version','5.0.32-Debian_7etch12-log',0),('default_dateformat','D M d, Y g:i a',0),('default_style','5',0),('display_last_edited','1',0),('display_order','0',0),('edit_time','0',0),('delete_time','0',0),('email_check_mx','1',0),('email_enable','1',0),('email_function_name','mail',0),('email_max_chunk_size','50',0),('email_package_size','20',0),('enable_confirm','1',0),('enable_pm_icons','1',0),('enable_post_confirm','1',0),('feed_enable','1',0),('feed_http_auth','0',0),('feed_limit_post','15',0),('feed_limit_topic','10',0),('feed_overall_forums','0',0),('feed_overall','1',0),('feed_forum','1',0),('feed_topic','1',0),('feed_topics_new','1',0),('feed_topics_active','0',0),('feed_item_statistics','1',0),('flood_interval','15',0),('force_server_vars','0',0),('form_token_lifetime','7200',0),('form_token_mintime','0',0),('form_token_sid_guests','1',0),('forward_pm','1',0),('forwarded_for_check','0',0),('full_folder_action','2',0),('fulltext_mysql_max_word_len','254',0),('fulltext_mysql_min_word_len','4',0),('fulltext_native_common_thres','5',0),('fulltext_native_load_upd','1',0),('fulltext_native_max_chars','14',0),('fulltext_native_min_chars','3',0),('gzip_compress','0',0),('hot_threshold','25',0),('icons_path','images/icons',0),('img_create_thumbnail','0',0),('img_display_inlined','1',0),('img_imagick','/usr/bin/',0),('img_link_height','0',0),('img_link_width','0',0),('img_max_height','0',0),('img_max_thumb_width','400',0),('img_max_width','0',0),('img_min_thumb_filesize','12000',0),('ip_check','3',0),('ip_login_limit_max','50',0),('ip_login_limit_time','21600',0),('ip_login_limit_use_forwarded','0',0),('jab_enable','0',0),('jab_host','',0),('jab_password','',0),('jab_package_size','20',0),('jab_port','5222',0),('jab_use_ssl','0',0),('jab_username','',0),('ldap_base_dn','',0),('ldap_email','',0),('ldap_password','',0),('ldap_port','',0),('ldap_server','',0),('ldap_uid','',0),('ldap_user','',0),('ldap_user_filter','',0),('limit_load','0',0),('limit_search_load','0',0),('load_anon_lastread','0',0),('load_birthdays','1',0),('load_cpf_memberlist','0',0),('load_cpf_viewprofile','1',0),('load_cpf_viewtopic','0',0),('load_db_lastread','1',0),('load_db_track','1',0),('load_jumpbox','1',0),('load_moderators','1',0),('load_online','1',0),('load_online_guests','1',0),('load_online_time','5',0),('load_onlinetrack','1',0),('load_search','1',0),('load_tplcompile','0',0),('load_unreads_search','1',0),('load_user_activity','1',0),('max_attachments','3',0),('max_attachments_pm','1',0),('max_autologin_time','0',0),('max_filesize','262144',0),('max_filesize_pm','262144',0),('max_login_attempts','3',0),('max_name_chars','20',0),('max_num_search_keywords','10',0),('max_pass_chars','100',0),('max_poll_options','10',0),('max_post_chars','60000',0),('max_post_font_size','200',0),('max_post_img_height','0',0),('max_post_img_width','0',0),('max_post_smilies','0',0),('max_post_urls','0',0),('max_quote_depth','3',0),('max_reg_attempts','5',0),('max_sig_chars','255',0),('max_sig_font_size','200',0),('max_sig_img_height','0',0),('max_sig_img_width','0',0),('max_sig_smilies','0',0),('max_sig_urls','5',0),('min_name_chars','3',0),('min_pass_chars','6',0),('min_post_chars','1',0),('min_search_author_chars','3',0),('mime_triggers','body|head|html|img|plaintext|a href|pre|script|table|title',0),('new_member_post_limit','3',0),('new_member_group_default','0',0),('override_user_style','0',0),('pass_complex','PASS_TYPE_ANY',0),('pm_edit_time','0',0),('pm_max_boxes','4',0),('pm_max_msgs','50',0),('pm_max_recipients','0',0),('posts_per_page','10',0),('print_pm','1',0),('queue_interval','60',0),('ranks_path','images/ranks',0),('require_activation','0',0),('referer_validation','1',0),('script_path','/forum',0),('search_block_size','250',0),('search_gc','7200',0),('search_interval','0',0),('search_anonymous_interval','0',0),('search_type','fulltext_native',0),('search_store_results','1800',0),('secure_allow_deny','1',0),('secure_allow_empty_referer','1',0),('secure_downloads','0',0),('server_name','buscobici.com',0),('server_port','80',0),('server_protocol','http://',0),('session_gc','3600',0),('session_length','3600',0),('site_desc','Foro de ciclismo: Compra/Venta, Tiendas, Noticias, MTB, Ciclismo de Carretera, Entrenamientos, ciclismo en estado puro',0),('sitename','foro.buscobici.com',0),('smilies_path','images/smilies',0),('smilies_per_page','50',0),('smtp_auth_method','PLAIN',0),('smtp_delivery','0',0),('smtp_host','',0),('smtp_password','',0),('smtp_port','25',0),('smtp_username','',0),('topics_per_page','25',0),('tpl_allow_php','0',0),('upload_icons_path','images/upload_icons',0),('upload_path','files',0),('version','3.0.11',0),('warnings_expire_days','90',0),('warnings_gc','14400',0),('cache_last_gc','1354882500',1),('cron_lock','0',1),('database_last_gc','1354302995',1),('last_queue_run','1354878399',1),('newest_user_colour','',1),('newest_user_id','64',1),('newest_username','MissSPORTxy',1),('num_files','0',1),('num_posts','26',1),('num_topics','16',1),('num_users','12',1),('rand_seed','c16f4ed2636c69cf258904dceb820760',1),('rand_seed_last_update','1354885374',1),('record_online_date','1353629633',1),('record_online_users','4',1),('search_indexing_state','',1),('search_last_gc','1354884431',1),('session_last_gc','1354882961',1),('upload_dir_size','0',1),('warnings_last_gc','1354879931',1),('board_startdate','1353055815',0),('default_lang','es',0),('questionnaire_unique_id','8f9a8572a1ce3061',0);
/*!40000 ALTER TABLE `phpbb_config` ENABLE KEYS */;
UNLOCK TABLES;

--
-- Table structure for table `phpbb_confirm`
--

DROP TABLE IF EXISTS `phpbb_confirm`;
CREATE TABLE `phpbb_confirm` (
  `confirm_id` char(32) collate utf8_bin NOT NULL default '',
  `session_id` char(32) collate utf8_bin NOT NULL default '',
  `confirm_type` tinyint(3) NOT NULL default '0',
  `code` varchar(8) collate utf8_bin NOT NULL default '',
  `seed` int(10) unsigned NOT NULL default '0',
  `attempts` mediumint(8) unsigned NOT NULL default '0',
  PRIMARY KEY  (`session_id`,`confirm_id`),
  KEY `confirm_type` (`confirm_type`)
) ENGINE=MyISAM DEFAULT CHARSET=utf8 COLLATE=utf8_bin;

--
-- Dumping data for table `phpbb_confirm`
--

LOCK TABLES `phpbb_confirm` WRITE;
/*!40000 ALTER TABLE `phpbb_confirm` DISABLE KEYS */;
INSERT INTO `phpbb_confirm` VALUES ('ab3d9b6676f019e9de8b4f097a34142c','7b3f8c39baaa29cc5e59c42ce39387de',3,'4RH7Q9',1337077424,0),('7f43e35f9428c93125d86f18cd80a937','c4d11be3aab6bcf197dcd1e2ba26d826',3,'6HAJ9',970569089,0),('f0263018215c09cfcec1638d7c447d73','343cd8f70dc74d65667ae42779d715aa',3,'76Q5',226988559,0),('6c8430c1ff59591c42acd956802182ba','ebc5710bb57b110110d4fc39796f3d10',3,'1URH',830664915,0),('46560e8e66129e810ab63212a5183344','8e712fe337ab687737cc0f44c0a4c550',3,'5D74',2053696388,0),('c7bc68ad13cfdca7054344e82e8ef00b','323d9afa638e0a12ebc8f194c56e6331',3,'2Z57VNV',1567069536,0),('eb946b30b6a00e4a7ada94897456044c','e7bac5038d17f647f9e184ec89d43813',1,'6Z35U',1858968284,0),('08361a3ed76a5d5fe34b0bbabad14be1','0b7234265b1a02b75253632fba1243d1',3,'65MFV',1521458714,0);
/*!40000 ALTER TABLE `phpbb_confirm` ENABLE KEYS */;
UNLOCK TABLES;

--
-- Table structure for table `phpbb_disallow`
--

DROP TABLE IF EXISTS `phpbb_disallow`;
CREATE TABLE `phpbb_disallow` (
  `disallow_id` mediumint(8) unsigned NOT NULL auto_increment,
  `disallow_username` varchar(255) collate utf8_bin NOT NULL default '',
  PRIMARY KEY  (`disallow_id`)
) ENGINE=MyISAM DEFAULT CHARSET=utf8 COLLATE=utf8_bin;

--
-- Dumping data for table `phpbb_disallow`
--

LOCK TABLES `phpbb_disallow` WRITE;
/*!40000 ALTER TABLE `phpbb_disallow` DISABLE KEYS */;
/*!40000 ALTER TABLE `phpbb_disallow` ENABLE KEYS */;
UNLOCK TABLES;

--
-- Table structure for table `phpbb_drafts`
--

DROP TABLE IF EXISTS `phpbb_drafts`;
CREATE TABLE `phpbb_drafts` (
  `draft_id` mediumint(8) unsigned NOT NULL auto_increment,
  `user_id` mediumint(8) unsigned NOT NULL default '0',
  `topic_id` mediumint(8) unsigned NOT NULL default '0',
  `forum_id` mediumint(8) unsigned NOT NULL default '0',
  `save_time` int(11) unsigned NOT NULL default '0',
  `draft_subject` varchar(255) collate utf8_bin NOT NULL default '',
  `draft_message` mediumtext collate utf8_bin NOT NULL,
  PRIMARY KEY  (`draft_id`),
  KEY `save_time` (`save_time`)
) ENGINE=MyISAM DEFAULT CHARSET=utf8 COLLATE=utf8_bin;

--
-- Dumping data for table `phpbb_drafts`
--

LOCK TABLES `phpbb_drafts` WRITE;
/*!40000 ALTER TABLE `phpbb_drafts` DISABLE KEYS */;
/*!40000 ALTER TABLE `phpbb_drafts` ENABLE KEYS */;
UNLOCK TABLES;

--
-- Table structure for table `phpbb_extension_groups`
--

DROP TABLE IF EXISTS `phpbb_extension_groups`;
CREATE TABLE `phpbb_extension_groups` (
  `group_id` mediumint(8) unsigned NOT NULL auto_increment,
  `group_name` varchar(255) collate utf8_bin NOT NULL default '',
  `cat_id` tinyint(2) NOT NULL default '0',
  `allow_group` tinyint(1) unsigned NOT NULL default '0',
  `download_mode` tinyint(1) unsigned NOT NULL default '1',
  `upload_icon` varchar(255) collate utf8_bin NOT NULL default '',
  `max_filesize` int(20) unsigned NOT NULL default '0',
  `allowed_forums` text collate utf8_bin NOT NULL,
  `allow_in_pm` tinyint(1) unsigned NOT NULL default '0',
  PRIMARY KEY  (`group_id`)
) ENGINE=MyISAM AUTO_INCREMENT=10 DEFAULT CHARSET=utf8 COLLATE=utf8_bin;

--
-- Dumping data for table `phpbb_extension_groups`
--

LOCK TABLES `phpbb_extension_groups` WRITE;
/*!40000 ALTER TABLE `phpbb_extension_groups` DISABLE KEYS */;
INSERT INTO `phpbb_extension_groups` VALUES (1,'IMAGES',1,1,1,'',0,'',0),(2,'ARCHIVES',0,1,1,'',0,'',0),(3,'PLAIN_TEXT',0,0,1,'',0,'',0),(4,'DOCUMENTS',0,0,1,'',0,'',0),(5,'REAL_MEDIA',3,0,1,'',0,'',0),(6,'WINDOWS_MEDIA',2,0,1,'',0,'',0),(7,'FLASH_FILES',5,0,1,'',0,'',0),(8,'QUICKTIME_MEDIA',6,0,1,'',0,'',0),(9,'DOWNLOADABLE_FILES',0,0,1,'',0,'',0);
/*!40000 ALTER TABLE `phpbb_extension_groups` ENABLE KEYS */;
UNLOCK TABLES;

--
-- Table structure for table `phpbb_extensions`
--

DROP TABLE IF EXISTS `phpbb_extensions`;
CREATE TABLE `phpbb_extensions` (
  `extension_id` mediumint(8) unsigned NOT NULL auto_increment,
  `group_id` mediumint(8) unsigned NOT NULL default '0',
  `extension` varchar(100) collate utf8_bin NOT NULL default '',
  PRIMARY KEY  (`extension_id`)
) ENGINE=MyISAM AUTO_INCREMENT=67 DEFAULT CHARSET=utf8 COLLATE=utf8_bin;

--
-- Dumping data for table `phpbb_extensions`
--

LOCK TABLES `phpbb_extensions` WRITE;
/*!40000 ALTER TABLE `phpbb_extensions` DISABLE KEYS */;
INSERT INTO `phpbb_extensions` VALUES (1,1,'gif'),(2,1,'png'),(3,1,'jpeg'),(4,1,'jpg'),(5,1,'tif'),(6,1,'tiff'),(7,1,'tga'),(8,2,'gtar'),(9,2,'gz'),(10,2,'tar'),(11,2,'zip'),(12,2,'rar'),(13,2,'ace'),(14,2,'torrent'),(15,2,'tgz'),(16,2,'bz2'),(17,2,'7z'),(18,3,'txt'),(19,3,'c'),(20,3,'h'),(21,3,'cpp'),(22,3,'hpp'),(23,3,'diz'),(24,3,'csv'),(25,3,'ini'),(26,3,'log'),(27,3,'js'),(28,3,'xml'),(29,4,'xls'),(30,4,'xlsx'),(31,4,'xlsm'),(32,4,'xlsb'),(33,4,'doc'),(34,4,'docx'),(35,4,'docm'),(36,4,'dot'),(37,4,'dotx'),(38,4,'dotm'),(39,4,'pdf'),(40,4,'ai'),(41,4,'ps'),(42,4,'ppt'),(43,4,'pptx'),(44,4,'pptm'),(45,4,'odg'),(46,4,'odp'),(47,4,'ods'),(48,4,'odt'),(49,4,'rtf'),(50,5,'rm'),(51,5,'ram'),(52,6,'wma'),(53,6,'wmv'),(54,7,'swf'),(55,8,'mov'),(56,8,'m4v'),(57,8,'m4a'),(58,8,'mp4'),(59,8,'3gp'),(60,8,'3g2'),(61,8,'qt'),(62,9,'mpeg'),(63,9,'mpg'),(64,9,'mp3'),(65,9,'ogg'),(66,9,'ogm');
/*!40000 ALTER TABLE `phpbb_extensions` ENABLE KEYS */;
UNLOCK TABLES;

--
-- Table structure for table `phpbb_forums`
--

DROP TABLE IF EXISTS `phpbb_forums`;
CREATE TABLE `phpbb_forums` (
  `forum_id` mediumint(8) unsigned NOT NULL auto_increment,
  `parent_id` mediumint(8) unsigned NOT NULL default '0',
  `left_id` mediumint(8) unsigned NOT NULL default '0',
  `right_id` mediumint(8) unsigned NOT NULL default '0',
  `forum_parents` mediumtext collate utf8_bin NOT NULL,
  `forum_name` varchar(255) collate utf8_bin NOT NULL default '',
  `forum_desc` text collate utf8_bin NOT NULL,
  `forum_desc_bitfield` varchar(255) collate utf8_bin NOT NULL default '',
  `forum_desc_options` int(11) unsigned NOT NULL default '7',
  `forum_desc_uid` varchar(8) collate utf8_bin NOT NULL default '',
  `forum_link` varchar(255) collate utf8_bin NOT NULL default '',
  `forum_password` varchar(40) collate utf8_bin NOT NULL default '',
  `forum_style` mediumint(8) unsigned NOT NULL default '0',
  `forum_image` varchar(255) collate utf8_bin NOT NULL default '',
  `forum_rules` text collate utf8_bin NOT NULL,
  `forum_rules_link` varchar(255) collate utf8_bin NOT NULL default '',
  `forum_rules_bitfield` varchar(255) collate utf8_bin NOT NULL default '',
  `forum_rules_options` int(11) unsigned NOT NULL default '7',
  `forum_rules_uid` varchar(8) collate utf8_bin NOT NULL default '',
  `forum_topics_per_page` tinyint(4) NOT NULL default '0',
  `forum_type` tinyint(4) NOT NULL default '0',
  `forum_status` tinyint(4) NOT NULL default '0',
  `forum_posts` mediumint(8) unsigned NOT NULL default '0',
  `forum_topics` mediumint(8) unsigned NOT NULL default '0',
  `forum_topics_real` mediumint(8) unsigned NOT NULL default '0',
  `forum_last_post_id` mediumint(8) unsigned NOT NULL default '0',
  `forum_last_poster_id` mediumint(8) unsigned NOT NULL default '0',
  `forum_last_post_subject` varchar(255) collate utf8_bin NOT NULL default '',
  `forum_last_post_time` int(11) unsigned NOT NULL default '0',
  `forum_last_poster_name` varchar(255) collate utf8_bin NOT NULL default '',
  `forum_last_poster_colour` varchar(6) collate utf8_bin NOT NULL default '',
  `forum_flags` tinyint(4) NOT NULL default '32',
  `forum_options` int(20) unsigned NOT NULL default '0',
  `display_subforum_list` tinyint(1) unsigned NOT NULL default '1',
  `display_on_index` tinyint(1) unsigned NOT NULL default '1',
  `enable_indexing` tinyint(1) unsigned NOT NULL default '1',
  `enable_icons` tinyint(1) unsigned NOT NULL default '1',
  `enable_prune` tinyint(1) unsigned NOT NULL default '0',
  `prune_next` int(11) unsigned NOT NULL default '0',
  `prune_days` mediumint(8) unsigned NOT NULL default '0',
  `prune_viewed` mediumint(8) unsigned NOT NULL default '0',
  `prune_freq` mediumint(8) unsigned NOT NULL default '0',
  PRIMARY KEY  (`forum_id`),
  KEY `left_right_id` (`left_id`,`right_id`),
  KEY `forum_lastpost_id` (`forum_last_post_id`)
) ENGINE=MyISAM AUTO_INCREMENT=104 DEFAULT CHARSET=utf8 COLLATE=utf8_bin;

--
-- Dumping data for table `phpbb_forums`
--

LOCK TABLES `phpbb_forums` WRITE;
/*!40000 ALTER TABLE `phpbb_forums` DISABLE KEYS */;
INSERT INTO `phpbb_forums` VALUES (1,0,1,10,'','General','Foro General','',7,'','','',0,'','','','',7,'',0,0,0,0,0,0,0,0,'',0,'','',32,0,1,1,1,1,0,0,0,0,0),(2,1,6,7,'a:1:{i:1;a:2:{i:0;s:7:\"General\";i:1;i:0;}}','Presentación nuevo usuario','¿Eres un nuevo usuario del foro? Preséntate aquí ....','',7,'','','',0,'','','','',7,'',0,1,0,6,2,2,35,60,'Re: presentacion',1354050849,'aerotec','',48,0,1,1,1,1,0,0,0,0,0),(12,0,21,30,'','Tiendas/Comercial','Zona para anuncios de tiendas: ofertas, anuncios comerciales y no comerciales, etc.','',7,'','','',0,'','','','',7,'',0,0,0,0,0,0,0,0,'',0,'','',32,0,1,0,1,0,0,0,7,7,1),(7,0,11,20,'','Compra/Venta/2ª mano','¿Vendes? ¿Compras? ¿Buscas recomendación de compra y no sabes dónde acudir? Este es tu foro.','',7,'','','',0,'','','','',7,'',0,0,0,0,0,0,0,0,'',0,'','',32,0,1,0,1,0,0,0,7,7,1),(6,0,65,76,'','Entrenamiento/Nutrición','¡Sin ninguna garantía médica! Sólo basado en experiencias de usuarios, consejos sobre: \n- Entrenamiento\n- Calentamiento/Relajación\n- Nutrición\netc.','',7,'','','',0,'','','','',7,'',0,0,0,0,0,0,0,0,'',0,'','',32,0,1,0,1,0,0,0,7,7,1),(8,0,137,172,'','Quedadas','Tu zona de quedadas. Ordenadas por comunidad autónoma.','',7,'','','',0,'','','','',7,'',0,0,0,0,0,0,0,0,'',0,'','',32,0,1,0,1,0,0,0,7,7,1),(10,0,31,42,'','Mundo Web','¿Tienes una web sobre ciclismo y quieres compartirla? ¿Un buscador quizás? ¿O lo tuyo son los bloggs?\nHáblanos aquí sobre tu proyecto.','',7,'','','',0,'','','','',7,'',0,0,0,0,0,0,0,0,'',0,'','',32,0,1,0,1,0,0,0,7,7,1),(11,0,173,182,'','Hazte oir','¿Tienes alguna sugerencia que hacer en el foro o en la Web?\n¡Háznosla llegar!','',7,'','','',0,'','','','',7,'',0,0,0,0,0,0,0,0,'',0,'','',32,0,1,0,1,0,0,0,7,7,1),(13,12,22,23,'a:1:{i:12;a:2:{i:0;s:17:\"Tiendas/Comercial\";i:1;i:0;}}','Presentación tienda','¿Tienes una tienda? Háblanos de ella:\n- ¿Es una tienda física? ¿Dónde está situada?\n- ¿Vende on-line? ¿Cuál es su URL?\n- ¿Qué oferta de modelos tiene?\n- ¿De de qué tipo (MTB/CARRETERA/BMX...)?','',7,'','','',0,'','','','',7,'',0,1,0,2,2,2,33,60,'AEROTEC,bicis personalizadas',1353868919,'aerotec','',48,0,1,0,1,0,0,0,7,7,1),(14,0,77,88,'','MTB','Todo sobre el mundo del Mountain Bike.\n- Bicicletas\n- Componentes\n- Modalidades\n- etc.','',7,'','','',0,'','','','',7,'',0,0,0,0,0,0,0,0,'',0,'','',32,0,1,0,1,0,0,0,7,7,1),(15,14,78,79,'','Bicicletas','','',7,'','','',0,'','','','',7,'',0,1,0,0,0,0,0,0,'',0,'','',48,0,1,0,1,0,0,0,7,7,1),(16,14,86,87,'','Modalidades','','',7,'','','',0,'','','','',7,'',0,1,0,0,0,0,0,0,'',0,'','',48,0,1,0,1,0,0,0,7,7,1),(17,14,80,81,'','Componentes','','',7,'','','',0,'','','','',7,'',0,1,0,0,0,0,0,0,'',0,'','',48,0,1,0,1,0,0,0,7,7,1),(18,14,84,85,'','Accesorios/Textil','','',7,'','','',0,'','','','',7,'',0,1,0,0,0,0,0,0,'',0,'','',48,0,1,0,1,0,0,0,7,7,1),(19,14,82,83,'','Mecánica','','',7,'','','',0,'','','','',7,'',0,1,0,0,0,0,0,0,'',0,'','',48,0,1,0,1,0,0,0,7,7,1),(20,7,12,13,'a:1:{i:7;a:2:{i:0;s:21:\"Compra/Venta/2ª mano\";i:1;i:0;}}','Recomendación compra','¿Qué bici de MTB comprarías con este presupuesto? \n¿Cuánto me valdría una bici MTB, de 2ª mano, del modelo X? \nSi buscas una recomendación de compra, ¡ este es tu foro !','',7,'','','',0,'','','','',7,'',0,1,0,7,2,2,37,61,'Re: Para empezar',1354626218,'txoko','',48,0,1,0,1,0,0,0,7,7,1),(21,7,14,15,'a:1:{i:7;a:2:{i:0;s:21:\"Compra/Venta/2ª mano\";i:1;i:0;}}','Recomendación venta','Preguntas del tipo:\n- ¿Cuánto pediríais por una Orbea Sate del 2012 con 2000 kms.?\n- Vendo horquilla Fox 32 con 400 km. ¿Cuánto pediríais?','',7,'','','',0,'','','','',7,'',0,1,0,1,1,1,39,61,'Rockrider 8.2 2012 - Recomendación venta de segunda mano',1354878661,'txoko','',48,0,1,0,1,0,0,0,7,7,1),(22,7,16,17,'a:1:{i:7;a:2:{i:0;s:21:\"Compra/Venta/2ª mano\";i:1;i:0;}}','Venta 2ª mano','¿Quieres vender algo de segunda mano? Este es tu foro. Utiliza el subforo que más se ajuste a tu venta.','',7,'','','',0,'','','','',7,'',0,1,0,0,0,0,0,0,'',0,'','',48,0,1,0,1,0,0,0,7,7,1),(23,7,18,19,'a:1:{i:7;a:2:{i:0;s:21:\"Compra/Venta/2ª mano\";i:1;i:0;}}','Compra 2ª mano','¿Quieres comprar algo de segunda mano? Este es tu foro. Utiliza el subforo que más se ajuste a tu venta.','',7,'','','',0,'','','','',7,'',0,1,0,1,1,1,41,61,'Compro bicicleta Giant xtc 1 composite 2012',1354884766,'txoko','',48,0,1,0,1,0,0,0,7,7,1),(24,10,32,33,'','Webs','Tienes una web especializada relacionada con el ciclismo, la mountain bike, etc., que no sea una tienda? Aquí puedes:\n- Hablarnos sobre ella\n- Avisar sobre actualizaciones','',7,'','','',0,'','Por favor, sólo webs que no sean de venta.\nLas relacionadas con venta se moverán al hilo apropiado dentro de la categoría &quot;Tiendas/Comercial&quot;','','',7,'',0,1,0,0,0,0,0,0,'',0,'','',48,0,1,0,1,0,0,0,7,7,1),(25,10,38,39,'','Blogs','¿Tienes un blog especializado en el mundo de la bicicleta?\nPreséntanoslo aquí ...','',7,'','','',0,'','','','',7,'',0,1,0,0,0,0,0,0,'',0,'','',48,0,1,0,1,0,0,0,7,7,1),(26,10,34,35,'','Buscadores','¿Tienes un buscador especializado? \nDesde buscobici.com te permitimos directamente hacernos competencia, mientras sea dentro de este hilo.','',7,'','','',0,'','','','',7,'',0,1,0,0,0,0,0,0,'',0,'','',48,0,1,0,1,0,0,0,7,7,1),(27,10,40,41,'','Foros','¿Tienes un foro y quieres presentarlo aquí?\nNo te banearemos por ello, a diferencia de otros ...','',7,'','','',0,'','','','',7,'',0,1,0,1,1,1,19,59,'DominguerosMTB Cantabria',1353688977,'6QLiencres','',48,0,1,0,1,0,0,0,7,7,1),(28,0,89,100,'','CARRETERA','Todo sobre el mundo del Ciclismo en Carretera.\n- Bicicletas\n- Componentes\n- Modalidades\n- etc.','',7,'','','',0,'','','','',7,'',0,0,0,0,0,0,0,0,'',0,'','',32,0,1,0,1,0,0,0,7,7,1),(30,0,101,112,'','BMX','Todo sobre el mundo de la BMX.\n- Bicicletas\n- Componentes\n- Modalidades\n- Protecciones\n- etc.','',7,'','','',0,'','','','',7,'',0,0,0,0,0,0,0,0,'',0,'','',32,0,1,0,1,0,0,0,7,7,1),(29,1,8,9,'a:1:{i:1;a:2:{i:0;s:7:\"General\";i:1;i:0;}}','Noticias','Actualidad en el mundo del ciclismo','',7,'','','',0,'','','','',7,'',0,1,0,4,4,4,40,61,'Wiggins: Mejor deportista británico del año',1354880541,'txoko','',48,0,1,0,1,0,0,0,7,7,1),(31,10,36,37,'','Redes Sociales','¿Posees alguna página en Facebook relacionada con el ciclismo?\n¿Una cuenta de Twitter quizás?\nHáblanos aquí sobre ella.','',7,'','','',0,'','','','',7,'',0,1,0,0,0,0,0,0,'',0,'','',48,0,1,0,1,0,0,0,7,7,1),(32,1,2,3,'a:1:{i:1;a:2:{i:0;s:7:\"General\";i:1;i:0;}}','Normas del foro','De lectura recomendada.','',7,'','','',0,'','','','',7,'',0,1,0,1,1,1,15,55,'Normas del foro',1353454743,'buscobici.com','AA0000',48,0,1,0,1,0,0,0,7,7,1),(33,0,113,124,'','URBAN','Todo sobre el mundo de las bicicletas urbanas.\n- Bicicletas\n- Componentes\n- Modalidades\n- Accesorios/Textil\n- etc.','',7,'','','',0,'','','','',7,'',0,0,0,0,0,0,0,0,'',0,'','',32,0,1,0,1,0,0,0,7,7,1),(34,0,125,136,'','INFANTIL','Todo sobre el mundo de la bicicleta infantil.\n- Bicicletas\n- Componentes\n- Modalidades\n- Accesorios/Textil','',7,'','','',0,'','','','',7,'',0,0,0,0,0,0,0,0,'',0,'','',32,0,1,0,1,0,0,0,7,7,1),(35,12,28,29,'a:1:{i:12;a:2:{i:0;s:17:\"Tiendas/Comercial\";i:1;i:0;}}','Anuncios - no comercial','Todos los anuncios que tengan que ver con temas no puramente comerciales.\nAnuncios del tipo: &quot;Buscamos vendedor&quot;, &quot;Abrimos este domingo&quot;, etc.','',7,'','','',0,'','','','',7,'',0,1,0,0,0,0,0,0,'',0,'','',48,0,1,0,1,0,0,0,7,7,1),(36,12,24,25,'a:1:{i:12;a:2:{i:0;s:17:\"Tiendas/Comercial\";i:1;i:0;}}','¡ Sólo Ofertas !','¿Tienes una oferta de venta en tu tienda y la quieres compartir?','',7,'','','',0,'','NOTA: SÓLO UNA OFERTA AL DÍA !\n\nIntenta especificar cuanta más información mejor:\n- TIENDA\n- DESCRIPCIÓN\n- PRECIO ACTUAL\n- PRECIO ANTERIOR\n- REBAJA (%)\n- ENLACE (si aplica)\n\nEjemplo:\n- TIENDA: Bicitienda Voladora\n- DESCRIPCIÓN: Orbea Sate 2012\n- PRECIO ACTUAL: 400 €\n- PRECIO ANTERIOR: 500 €\n- REBAJA (%): 100 € (20%)\n- ENLACE: bicitiendavoladora.es/orbea/sate.html','','',7,'',0,1,0,1,1,1,17,58,'Bielas XTR',1353660263,'ciclosnico','',48,0,1,0,1,0,0,0,7,7,1),(37,12,26,27,'a:1:{i:12;a:2:{i:0;s:17:\"Tiendas/Comercial\";i:1;i:0;}}','Anuncios - comercial','Todas aquellos anuncios que siempre quisiste &quot;spamear&quot; como tienda, y no pudiste hacer en otros foros.\n&quot;Nueva gama Orbea 2013 disponible&quot;, &quot;Cascos Catwalk 2013 disponibles&quot;, lo que se te ocurra como vendedor.\nSi es una oferta, quizás sea mejor utilizar el Foro: &quot;Sólo Ofertas ! &quot;','',7,'','','',0,'','','','',7,'',0,1,0,0,0,0,0,0,'',0,'','',48,0,1,0,1,0,0,0,7,7,1),(40,6,66,67,'','Entrenamiento - General','Todo sobre entrenamiento general','',7,'','','',0,'','','','',7,'',0,1,0,0,0,0,0,0,'',0,'','',48,0,1,0,1,0,0,0,7,7,1),(41,6,68,69,'','Entrenamiento - Potencia','Entrenamiento basado en potencia','',7,'','','',0,'','','','',7,'',0,1,0,0,0,0,0,0,'',0,'','',48,0,1,0,1,0,0,0,7,7,1),(42,6,70,71,'','Entrenamiento - Pulso','Entrenamiento basado en pulso','',7,'','','',0,'','','','',7,'',0,1,0,0,0,0,0,0,'',0,'','',48,0,1,0,1,0,0,0,7,7,1),(43,6,72,73,'','Alimentación','Comentarios sobre alimentación','',7,'','','',0,'','','','',7,'',0,1,0,0,0,0,0,0,'',0,'','',48,0,1,0,1,0,0,0,7,7,1),(45,6,74,75,'','Control de Peso','Consejos para perder peso, ganar masa muscular, etc.','',7,'','','',0,'','','','',7,'',0,1,0,0,0,0,0,0,'',0,'','',48,0,1,0,1,0,0,0,7,7,1),(46,11,176,177,'','Sugerencias a foro.buscobici.com','En este hilo puedes:\n- Sugerir categorías / hilos\n- Indicar mejoras en el foro\n- Ayúdanos a hacer que estos foros sean mejores','',7,'','','',0,'','','','',7,'',0,1,0,0,0,0,0,0,'',0,'','',48,0,1,0,1,0,0,0,7,7,1),(47,11,178,179,'','Problemas/Denuncias en foro.buscobici.com','Si tienes cualquier queja, plantéanosla. Asegúrate, antes, de haber leído y entendido las normas del foro.','',7,'','','',0,'','','','',7,'',0,1,0,0,0,0,0,0,'',0,'','',48,0,1,0,1,0,0,0,7,7,1),(52,8,138,139,'','Madrid','','',7,'','','',0,'','','','',7,'',0,1,0,0,0,0,0,0,'',0,'','',48,0,1,0,1,0,0,0,7,7,1),(56,28,96,97,'','Accesorios/Textil','','',7,'','','',0,'','','','',7,'',0,1,0,0,0,0,0,0,'',0,'','',48,0,1,0,1,0,0,0,7,7,1),(57,28,98,99,'','Modalidades','','',7,'','','',0,'','','','',7,'',0,1,0,0,0,0,0,0,'',0,'','',48,0,1,0,1,0,0,0,7,7,1),(55,28,94,95,'','Mecánica','','',7,'','','',0,'','','','',7,'',0,1,0,0,0,0,0,0,'',0,'','',48,0,1,0,1,0,0,0,7,7,1),(53,28,90,91,'','Bicicletas','','',7,'','','',0,'','','','',7,'',0,1,0,0,0,0,0,0,'',0,'','',48,0,1,0,1,0,0,0,7,7,1),(54,28,92,93,'','Componentes','','',7,'','','',0,'','','','',7,'',0,1,0,0,0,0,0,0,'',0,'','',48,0,1,0,1,0,0,0,7,7,1),(58,30,102,103,'','Bicicletas','','',7,'','','',0,'','','','',7,'',0,1,0,0,0,0,0,0,'',0,'','',48,0,1,0,1,0,0,0,7,7,1),(59,30,104,105,'','Componentes','','',7,'','','',0,'','','','',7,'',0,1,0,0,0,0,0,0,'',0,'','',48,0,1,0,1,0,0,0,7,7,1),(60,30,106,107,'','Mecánica','','',7,'','','',0,'','','','',7,'',0,1,0,0,0,0,0,0,'',0,'','',48,0,1,0,1,0,0,0,7,7,1),(61,30,108,109,'','Accesorios/Textil','','',7,'','','',0,'','','','',7,'',0,1,0,0,0,0,0,0,'',0,'','',48,0,1,0,1,0,0,0,7,7,1),(62,30,110,111,'','Modalidades','','',7,'','','',0,'','','','',7,'',0,1,0,0,0,0,0,0,'',0,'','',48,0,1,0,1,0,0,0,7,7,1),(63,33,114,115,'','Bicicletas','','',7,'','','',0,'','','','',7,'',0,1,0,0,0,0,0,0,'',0,'','',48,0,1,0,1,0,0,0,7,7,1),(64,33,116,117,'','Componentes','','',7,'','','',0,'','','','',7,'',0,1,0,0,0,0,0,0,'',0,'','',48,0,1,0,1,0,0,0,7,7,1),(65,33,118,119,'','Mecánica','','',7,'','','',0,'','','','',7,'',0,1,0,0,0,0,0,0,'',0,'','',48,0,1,0,1,0,0,0,7,7,1),(66,33,120,121,'','Accesorios/Textil','','',7,'','','',0,'','','','',7,'',0,1,0,0,0,0,0,0,'',0,'','',48,0,1,0,1,0,0,0,7,7,1),(67,33,122,123,'','Modalidades','','',7,'','','',0,'','','','',7,'',0,1,0,0,0,0,0,0,'',0,'','',48,0,1,0,1,0,0,0,7,7,1),(68,8,150,151,'','Galicia','','',7,'','','',0,'','','','',7,'',0,1,0,0,0,0,0,0,'',0,'','',48,0,1,0,1,0,0,0,7,7,1),(69,8,152,153,'','Asturias','','',7,'','','',0,'','','','',7,'',0,1,0,0,0,0,0,0,'',0,'','',48,0,1,0,1,0,0,0,7,7,1),(70,8,154,155,'','Cantabria','','',7,'','','',0,'','','','',7,'',0,1,0,0,0,0,0,0,'',0,'','',48,0,1,0,1,0,0,0,7,7,1),(71,8,144,145,'','Euskadi/País Vasco','','',7,'','','',0,'','','','',7,'',0,1,0,0,0,0,0,0,'',0,'','',48,0,1,0,1,0,0,0,7,7,1),(72,8,156,157,'','Navarra','','',7,'','','',0,'','','','',7,'',0,1,0,0,0,0,0,0,'',0,'','',48,0,1,0,1,0,0,0,7,7,1),(73,8,148,149,'','Aragón','','',7,'','','',0,'','','','',7,'',0,1,0,0,0,0,0,0,'',0,'','',48,0,1,0,1,0,0,0,7,7,1),(74,8,158,159,'','La Rioja','','',7,'','','',0,'','','','',7,'',0,1,0,0,0,0,0,0,'',0,'','',48,0,1,0,1,0,0,0,7,7,1),(75,8,142,143,'','Catalunya/Cataluña','','',7,'','','',0,'','','','',7,'',0,1,0,0,0,0,0,0,'',0,'','',48,0,1,0,1,0,0,0,7,7,1),(76,8,160,161,'','Islas Baleares','','',7,'','','',0,'','','','',7,'',0,1,0,0,0,0,0,0,'',0,'','',48,0,1,0,1,0,0,0,7,7,1),(77,8,162,163,'','Islas Canarias','','',7,'','','',0,'','','','',7,'',0,1,0,0,0,0,0,0,'',0,'','',48,0,1,0,1,0,0,0,7,7,1),(78,8,146,147,'','Valencia','','',7,'','','',0,'','','','',7,'',0,1,0,0,0,0,0,0,'',0,'','',48,0,1,0,1,0,0,0,7,7,1),(79,8,164,165,'','Murcia','','',7,'','','',0,'','','','',7,'',0,1,0,0,0,0,0,0,'',0,'','',48,0,1,0,1,0,0,0,7,7,1),(80,8,166,167,'','Extremadura','','',7,'','','',0,'','','','',7,'',0,1,0,0,0,0,0,0,'',0,'','',48,0,1,0,1,0,0,0,7,7,1),(81,8,168,169,'','Castilla La Mancha','','',7,'','','',0,'','','','',7,'',0,1,0,0,0,0,0,0,'',0,'','',48,0,1,0,1,0,0,0,7,7,1),(82,8,170,171,'','Castilla y León','','',7,'','','',0,'','','','',7,'',0,1,0,0,0,0,0,0,'',0,'','',48,0,1,0,1,0,0,0,7,7,1),(83,8,140,141,'','Andalucía','','',7,'','','',0,'','','','',7,'',0,1,0,0,0,0,0,0,'',0,'','',48,0,1,0,1,0,0,0,7,7,1),(101,93,58,59,'','URBAN','Sobre ciclismo urbano, noticias, tiendas especializadas que quieras compartir, mundo &quot;Fixie&quot;, etc.','',7,'','','',0,'','','','',7,'',0,1,0,0,0,0,0,0,'',0,'','',48,0,1,0,1,0,0,0,7,7,1),(96,93,48,49,'','Mecánica','Cambio de frenos, engrasado de cadena, ajuste de cambios, ...','',7,'','','',0,'','','','',7,'',0,1,0,0,0,0,0,0,'',0,'','',48,0,1,0,1,0,0,0,7,7,1),(97,93,50,51,'','Restauración y Pintura','Todo lo que quieras comentar sobre pintura, restauración de bicis antiguas, aerografía, etc.','',7,'','','',0,'','','','',7,'',0,1,0,0,0,0,0,0,'',0,'','',48,0,1,0,1,0,0,0,7,7,1),(98,93,54,55,'','MTB','Preguntas y respuestas concretas sobre Mountain Bike en todas sus modalidades: Cross Country, Descenso, etc.','',7,'','','',0,'','','','',7,'',0,1,0,0,0,0,0,0,'',0,'','',48,0,1,0,1,0,0,0,7,7,1),(99,93,52,53,'','Textil y Accesorios','Gafas, cascos, guantes, botas, pulsómetros, gps, protecciones ...','',7,'','','',0,'','','','',7,'',0,1,0,0,0,0,0,0,'',0,'','',48,0,1,0,1,0,0,0,7,7,1),(86,34,126,127,'','Bicicletas','','',7,'','','',0,'','','','',7,'',0,1,0,0,0,0,0,0,'',0,'','',48,0,1,0,1,0,0,0,7,7,1),(87,34,128,129,'','Componentes','','',7,'','','',0,'','','','',7,'',0,1,0,0,0,0,0,0,'',0,'','',48,0,1,0,1,0,0,0,7,7,1),(88,34,130,131,'','Mecánica','','',7,'','','',0,'','','','',7,'',0,1,0,0,0,0,0,0,'',0,'','',48,0,1,0,1,0,0,0,7,7,1),(89,34,132,133,'','Accesorios/Textil','','',7,'','','',0,'','','','',7,'',0,1,0,0,0,0,0,0,'',0,'','',48,0,1,0,1,0,0,0,7,7,1),(90,34,134,135,'','Modalidades','','',7,'','','',0,'','','','',7,'',0,1,0,0,0,0,0,0,'',0,'','',48,0,1,0,1,0,0,0,7,7,1),(92,11,180,181,'','Off-Topic','Si no encuentras el lugar en el que postear, éste es tu lugar','',7,'','','',0,'','','','',7,'',0,1,0,0,0,0,0,0,'',0,'','',48,0,1,0,1,0,0,0,7,7,1),(95,93,46,47,'','Componentes','Horquillas, bielas, potencias, tijas, desviadores ...','',7,'','','',0,'','','','',7,'',0,1,0,0,0,0,0,0,'',0,'','',48,0,1,0,1,0,0,0,7,7,1),(100,93,56,57,'','CARRETERA - PISTA','Todo sobre el ciclismo en carretera y en pista cubierta','',7,'','','',0,'','','','',7,'',0,1,0,0,0,0,0,0,'',0,'','',48,0,1,0,1,0,0,0,7,7,1),(94,93,44,45,'','Bicicletas','Todo sobre el mundo de las bicicletas: modelos nuevos que quieras comentar, discusiones sobre simple-doble, 26-29, ...','',7,'','','',0,'','','','',7,'',0,1,0,0,0,0,0,0,'',0,'','',48,0,1,0,1,0,0,0,7,7,1),(84,11,174,175,'','Sugerencias al buscador www.buscobici.com','Tus sugerencias y quejas a nuestro buscador. Puedes:\n- Informar sobre tiendas que te gustaría que estuvieran en la Base de Datos\n- Sugerir cambios en la presentación de la web\n- Avisar sobre errores que hayas detectado\n- Cualquier cosa que nos ayude a mejorar','',7,'','','',0,'','','','',7,'',0,1,0,0,0,0,0,0,'',0,'','',48,0,1,0,1,0,0,0,7,7,1),(85,1,4,5,'a:1:{i:1;a:2:{i:0;s:7:\"General\";i:1;i:0;}}','buscobici.com - Actualizaciones','Aquí publicaremos actualizaciones relativas a [url:31gyjsgq]http&#58;//www&#46;buscobici&#46;com[/url:31gyjsgq]:\n1 - en nuestro buscador (<!-- m --><a class=\"postlink\" href=\"http://www.buscobici.com\">http://www.buscobici.com</a><!-- m -->)\n2 - en los foros (<!-- m --><a class=\"postlink\" href=\"http://foro.buscobici.com\">http://foro.buscobici.com</a><!-- m -->)','EA==',7,'31gyjsgq','','',0,'','','','',7,'',0,1,0,2,1,1,38,55,'Re: buscobici.com - Actualización de Base de Datos',1354818522,'buscobici.com','AA0000',48,0,1,0,1,0,0,0,7,7,1),(102,93,60,61,'','BMX','Apartado especial para los seguidores de la BMX','',7,'','','',0,'','','','',7,'',0,1,0,0,0,0,0,0,'',0,'','',48,0,1,0,1,0,0,0,7,7,1),(103,93,62,63,'','INFANTIL','Todo sobre el ciclismo infantil. Consejos, lugares, complementos, etc.','',7,'','','',0,'','','','',7,'',0,1,0,0,0,0,0,0,'',0,'','',48,0,1,0,1,0,0,0,7,7,1),(93,0,43,64,'','Mundo Bici','Todo lo relacionado con la bicicleta:\n- Modelos de bicicleta\n- Componentes\n- Mecánica\n- Pintura\n- Modalidades (MTB, Carretera, BMX, etc.etc)','',7,'','','',0,'','','','',7,'',0,0,0,0,0,0,0,0,'',0,'','',32,0,1,0,1,0,0,0,7,7,1);
/*!40000 ALTER TABLE `phpbb_forums` ENABLE KEYS */;
UNLOCK TABLES;

--
-- Table structure for table `phpbb_forums_access`
--

DROP TABLE IF EXISTS `phpbb_forums_access`;
CREATE TABLE `phpbb_forums_access` (
  `forum_id` mediumint(8) unsigned NOT NULL default '0',
  `user_id` mediumint(8) unsigned NOT NULL default '0',
  `session_id` char(32) collate utf8_bin NOT NULL default '',
  PRIMARY KEY  (`forum_id`,`user_id`,`session_id`)
) ENGINE=MyISAM DEFAULT CHARSET=utf8 COLLATE=utf8_bin;

--
-- Dumping data for table `phpbb_forums_access`
--

LOCK TABLES `phpbb_forums_access` WRITE;
/*!40000 ALTER TABLE `phpbb_forums_access` DISABLE KEYS */;
/*!40000 ALTER TABLE `phpbb_forums_access` ENABLE KEYS */;
UNLOCK TABLES;

--
-- Table structure for table `phpbb_forums_track`
--

DROP TABLE IF EXISTS `phpbb_forums_track`;
CREATE TABLE `phpbb_forums_track` (
  `user_id` mediumint(8) unsigned NOT NULL default '0',
  `forum_id` mediumint(8) unsigned NOT NULL default '0',
  `mark_time` int(11) unsigned NOT NULL default '0',
  PRIMARY KEY  (`user_id`,`forum_id`)
) ENGINE=MyISAM DEFAULT CHARSET=utf8 COLLATE=utf8_bin;

--
-- Dumping data for table `phpbb_forums_track`
--

LOCK TABLES `phpbb_forums_track` WRITE;
/*!40000 ALTER TABLE `phpbb_forums_track` DISABLE KEYS */;
INSERT INTO `phpbb_forums_track` VALUES (2,2,1353441446),(2,32,1353360851),(55,32,1353454743),(54,32,1353527349),(54,29,1353443837),(55,29,1353364141),(54,2,1353442172),(54,24,1353442502),(58,36,1353660263),(58,13,1353661712),(55,13,1354878047),(59,24,1353689743),(59,2,1353958165),(59,70,1353689938),(60,2,1354050849),(55,24,1353844941),(55,27,1353845270),(59,27,1353847937),(55,85,1354818522),(61,20,1353859515),(55,20,1353858745),(59,20,1353958194),(60,20,1353868291),(60,13,1353868919),(62,20,1354480550),(61,21,1354878661),(61,29,1354880541),(61,23,1354884766);
/*!40000 ALTER TABLE `phpbb_forums_track` ENABLE KEYS */;
UNLOCK TABLES;

--
-- Table structure for table `phpbb_forums_watch`
--

DROP TABLE IF EXISTS `phpbb_forums_watch`;
CREATE TABLE `phpbb_forums_watch` (
  `forum_id` mediumint(8) unsigned NOT NULL default '0',
  `user_id` mediumint(8) unsigned NOT NULL default '0',
  `notify_status` tinyint(1) unsigned NOT NULL default '0',
  KEY `forum_id` (`forum_id`),
  KEY `user_id` (`user_id`),
  KEY `notify_stat` (`notify_status`)
) ENGINE=MyISAM DEFAULT CHARSET=utf8 COLLATE=utf8_bin;

--
-- Dumping data for table `phpbb_forums_watch`
--

LOCK TABLES `phpbb_forums_watch` WRITE;
/*!40000 ALTER TABLE `phpbb_forums_watch` DISABLE KEYS */;
/*!40000 ALTER TABLE `phpbb_forums_watch` ENABLE KEYS */;
UNLOCK TABLES;

--
-- Table structure for table `phpbb_groups`
--

DROP TABLE IF EXISTS `phpbb_groups`;
CREATE TABLE `phpbb_groups` (
  `group_id` mediumint(8) unsigned NOT NULL auto_increment,
  `group_type` tinyint(4) NOT NULL default '1',
  `group_founder_manage` tinyint(1) unsigned NOT NULL default '0',
  `group_skip_auth` tinyint(1) unsigned NOT NULL default '0',
  `group_name` varchar(255) collate utf8_bin NOT NULL default '',
  `group_desc` text collate utf8_bin NOT NULL,
  `group_desc_bitfield` varchar(255) collate utf8_bin NOT NULL default '',
  `group_desc_options` int(11) unsigned NOT NULL default '7',
  `group_desc_uid` varchar(8) collate utf8_bin NOT NULL default '',
  `group_display` tinyint(1) unsigned NOT NULL default '0',
  `group_avatar` varchar(255) collate utf8_bin NOT NULL default '',
  `group_avatar_type` tinyint(2) NOT NULL default '0',
  `group_avatar_width` smallint(4) unsigned NOT NULL default '0',
  `group_avatar_height` smallint(4) unsigned NOT NULL default '0',
  `group_rank` mediumint(8) unsigned NOT NULL default '0',
  `group_colour` varchar(6) collate utf8_bin NOT NULL default '',
  `group_sig_chars` mediumint(8) unsigned NOT NULL default '0',
  `group_receive_pm` tinyint(1) unsigned NOT NULL default '0',
  `group_message_limit` mediumint(8) unsigned NOT NULL default '0',
  `group_max_recipients` mediumint(8) unsigned NOT NULL default '0',
  `group_legend` tinyint(1) unsigned NOT NULL default '1',
  PRIMARY KEY  (`group_id`),
  KEY `group_legend_name` (`group_legend`,`group_name`)
) ENGINE=MyISAM AUTO_INCREMENT=8 DEFAULT CHARSET=utf8 COLLATE=utf8_bin;

--
-- Dumping data for table `phpbb_groups`
--

LOCK TABLES `phpbb_groups` WRITE;
/*!40000 ALTER TABLE `phpbb_groups` DISABLE KEYS */;
INSERT INTO `phpbb_groups` VALUES (1,3,0,0,'GUESTS','','',7,'',0,'',0,0,0,0,'',0,0,0,5,0),(2,3,0,0,'REGISTERED','','',7,'',0,'',0,0,0,0,'',0,0,0,5,0),(3,3,0,0,'REGISTERED_COPPA','','',7,'',0,'',0,0,0,0,'',0,0,0,5,0),(4,3,0,0,'GLOBAL_MODERATORS','','',7,'',0,'',0,0,0,0,'00AA00',0,0,0,0,1),(5,3,1,0,'ADMINISTRATORS','','',7,'',0,'',0,0,0,0,'AA0000',0,0,0,0,1),(6,3,0,0,'BOTS','','',7,'',0,'',0,0,0,0,'9E8DA7',0,0,0,5,0),(7,3,0,0,'NEWLY_REGISTERED','','',7,'',0,'',0,0,0,0,'',0,0,0,5,0);
/*!40000 ALTER TABLE `phpbb_groups` ENABLE KEYS */;
UNLOCK TABLES;

--
-- Table structure for table `phpbb_icons`
--

DROP TABLE IF EXISTS `phpbb_icons`;
CREATE TABLE `phpbb_icons` (
  `icons_id` mediumint(8) unsigned NOT NULL auto_increment,
  `icons_url` varchar(255) collate utf8_bin NOT NULL default '',
  `icons_width` tinyint(4) NOT NULL default '0',
  `icons_height` tinyint(4) NOT NULL default '0',
  `icons_order` mediumint(8) unsigned NOT NULL default '0',
  `display_on_posting` tinyint(1) unsigned NOT NULL default '1',
  PRIMARY KEY  (`icons_id`),
  KEY `display_on_posting` (`display_on_posting`)
) ENGINE=MyISAM AUTO_INCREMENT=11 DEFAULT CHARSET=utf8 COLLATE=utf8_bin;

--
-- Dumping data for table `phpbb_icons`
--

LOCK TABLES `phpbb_icons` WRITE;
/*!40000 ALTER TABLE `phpbb_icons` DISABLE KEYS */;
INSERT INTO `phpbb_icons` VALUES (1,'misc/fire.gif',16,16,1,1),(2,'smile/redface.gif',16,16,9,1),(3,'smile/mrgreen.gif',16,16,10,1),(4,'misc/heart.gif',16,16,4,1),(5,'misc/star.gif',16,16,2,1),(6,'misc/radioactive.gif',16,16,3,1),(7,'misc/thinking.gif',16,16,5,1),(8,'smile/info.gif',16,16,8,1),(9,'smile/question.gif',16,16,6,1),(10,'smile/alert.gif',16,16,7,1);
/*!40000 ALTER TABLE `phpbb_icons` ENABLE KEYS */;
UNLOCK TABLES;

--
-- Table structure for table `phpbb_lang`
--

DROP TABLE IF EXISTS `phpbb_lang`;
CREATE TABLE `phpbb_lang` (
  `lang_id` tinyint(4) NOT NULL auto_increment,
  `lang_iso` varchar(30) collate utf8_bin NOT NULL default '',
  `lang_dir` varchar(30) collate utf8_bin NOT NULL default '',
  `lang_english_name` varchar(100) collate utf8_bin NOT NULL default '',
  `lang_local_name` varchar(255) collate utf8_bin NOT NULL default '',
  `lang_author` varchar(255) collate utf8_bin NOT NULL default '',
  PRIMARY KEY  (`lang_id`),
  KEY `lang_iso` (`lang_iso`)
) ENGINE=MyISAM AUTO_INCREMENT=3 DEFAULT CHARSET=utf8 COLLATE=utf8_bin;

--
-- Dumping data for table `phpbb_lang`
--

LOCK TABLES `phpbb_lang` WRITE;
/*!40000 ALTER TABLE `phpbb_lang` DISABLE KEYS */;
INSERT INTO `phpbb_lang` VALUES (1,'en','en','British English','British English','phpBB Group'),(2,'es','es','Spanish (Formal Honorifics)','Español (Usted)','HuanManwe');
/*!40000 ALTER TABLE `phpbb_lang` ENABLE KEYS */;
UNLOCK TABLES;

--
-- Table structure for table `phpbb_log`
--

DROP TABLE IF EXISTS `phpbb_log`;
CREATE TABLE `phpbb_log` (
  `log_id` mediumint(8) unsigned NOT NULL auto_increment,
  `log_type` tinyint(4) NOT NULL default '0',
  `user_id` mediumint(8) unsigned NOT NULL default '0',
  `forum_id` mediumint(8) unsigned NOT NULL default '0',
  `topic_id` mediumint(8) unsigned NOT NULL default '0',
  `reportee_id` mediumint(8) unsigned NOT NULL default '0',
  `log_ip` varchar(40) collate utf8_bin NOT NULL default '',
  `log_time` int(11) unsigned NOT NULL default '0',
  `log_operation` text collate utf8_bin NOT NULL,
  `log_data` mediumtext collate utf8_bin NOT NULL,
  PRIMARY KEY  (`log_id`),
  KEY `log_type` (`log_type`),
  KEY `forum_id` (`forum_id`),
  KEY `topic_id` (`topic_id`),
  KEY `reportee_id` (`reportee_id`),
  KEY `user_id` (`user_id`)
) ENGINE=MyISAM AUTO_INCREMENT=1419 DEFAULT CHARSET=utf8 COLLATE=utf8_bin;

--
-- Dumping data for table `phpbb_log`
--

LOCK TABLES `phpbb_log` WRITE;
/*!40000 ALTER TABLE `phpbb_log` DISABLE KEYS */;
INSERT INTO `phpbb_log` VALUES (1,0,2,0,0,0,'82.159.104.78',1353055824,'LOG_INSTALL_INSTALLED','a:1:{i:0;s:6:\"3.0.11\";}'),(2,0,2,0,0,0,'82.159.104.78',1353055938,'LOG_FORUM_ADD','a:1:{i:0;s:19:\"This is a new forum\";}'),(3,0,2,0,0,0,'82.159.104.78',1353055938,'LOG_FORUM_COPIED_PERMISSIONS','a:2:{i:0;s:16:\"Your first forum\";i:1;s:19:\"This is a new forum\";}'),(4,0,2,0,0,0,'82.159.104.78',1353056699,'LOG_ADMIN_AUTH_SUCCESS',''),(5,0,2,0,0,0,'82.159.104.78',1353058140,'LOG_LANGUAGE_PACK_INSTALLED','a:1:{i:0;s:27:\"Spanish (Formal Honorifics)\";}'),(6,0,2,0,0,0,'82.159.104.78',1353059477,'LOG_CONFIG_SETTINGS',''),(7,0,1,0,0,0,'82.159.104.78',1353060141,'LOG_IMAGESET_LANG_MISSING','a:2:{i:0;s:9:\"prosilver\";i:1;s:2:\"es\";}'),(8,0,1,0,0,0,'82.159.104.78',1353060151,'LOG_IMAGESET_LANG_MISSING','a:2:{i:0;s:9:\"prosilver\";i:1;s:2:\"es\";}'),(9,0,1,0,0,0,'82.159.104.78',1353060159,'LOG_IMAGESET_LANG_MISSING','a:2:{i:0;s:9:\"prosilver\";i:1;s:2:\"es\";}'),(10,0,2,0,0,0,'82.159.104.78',1353060172,'LOG_ADMIN_AUTH_SUCCESS',''),(11,0,2,0,0,0,'82.159.104.78',1353061453,'LOG_FORUM_EDIT','a:1:{i:0;s:7:\"General\";}'),(12,0,2,0,0,0,'82.159.104.78',1353064115,'LOG_FORUM_ADD','a:1:{i:0;s:3:\"MTB\";}'),(13,0,2,0,0,0,'82.159.104.78',1353064126,'LOG_FORUM_MOVE_UP','a:2:{i:0;s:3:\"MTB\";i:1;s:7:\"General\";}'),(14,0,1,0,0,0,'82.159.104.78',1353064363,'LOG_IMAGESET_LANG_MISSING','a:2:{i:0;s:9:\"prosilver\";i:1;s:2:\"es\";}'),(15,0,1,0,0,0,'82.159.104.78',1353064373,'LOG_IMAGESET_LANG_MISSING','a:2:{i:0;s:9:\"prosilver\";i:1;s:2:\"es\";}'),(16,0,1,0,0,0,'82.159.104.78',1353064373,'LOG_IMAGESET_LANG_MISSING','a:2:{i:0;s:9:\"prosilver\";i:1;s:2:\"es\";}'),(17,0,1,0,0,0,'82.159.104.78',1353064376,'LOG_IMAGESET_LANG_MISSING','a:2:{i:0;s:9:\"prosilver\";i:1;s:2:\"es\";}'),(18,0,1,0,0,0,'82.159.104.78',1353064467,'LOG_IMAGESET_LANG_MISSING','a:2:{i:0;s:9:\"prosilver\";i:1;s:2:\"es\";}'),(19,0,1,0,0,0,'82.159.104.78',1353064482,'LOG_IMAGESET_LANG_MISSING','a:2:{i:0;s:9:\"prosilver\";i:1;s:2:\"es\";}'),(20,0,2,0,0,0,'82.159.104.78',1353065439,'LOG_ADMIN_AUTH_SUCCESS',''),(21,0,1,0,0,0,'82.159.104.78',1353073841,'LOG_IMAGESET_LANG_MISSING','a:2:{i:0;s:9:\"prosilver\";i:1;s:2:\"es\";}'),(22,0,1,0,0,0,'82.159.104.78',1353073846,'LOG_IMAGESET_LANG_MISSING','a:2:{i:0;s:9:\"prosilver\";i:1;s:2:\"es\";}'),(23,0,1,0,0,0,'82.159.104.78',1353073854,'LOG_IMAGESET_LANG_MISSING','a:2:{i:0;s:9:\"prosilver\";i:1;s:2:\"es\";}'),(24,0,2,0,0,0,'82.159.104.78',1353073875,'LOG_ADMIN_AUTH_SUCCESS',''),(25,0,1,0,0,0,'193.147.77.20',1353077949,'LOG_IMAGESET_LANG_MISSING','a:2:{i:0;s:9:\"prosilver\";i:1;s:2:\"es\";}'),(26,0,1,0,0,0,'193.147.77.20',1353077959,'LOG_IMAGESET_LANG_MISSING','a:2:{i:0;s:9:\"prosilver\";i:1;s:2:\"es\";}'),(27,0,1,0,0,0,'193.147.77.20',1353077975,'LOG_IMAGESET_LANG_MISSING','a:2:{i:0;s:9:\"prosilver\";i:1;s:2:\"es\";}'),(28,0,1,0,0,0,'82.159.104.78',1353098301,'LOG_IMAGESET_LANG_MISSING','a:2:{i:0;s:9:\"prosilver\";i:1;s:2:\"es\";}'),(29,0,1,0,0,0,'82.159.104.78',1353098306,'LOG_IMAGESET_LANG_MISSING','a:2:{i:0;s:9:\"prosilver\";i:1;s:2:\"es\";}'),(30,0,1,0,0,0,'82.159.104.78',1353098313,'LOG_IMAGESET_LANG_MISSING','a:2:{i:0;s:9:\"prosilver\";i:1;s:2:\"es\";}'),(31,0,2,0,0,0,'82.159.104.78',1353098323,'LOG_ADMIN_AUTH_SUCCESS',''),(32,0,2,0,0,0,'82.159.104.78',1353098552,'LOG_FORUM_DEL_FORUM','a:1:{i:0;s:3:\"MTB\";}'),(33,0,2,0,0,0,'82.159.104.78',1353098579,'LOG_FORUM_ADD','a:1:{i:0;s:26:\"Compra / Venta / Comercial\";}'),(34,0,2,0,0,0,'82.159.104.78',1353098943,'LOG_FORUM_ADD','a:1:{i:0;s:27:\"Entrenamiento/Alimentación\";}'),(35,0,2,0,0,0,'82.159.104.78',1353098961,'LOG_FORUM_DEL_FORUM','a:1:{i:0;s:26:\"Compra / Venta / Comercial\";}'),(36,0,2,0,0,0,'82.159.104.78',1353098980,'LOG_FORUM_ADD','a:1:{i:0;s:24:\"Compra/Venta - Comercial\";}'),(37,0,2,0,0,0,'82.159.104.78',1353099168,'LOG_FORUM_ADD','a:1:{i:0;s:8:\"Quedadas\";}'),(38,0,2,0,0,0,'82.159.104.78',1353099179,'LOG_FORUM_MOVE_UP','a:2:{i:0;s:24:\"Compra/Venta - Comercial\";i:1;s:27:\"Entrenamiento/Alimentación\";}'),(39,0,2,0,0,0,'82.159.104.78',1353099453,'LOG_FORUM_ADD','a:1:{i:0;s:10:\"Webs/Blogs\";}'),(40,0,2,0,0,0,'82.159.104.78',1353099666,'LOG_FORUM_DEL_POSTS','a:1:{i:0;s:10:\"Webs/Blogs\";}'),(41,0,2,0,0,0,'82.159.104.78',1353099687,'LOG_FORUM_ADD','a:1:{i:0;s:3:\"Web\";}'),(42,0,2,0,0,0,'82.159.104.78',1353099882,'LOG_FORUM_ADD','a:1:{i:0;s:9:\"Hazte oir\";}'),(43,0,2,0,0,0,'82.159.104.78',1353099912,'LOG_FORUM_EDIT','a:1:{i:0;s:24:\"Compra/Venta - Comercial\";}'),(44,0,2,0,0,0,'82.159.104.78',1353099940,'LOG_FORUM_EDIT','a:1:{i:0;s:9:\"Mundo Web\";}'),(45,0,2,0,0,0,'82.159.104.78',1353099960,'LOG_FORUM_EDIT','a:1:{i:0;s:12:\"Compra/Venta\";}'),(46,0,2,0,0,0,'82.159.104.78',1353099991,'LOG_FORUM_EDIT','a:1:{i:0;s:8:\"Quedadas\";}'),(47,0,2,0,0,0,'82.159.104.78',1353099998,'LOG_FORUM_MOVE_UP','a:2:{i:0;s:9:\"Mundo Web\";i:1;s:8:\"Quedadas\";}'),(48,0,2,0,0,0,'82.159.104.78',1353100000,'LOG_FORUM_MOVE_UP','a:2:{i:0;s:9:\"Mundo Web\";i:1;s:27:\"Entrenamiento/Alimentación\";}'),(49,0,2,0,0,0,'82.159.104.78',1353100012,'LOG_FORUM_EDIT','a:1:{i:0;s:9:\"Mundo Web\";}'),(50,0,2,0,0,0,'82.159.104.78',1353100064,'LOG_FORUM_ADD','a:1:{i:0;s:9:\"Comercial\";}'),(51,0,2,0,0,0,'82.159.104.78',1353100183,'LOG_FORUM_MOVE_UP','a:2:{i:0;s:9:\"Comercial\";i:1;s:9:\"Hazte oir\";}'),(52,0,2,0,0,0,'82.159.104.78',1353100184,'LOG_FORUM_MOVE_UP','a:2:{i:0;s:9:\"Hazte oir\";i:1;s:9:\"Comercial\";}'),(53,0,2,0,0,0,'82.159.104.78',1353100186,'LOG_FORUM_MOVE_UP','a:2:{i:0;s:9:\"Hazte oir\";i:1;s:8:\"Quedadas\";}'),(54,0,2,0,0,0,'82.159.104.78',1353100187,'LOG_FORUM_MOVE_DOWN','a:2:{i:0;s:9:\"Hazte oir\";i:1;s:8:\"Quedadas\";}'),(55,0,2,0,0,0,'82.159.104.78',1353100189,'LOG_FORUM_MOVE_DOWN','a:2:{i:0;s:9:\"Hazte oir\";i:1;s:9:\"Comercial\";}'),(56,0,2,0,0,0,'82.159.104.78',1353100191,'LOG_FORUM_MOVE_UP','a:2:{i:0;s:9:\"Comercial\";i:1;s:8:\"Quedadas\";}'),(57,0,2,0,0,0,'82.159.104.78',1353100192,'LOG_FORUM_MOVE_UP','a:2:{i:0;s:9:\"Comercial\";i:1;s:27:\"Entrenamiento/Alimentación\";}'),(58,0,2,0,0,0,'82.159.104.78',1353100195,'LOG_FORUM_MOVE_UP','a:2:{i:0;s:9:\"Comercial\";i:1;s:9:\"Mundo Web\";}'),(59,0,2,0,0,0,'82.159.104.78',1353100275,'LOG_FORUM_EDIT','a:1:{i:0;s:9:\"Hazte oir\";}'),(60,0,2,0,0,0,'82.159.104.78',1353100710,'LOG_FORUM_ADD','a:1:{i:0;s:18:\"Venta de biciletas\";}'),(61,0,2,0,0,0,'82.159.104.78',1353100710,'LOG_FORUM_COPIED_PERMISSIONS','a:2:{i:0;s:9:\"Comercial\";i:1;s:18:\"Venta de biciletas\";}'),(62,0,2,0,0,0,'82.159.104.78',1353100725,'LOG_FORUM_EDIT','a:1:{i:0;s:19:\"Venta de bicicletas\";}'),(63,0,2,0,0,0,'82.159.104.78',1353100803,'LOG_FORUM_EDIT','a:1:{i:0;s:7:\"Tiendas\";}'),(64,0,2,0,0,0,'82.159.104.78',1353100819,'LOG_FORUM_EDIT','a:1:{i:0;s:17:\"Tiendas/Comercial\";}'),(65,0,2,0,0,0,'82.159.104.78',1353100955,'LOG_FORUM_ADD','a:1:{i:0;s:3:\"MTB\";}'),(66,0,2,0,0,0,'82.159.104.78',1353100964,'LOG_FORUM_MOVE_UP','a:2:{i:0;s:3:\"MTB\";i:1;s:9:\"Hazte oir\";}'),(67,0,2,0,0,0,'82.159.104.78',1353100965,'LOG_FORUM_MOVE_UP','a:2:{i:0;s:3:\"MTB\";i:1;s:8:\"Quedadas\";}'),(68,0,2,0,0,0,'82.159.104.78',1353100966,'LOG_FORUM_MOVE_UP','a:2:{i:0;s:3:\"MTB\";i:1;s:27:\"Entrenamiento/Alimentación\";}'),(69,0,2,0,0,0,'82.159.104.78',1353100968,'LOG_FORUM_MOVE_UP','a:2:{i:0;s:3:\"MTB\";i:1;s:9:\"Mundo Web\";}'),(70,0,2,0,0,0,'82.159.104.78',1353101210,'LOG_FORUM_ADD','a:1:{i:0;s:10:\"Bicicletas\";}'),(71,0,2,0,0,0,'82.159.104.78',1353101210,'LOG_FORUM_COPIED_PERMISSIONS','a:2:{i:0;s:3:\"MTB\";i:1;s:10:\"Bicicletas\";}'),(72,0,2,0,0,0,'82.159.104.78',1353101227,'LOG_FORUM_ADD','a:1:{i:0;s:11:\"Modalidades\";}'),(73,0,2,0,0,0,'82.159.104.78',1353101227,'LOG_FORUM_COPIED_PERMISSIONS','a:2:{i:0;s:3:\"MTB\";i:1;s:11:\"Modalidades\";}'),(74,0,2,0,0,0,'82.159.104.78',1353101525,'LOG_FORUM_ADD','a:1:{i:0;s:11:\"Componentes\";}'),(75,0,2,0,0,0,'82.159.104.78',1353101525,'LOG_FORUM_COPIED_PERMISSIONS','a:2:{i:0;s:3:\"MTB\";i:1;s:11:\"Componentes\";}'),(76,0,2,0,0,0,'82.159.104.78',1353101531,'LOG_FORUM_MOVE_UP','a:2:{i:0;s:11:\"Componentes\";i:1;s:11:\"Modalidades\";}'),(77,0,2,0,0,0,'82.159.104.78',1353101558,'LOG_FORUM_ADD','a:1:{i:0;s:6:\"Textil\";}'),(78,0,2,0,0,0,'82.159.104.78',1353101558,'LOG_FORUM_COPIED_PERMISSIONS','a:2:{i:0;s:3:\"MTB\";i:1;s:6:\"Textil\";}'),(79,0,2,0,0,0,'82.159.104.78',1353101580,'LOG_FORUM_EDIT','a:1:{i:0;s:19:\"Textil / Accesorios\";}'),(80,0,2,0,0,0,'82.159.104.78',1353101611,'LOG_FORUM_EDIT','a:1:{i:0;s:6:\"Textil\";}'),(81,0,2,0,0,0,'82.159.104.78',1353101661,'LOG_FORUM_EDIT','a:1:{i:0;s:17:\"Accesorios/Textil\";}'),(82,0,2,0,0,0,'82.159.104.78',1353101685,'LOG_FORUM_ADD','a:1:{i:0;s:9:\"Mecánica\";}'),(83,0,2,0,0,0,'82.159.104.78',1353101685,'LOG_FORUM_COPIED_PERMISSIONS','a:2:{i:0;s:3:\"MTB\";i:1;s:9:\"Mecánica\";}'),(84,0,2,0,0,0,'82.159.104.78',1353101688,'LOG_FORUM_MOVE_UP','a:2:{i:0;s:9:\"Mecánica\";i:1;s:17:\"Accesorios/Textil\";}'),(85,0,2,0,0,0,'82.159.104.78',1353101690,'LOG_FORUM_MOVE_UP','a:2:{i:0;s:9:\"Mecánica\";i:1;s:11:\"Modalidades\";}'),(86,0,2,0,0,0,'82.159.104.78',1353101701,'LOG_FORUM_MOVE_UP','a:2:{i:0;s:17:\"Accesorios/Textil\";i:1;s:11:\"Modalidades\";}'),(87,0,2,0,0,0,'82.159.104.78',1353101861,'LOG_FORUM_EDIT','a:1:{i:0;s:12:\"Compra/Venta\";}'),(88,0,2,0,0,0,'82.159.104.78',1353101907,'LOG_FORUM_ADD','a:1:{i:0;s:21:\"Recomendación compra\";}'),(89,0,2,0,0,0,'82.159.104.78',1353101907,'LOG_FORUM_COPIED_PERMISSIONS','a:2:{i:0;s:12:\"Compra/Venta\";i:1;s:21:\"Recomendación compra\";}'),(90,0,2,0,0,0,'82.159.104.78',1353101955,'LOG_FORUM_ADD','a:1:{i:0;s:20:\"Recomendación venta\";}'),(91,0,2,0,0,0,'82.159.104.78',1353101955,'LOG_FORUM_COPIED_PERMISSIONS','a:2:{i:0;s:12:\"Compra/Venta\";i:1;s:20:\"Recomendación venta\";}'),(92,0,2,0,0,0,'82.159.104.78',1353102006,'LOG_FORUM_EDIT','a:1:{i:0;s:21:\"Recomendación compra\";}'),(93,0,2,0,0,0,'82.159.104.78',1353102044,'LOG_FORUM_ADD','a:1:{i:0;s:14:\"Venta 2ª mano\";}'),(94,0,2,0,0,0,'82.159.104.78',1353102044,'LOG_FORUM_COPIED_PERMISSIONS','a:2:{i:0;s:12:\"Compra/Venta\";i:1;s:14:\"Venta 2ª mano\";}'),(95,0,2,0,0,0,'82.159.104.78',1353102062,'LOG_FORUM_ADD','a:1:{i:0;s:15:\"Compra 2ª mano\";}'),(96,0,2,0,0,0,'82.159.104.78',1353102062,'LOG_FORUM_COPIED_PERMISSIONS','a:2:{i:0;s:12:\"Compra/Venta\";i:1;s:15:\"Compra 2ª mano\";}'),(97,0,2,0,0,0,'82.159.104.78',1353102067,'LOG_FORUM_MOVE_UP','a:2:{i:0;s:15:\"Compra 2ª mano\";i:1;s:14:\"Venta 2ª mano\";}'),(98,0,2,0,0,0,'82.159.104.78',1353102110,'LOG_FORUM_MOVE_UP','a:2:{i:0;s:14:\"Venta 2ª mano\";i:1;s:15:\"Compra 2ª mano\";}'),(99,0,2,0,0,0,'82.159.104.78',1353102303,'LOG_FORUM_EDIT','a:1:{i:0;s:12:\"Compra/Venta\";}'),(100,0,2,0,0,0,'82.159.104.78',1353102314,'LOG_FORUM_EDIT','a:1:{i:0;s:27:\"Entrenamiento/Alimentación\";}'),(101,0,2,0,0,0,'82.159.104.78',1353102349,'LOG_FORUM_EDIT','a:1:{i:0;s:23:\"Compra/Venta - 2ª mano\";}'),(102,0,2,0,0,0,'82.159.104.78',1353102389,'LOG_FORUM_EDIT','a:1:{i:0;s:21:\"Compra/Venta/2ª mano\";}'),(103,0,2,0,0,0,'82.159.104.78',1353102502,'LOG_FORUM_EDIT','a:1:{i:0;s:9:\"Mundo Web\";}'),(104,0,2,0,0,0,'82.159.104.78',1353102519,'LOG_FORUM_ADD','a:1:{i:0;s:18:\"Web especializadas\";}'),(105,0,2,0,0,0,'82.159.104.78',1353102519,'LOG_FORUM_COPIED_PERMISSIONS','a:2:{i:0;s:9:\"Mundo Web\";i:1;s:18:\"Web especializadas\";}'),(106,0,2,0,0,0,'82.159.104.78',1353102534,'LOG_FORUM_ADD','a:1:{i:0;s:20:\"Blogs especializados\";}'),(107,0,2,0,0,0,'82.159.104.78',1353102534,'LOG_FORUM_COPIED_PERMISSIONS','a:2:{i:0;s:9:\"Mundo Web\";i:1;s:20:\"Blogs especializados\";}'),(108,0,2,0,0,0,'82.159.104.78',1353102556,'LOG_FORUM_ADD','a:1:{i:0;s:10:\"Buscadores\";}'),(109,0,2,0,0,0,'82.159.104.78',1353102556,'LOG_FORUM_COPIED_PERMISSIONS','a:2:{i:0;s:9:\"Mundo Web\";i:1;s:10:\"Buscadores\";}'),(110,0,2,0,0,0,'82.159.104.78',1353102568,'LOG_FORUM_EDIT','a:1:{i:0;s:5:\"Blogs\";}'),(111,0,2,0,0,0,'82.159.104.78',1353102585,'LOG_FORUM_EDIT','a:1:{i:0;s:19:\"Webs especializadas\";}'),(112,0,2,0,0,0,'82.159.104.78',1353102596,'LOG_FORUM_EDIT','a:1:{i:0;s:4:\"Webs\";}'),(113,0,2,0,0,0,'82.159.104.78',1353102615,'LOG_FORUM_ADD','a:1:{i:0;s:5:\"Foros\";}'),(114,0,2,0,0,0,'82.159.104.78',1353102615,'LOG_FORUM_COPIED_PERMISSIONS','a:2:{i:0;s:9:\"Mundo Web\";i:1;s:5:\"Foros\";}'),(115,0,2,0,0,0,'82.159.104.78',1353102629,'LOG_FORUM_MOVE_UP','a:2:{i:0;s:10:\"Buscadores\";i:1;s:5:\"Blogs\";}'),(116,0,2,0,0,0,'82.159.104.78',1353102632,'LOG_FORUM_MOVE_UP','a:2:{i:0;s:5:\"Blogs\";i:1;s:10:\"Buscadores\";}'),(117,0,2,0,0,0,'82.159.104.78',1353102635,'LOG_FORUM_MOVE_DOWN','a:2:{i:0;s:5:\"Blogs\";i:1;s:10:\"Buscadores\";}'),(118,0,2,0,0,0,'82.159.104.78',1353102689,'LOG_FORUM_ADD','a:1:{i:0;s:9:\"CARRETERA\";}'),(119,0,2,0,0,0,'82.159.104.78',1353102696,'LOG_FORUM_MOVE_UP','a:2:{i:0;s:9:\"CARRETERA\";i:1;s:9:\"Hazte oir\";}'),(120,0,2,0,0,0,'82.159.104.78',1353102696,'LOG_FORUM_MOVE_UP','a:2:{i:0;s:9:\"Hazte oir\";i:1;s:9:\"CARRETERA\";}'),(121,0,2,0,0,0,'82.159.104.78',1353102697,'LOG_FORUM_MOVE_UP','a:2:{i:0;s:9:\"CARRETERA\";i:1;s:9:\"Hazte oir\";}'),(122,0,2,0,0,0,'82.159.104.78',1353102699,'LOG_FORUM_MOVE_UP','a:2:{i:0;s:9:\"CARRETERA\";i:1;s:8:\"Quedadas\";}'),(123,0,2,0,0,0,'82.159.104.78',1353102702,'LOG_FORUM_MOVE_UP','a:2:{i:0;s:9:\"CARRETERA\";i:1;s:27:\"Entrenamiento/Alimentación\";}'),(124,0,2,0,0,0,'82.159.104.78',1353102706,'LOG_FORUM_MOVE_UP','a:2:{i:0;s:9:\"Mundo Web\";i:1;s:3:\"MTB\";}'),(125,0,2,0,0,0,'82.159.104.78',1353102718,'LOG_FORUM_MOVE_UP','a:2:{i:0;s:27:\"Entrenamiento/Alimentación\";i:1;s:9:\"CARRETERA\";}'),(126,0,2,0,0,0,'82.159.104.78',1353102720,'LOG_FORUM_MOVE_UP','a:2:{i:0;s:27:\"Entrenamiento/Alimentación\";i:1;s:3:\"MTB\";}'),(127,0,2,0,0,0,'82.159.104.78',1353102721,'LOG_FORUM_MOVE_UP','a:2:{i:0;s:27:\"Entrenamiento/Alimentación\";i:1;s:9:\"Mundo Web\";}'),(128,0,2,0,0,0,'82.159.104.78',1353102731,'LOG_FORUM_MOVE_UP','a:2:{i:0;s:8:\"Quedadas\";i:1;s:9:\"CARRETERA\";}'),(129,0,2,0,0,0,'82.159.104.78',1353102733,'LOG_FORUM_MOVE_UP','a:2:{i:0;s:8:\"Quedadas\";i:1;s:3:\"MTB\";}'),(130,0,2,0,0,0,'82.159.104.78',1353102734,'LOG_FORUM_MOVE_UP','a:2:{i:0;s:8:\"Quedadas\";i:1;s:9:\"Mundo Web\";}'),(131,0,2,0,0,0,'82.159.104.78',1353102788,'LOG_FORUM_EDIT','a:1:{i:0;s:27:\"Presentación nuevo usuario\";}'),(132,0,2,0,0,0,'82.159.104.78',1353102802,'LOG_FORUM_ADD','a:1:{i:0;s:8:\"Noticias\";}'),(133,0,2,0,0,0,'82.159.104.78',1353102802,'LOG_FORUM_COPIED_PERMISSIONS','a:2:{i:0;s:7:\"General\";i:1;s:8:\"Noticias\";}'),(134,0,2,0,0,0,'82.159.104.78',1353102816,'LOG_FORUM_DEL_POSTS','a:1:{i:0;s:19:\"This is a new forum\";}'),(135,0,2,0,0,0,'82.159.104.78',1353102855,'LOG_FORUM_MOVE_UP','a:2:{i:0;s:8:\"Quedadas\";i:1;s:27:\"Entrenamiento/Alimentación\";}'),(136,0,2,0,0,0,'82.159.104.78',1353102871,'LOG_FORUM_ADD','a:1:{i:0;s:3:\"BMX\";}'),(137,0,2,0,0,0,'82.159.104.78',1353102877,'LOG_FORUM_MOVE_UP','a:2:{i:0;s:3:\"BMX\";i:1;s:9:\"Hazte oir\";}'),(138,0,2,0,0,0,'82.159.104.78',1353102952,'LOG_FORUM_ADD','a:1:{i:0;s:14:\"Redes Sociales\";}'),(139,0,2,0,0,0,'82.159.104.78',1353102952,'LOG_FORUM_COPIED_PERMISSIONS','a:2:{i:0;s:9:\"Mundo Web\";i:1;s:14:\"Redes Sociales\";}'),(140,0,2,0,0,0,'82.159.104.78',1353102955,'LOG_FORUM_MOVE_UP','a:2:{i:0;s:14:\"Redes Sociales\";i:1;s:5:\"Foros\";}'),(141,0,2,0,0,0,'82.159.104.78',1353102959,'LOG_FORUM_MOVE_UP','a:2:{i:0;s:14:\"Redes Sociales\";i:1;s:5:\"Blogs\";}'),(142,0,2,0,0,0,'82.159.104.78',1353102985,'LOG_FORUM_ADD','a:1:{i:0;s:15:\"Normas del foro\";}'),(143,0,2,0,0,0,'82.159.104.78',1353102985,'LOG_FORUM_COPIED_PERMISSIONS','a:2:{i:0;s:7:\"General\";i:1;s:15:\"Normas del foro\";}'),(144,0,2,0,0,0,'82.159.104.78',1353102989,'LOG_FORUM_MOVE_UP','a:2:{i:0;s:15:\"Normas del foro\";i:1;s:8:\"Noticias\";}'),(145,0,2,0,0,0,'82.159.104.78',1353102991,'LOG_FORUM_MOVE_UP','a:2:{i:0;s:15:\"Normas del foro\";i:1;s:27:\"Presentación nuevo usuario\";}'),(146,0,2,0,0,0,'82.159.104.78',1353103204,'LOG_FORUM_ADD','a:1:{i:0;s:5:\"URBAN\";}'),(147,0,2,0,0,0,'82.159.104.78',1353103209,'LOG_FORUM_MOVE_UP','a:2:{i:0;s:5:\"URBAN\";i:1;s:9:\"Hazte oir\";}'),(148,0,2,0,0,0,'82.159.104.78',1353103248,'LOG_FORUM_ADD','a:1:{i:0;s:4:\"KIDS\";}'),(149,0,2,0,0,0,'82.159.104.78',1353103253,'LOG_FORUM_MOVE_UP','a:2:{i:0;s:4:\"KIDS\";i:1;s:9:\"Hazte oir\";}'),(150,0,2,0,0,0,'82.159.104.78',1353103331,'LOG_FORUM_EDIT','a:1:{i:0;s:20:\"Presentación tienda\";}'),(151,0,2,0,0,0,'82.159.104.78',1353103522,'LOG_FORUM_ADD','a:1:{i:0;s:8:\"Anuncios\";}'),(152,0,2,0,0,0,'82.159.104.78',1353103522,'LOG_FORUM_COPIED_PERMISSIONS','a:2:{i:0;s:17:\"Tiendas/Comercial\";i:1;s:8:\"Anuncios\";}'),(153,0,2,0,0,0,'82.159.104.78',1353103615,'LOG_FORUM_EDIT','a:1:{i:0;s:23:\"Anuncios - no comercial\";}'),(154,0,2,0,0,0,'82.159.104.78',1353103636,'LOG_FORUM_ADD','a:1:{i:0;s:7:\"Ofertas\";}'),(155,0,2,0,0,0,'82.159.104.78',1353103636,'LOG_FORUM_COPIED_PERMISSIONS','a:2:{i:0;s:17:\"Tiendas/Comercial\";i:1;s:7:\"Ofertas\";}'),(156,0,2,0,0,0,'82.159.104.78',1353103643,'LOG_FORUM_MOVE_UP','a:2:{i:0;s:7:\"Ofertas\";i:1;s:23:\"Anuncios - no comercial\";}'),(157,0,2,0,0,0,'82.159.104.78',1353103780,'LOG_FORUM_EDIT','a:1:{i:0;s:14:\"Sólo Ofertas!\";}'),(158,0,2,0,0,0,'82.159.104.78',1353103793,'LOG_FORUM_EDIT','a:1:{i:0;s:15:\"Sólo Ofertas !\";}'),(159,0,2,0,0,0,'82.159.104.78',1353103974,'LOG_FORUM_ADD','a:1:{i:0;s:20:\"Anuncios - comercial\";}'),(160,0,2,0,0,0,'82.159.104.78',1353103974,'LOG_FORUM_COPIED_PERMISSIONS','a:2:{i:0;s:17:\"Tiendas/Comercial\";i:1;s:20:\"Anuncios - comercial\";}'),(161,0,2,0,0,0,'82.159.104.78',1353103982,'LOG_FORUM_MOVE_UP','a:2:{i:0;s:20:\"Anuncios - comercial\";i:1;s:23:\"Anuncios - no comercial\";}'),(162,0,2,0,0,0,'82.159.104.78',1353103997,'LOG_FORUM_EDIT','a:1:{i:0;s:20:\"Anuncios - comercial\";}'),(163,0,2,0,0,0,'82.159.104.78',1353104088,'LOG_FORUM_SYNC','a:1:{i:0;s:7:\"General\";}'),(164,0,2,0,0,0,'82.159.104.78',1353104281,'LOG_FORUM_EDIT','a:1:{i:0;s:21:\"Recomendación compra\";}'),(165,0,2,0,0,0,'82.159.104.78',1353104294,'LOG_FORUM_EDIT','a:1:{i:0;s:21:\"Recomendación compra\";}'),(166,0,2,0,0,0,'82.159.104.78',1353104409,'LOG_FORUM_EDIT','a:1:{i:0;s:20:\"Recomendación venta\";}'),(167,0,2,0,0,0,'82.159.104.78',1353104436,'LOG_FORUM_EDIT','a:1:{i:0;s:20:\"Recomendación venta\";}'),(168,0,2,0,0,0,'82.159.104.78',1353104541,'LOG_FORUM_ADD','a:1:{i:0;s:10:\"Bicicletas\";}'),(169,0,2,0,0,0,'82.159.104.78',1353104541,'LOG_FORUM_COPIED_PERMISSIONS','a:2:{i:0;s:14:\"Venta 2ª mano\";i:1;s:10:\"Bicicletas\";}'),(170,0,2,0,0,0,'82.159.104.78',1353104559,'LOG_FORUM_ADD','a:1:{i:0;s:11:\"Componentes\";}'),(171,0,2,0,0,0,'82.159.104.78',1353104559,'LOG_FORUM_COPIED_PERMISSIONS','a:2:{i:0;s:14:\"Venta 2ª mano\";i:1;s:11:\"Componentes\";}'),(172,0,2,0,0,0,'82.159.104.78',1353104636,'LOG_FORUM_EDIT','a:1:{i:0;s:21:\"Recomendación compra\";}'),(173,0,2,0,0,0,'82.159.104.78',1353104801,'LOG_FORUM_EDIT','a:1:{i:0;s:20:\"Presentación tienda\";}'),(174,0,2,0,0,0,'82.159.104.78',1353104974,'LOG_FORUM_EDIT','a:1:{i:0;s:15:\"Sólo Ofertas !\";}'),(175,0,2,0,0,0,'82.159.104.78',1353105186,'LOG_FORUM_ADD','a:1:{i:0;s:21:\"Entrenamiento general\";}'),(176,0,2,0,0,0,'82.159.104.78',1353105186,'LOG_FORUM_COPIED_PERMISSIONS','a:2:{i:0;s:27:\"Entrenamiento/Alimentación\";i:1;s:21:\"Entrenamiento general\";}'),(177,0,2,0,0,0,'82.159.104.78',1353105207,'LOG_FORUM_ADD','a:1:{i:0;s:24:\"Entrenamiento - Potencia\";}'),(178,0,2,0,0,0,'82.159.104.78',1353105207,'LOG_FORUM_COPIED_PERMISSIONS','a:2:{i:0;s:27:\"Entrenamiento/Alimentación\";i:1;s:24:\"Entrenamiento - Potencia\";}'),(179,0,2,0,0,0,'82.159.104.78',1353105217,'LOG_FORUM_EDIT','a:1:{i:0;s:22:\"Entrenamiento - eneral\";}'),(180,0,2,0,0,0,'82.159.104.78',1353105229,'LOG_FORUM_EDIT','a:1:{i:0;s:23:\"Entrenamiento - General\";}'),(181,0,2,0,0,0,'82.159.104.78',1353105244,'LOG_FORUM_ADD','a:1:{i:0;s:21:\"Entrenamiento - Pulso\";}'),(182,0,2,0,0,0,'82.159.104.78',1353105244,'LOG_FORUM_COPIED_PERMISSIONS','a:2:{i:0;s:27:\"Entrenamiento/Alimentación\";i:1;s:21:\"Entrenamiento - Pulso\";}'),(183,0,2,0,0,0,'82.159.104.78',1353105268,'LOG_FORUM_ADD','a:1:{i:0;s:13:\"Alimentación\";}'),(184,0,2,0,0,0,'82.159.104.78',1353105268,'LOG_FORUM_COPIED_PERMISSIONS','a:2:{i:0;s:27:\"Entrenamiento/Alimentación\";i:1;s:13:\"Alimentación\";}'),(185,0,2,0,0,0,'82.159.104.78',1353105295,'LOG_FORUM_EDIT','a:1:{i:0;s:13:\"Alimentación\";}'),(186,0,2,0,0,0,'82.159.104.78',1353105314,'LOG_FORUM_ADD','a:1:{i:0;s:18:\"Medicina Deportiva\";}'),(187,0,2,0,0,0,'82.159.104.78',1353105314,'LOG_FORUM_COPIED_PERMISSIONS','a:2:{i:0;s:27:\"Entrenamiento/Alimentación\";i:1;s:18:\"Medicina Deportiva\";}'),(188,0,2,0,0,0,'82.159.104.78',1353105337,'LOG_FORUM_ADD','a:1:{i:0;s:15:\"Control de Peso\";}'),(189,0,2,0,0,0,'82.159.104.78',1353105337,'LOG_FORUM_COPIED_PERMISSIONS','a:2:{i:0;s:27:\"Entrenamiento/Alimentación\";i:1;s:15:\"Control de Peso\";}'),(190,0,2,0,0,0,'82.159.104.78',1353105474,'LOG_FORUM_ADD','a:1:{i:0;s:32:\"Sugerencias a foro.buscobici.com\";}'),(191,0,2,0,0,0,'82.159.104.78',1353105474,'LOG_FORUM_COPIED_PERMISSIONS','a:2:{i:0;s:9:\"Hazte oir\";i:1;s:32:\"Sugerencias a foro.buscobici.com\";}'),(192,0,2,0,0,0,'82.159.104.78',1353105510,'LOG_FORUM_ADD','a:1:{i:0;s:41:\"Problemas/Denuncias en foro.buscobici.com\";}'),(193,0,2,0,0,0,'82.159.104.78',1353105510,'LOG_FORUM_COPIED_PERMISSIONS','a:2:{i:0;s:9:\"Hazte oir\";i:1;s:41:\"Problemas/Denuncias en foro.buscobici.com\";}'),(194,0,2,0,0,0,'82.159.104.78',1353105568,'LOG_FORUM_EDIT','a:1:{i:0;s:27:\"Presentación nuevo usuario\";}'),(195,0,2,0,0,0,'82.159.104.78',1353106030,'LOG_FORUM_ADD','a:1:{i:0;s:17:\"Textil/Accesorios\";}'),(196,0,2,0,0,0,'82.159.104.78',1353106030,'LOG_FORUM_COPIED_PERMISSIONS','a:2:{i:0;s:14:\"Venta 2ª mano\";i:1;s:17:\"Textil/Accesorios\";}'),(197,0,2,0,0,0,'82.159.104.78',1353106050,'LOG_FORUM_ADD','a:1:{i:0;s:10:\"Bicicletas\";}'),(198,0,2,0,0,0,'82.159.104.78',1353106050,'LOG_FORUM_COPIED_PERMISSIONS','a:2:{i:0;s:15:\"Compra 2ª mano\";i:1;s:10:\"Bicicletas\";}'),(199,0,2,0,0,0,'82.159.104.78',1353106060,'LOG_FORUM_ADD','a:1:{i:0;s:11:\"Componentes\";}'),(200,0,2,0,0,0,'82.159.104.78',1353106060,'LOG_FORUM_COPIED_PERMISSIONS','a:2:{i:0;s:15:\"Compra 2ª mano\";i:1;s:11:\"Componentes\";}'),(201,0,2,0,0,0,'82.159.104.78',1353106071,'LOG_FORUM_ADD','a:1:{i:0;s:17:\"Textil/Accesorios\";}'),(202,0,2,0,0,0,'82.159.104.78',1353106071,'LOG_FORUM_COPIED_PERMISSIONS','a:2:{i:0;s:15:\"Compra 2ª mano\";i:1;s:17:\"Textil/Accesorios\";}'),(203,0,2,0,0,0,'82.159.104.78',1353106129,'LOG_FORUM_EDIT','a:1:{i:0;s:14:\"Venta 2ª mano\";}'),(204,0,2,0,0,0,'82.159.104.78',1353106151,'LOG_FORUM_EDIT','a:1:{i:0;s:15:\"Compra 2ª mano\";}'),(205,0,2,0,0,0,'82.159.104.78',1353106173,'LOG_FORUM_EDIT','a:1:{i:0;s:14:\"Venta 2ª mano\";}'),(206,0,2,0,0,0,'82.159.104.78',1353106194,'LOG_FORUM_EDIT','a:1:{i:0;s:14:\"Venta 2ª mano\";}'),(207,0,2,0,0,0,'82.159.104.78',1353106274,'LOG_FORUM_EDIT','a:1:{i:0;s:8:\"Quedadas\";}'),(208,0,2,0,0,0,'82.159.104.78',1353106307,'LOG_FORUM_EDIT','a:1:{i:0;s:17:\"Tiendas/Comercial\";}'),(209,0,2,0,0,0,'82.159.104.78',1353106378,'LOG_FORUM_EDIT','a:1:{i:0;s:21:\"Compra/Venta/2ª mano\";}'),(210,0,2,0,0,0,'82.159.104.78',1353106410,'LOG_FORUM_EDIT','a:1:{i:0;s:24:\"Entrenamiento/Nutrición\";}'),(211,0,2,0,0,0,'82.159.104.78',1353106519,'LOG_FORUM_EDIT','a:1:{i:0;s:24:\"Entrenamiento/Nutrición\";}'),(212,0,2,0,0,0,'82.159.104.78',1353106587,'LOG_FORUM_EDIT','a:1:{i:0;s:9:\"Mundo Web\";}'),(213,0,2,0,0,0,'82.159.104.78',1353106650,'LOG_FORUM_EDIT','a:1:{i:0;s:3:\"MTB\";}'),(214,0,2,0,0,0,'82.159.104.78',1353106665,'LOG_FORUM_EDIT','a:1:{i:0;s:3:\"MTB\";}'),(215,0,2,0,0,0,'82.159.104.78',1353106701,'LOG_FORUM_EDIT','a:1:{i:0;s:9:\"Hazte oir\";}'),(216,0,1,0,0,0,'82.159.104.78',1353106809,'LOG_IMAGESET_LANG_MISSING','a:2:{i:0;s:9:\"prosilver\";i:1;s:2:\"es\";}'),(217,0,1,0,0,0,'82.159.104.78',1353106814,'LOG_IMAGESET_LANG_MISSING','a:2:{i:0;s:9:\"prosilver\";i:1;s:2:\"es\";}'),(218,0,1,0,0,0,'82.159.104.78',1353106819,'LOG_IMAGESET_LANG_MISSING','a:2:{i:0;s:9:\"prosilver\";i:1;s:2:\"es\";}'),(219,0,2,0,0,0,'82.159.104.78',1353106843,'LOG_ADMIN_AUTH_SUCCESS',''),(220,0,1,0,0,0,'82.159.104.78',1353107005,'LOG_IMAGESET_LANG_MISSING','a:2:{i:0;s:9:\"prosilver\";i:1;s:2:\"es\";}'),(221,0,1,0,0,0,'82.159.104.78',1353107012,'LOG_IMAGESET_LANG_MISSING','a:2:{i:0;s:9:\"prosilver\";i:1;s:2:\"es\";}'),(222,0,1,0,0,0,'82.159.104.78',1353107017,'LOG_IMAGESET_LANG_MISSING','a:2:{i:0;s:9:\"prosilver\";i:1;s:2:\"es\";}'),(223,0,2,0,0,0,'82.159.104.78',1353107025,'LOG_ADMIN_AUTH_SUCCESS',''),(224,0,2,0,0,0,'82.159.104.78',1353107064,'LOG_FORUM_COPIED_PERMISSIONS','a:2:{i:0;s:7:\"General\";i:1;s:21:\"Compra/Venta/2ª mano\";}'),(225,0,1,0,0,0,'82.159.104.78',1353107090,'LOG_IMAGESET_LANG_MISSING','a:2:{i:0;s:9:\"prosilver\";i:1;s:2:\"es\";}'),(226,0,2,0,0,0,'82.159.104.78',1353107149,'LOG_FORUM_COPIED_PERMISSIONS','a:2:{i:0;s:7:\"General\";i:1;s:703:\"Tiendas/Comercial, Compra/Venta/2ª mano, Entrenamiento/Nutrición, Quedadas, Mundo Web, Hazte oir, Presentación tienda, MTB, Bicicletas, Modalidades, Componentes, Accesorios/Textil, Mecánica, Recomendación compra, Recomendación venta, Venta 2ª mano, Compra 2ª mano, Webs, Blogs, Buscadores, Foros, CARRETERA, BMX, Redes Sociales, URBAN, KIDS, Anuncios - no comercial, Sólo Ofertas !, Anuncios - comercial, Bicicletas, Componentes, Entrenamiento - General, Entrenamiento - Potencia, Entrenamiento - Pulso, Alimentación, Medicina Deportiva, Control de Peso, Sugerencias a foro.buscobici.com, Problemas/Denuncias en foro.buscobici.com, Textil/Accesorios, Bicicletas, Componentes, Textil/Accesorios\";}'),(227,0,1,0,0,0,'82.159.104.78',1353107152,'LOG_IMAGESET_LANG_MISSING','a:2:{i:0;s:9:\"prosilver\";i:1;s:2:\"es\";}'),(228,0,1,0,0,0,'82.159.104.78',1353107190,'LOG_IMAGESET_LANG_MISSING','a:2:{i:0;s:9:\"prosilver\";i:1;s:2:\"es\";}'),(229,0,1,0,0,0,'82.159.104.78',1353107223,'LOG_IMAGESET_LANG_MISSING','a:2:{i:0;s:9:\"prosilver\";i:1;s:2:\"es\";}'),(230,0,1,0,0,0,'82.159.104.78',1353107223,'LOG_IMAGESET_LANG_MISSING','a:2:{i:0;s:9:\"prosilver\";i:1;s:2:\"es\";}'),(231,0,1,0,0,0,'82.159.104.78',1353107231,'LOG_IMAGESET_LANG_MISSING','a:2:{i:0;s:9:\"prosilver\";i:1;s:2:\"es\";}'),(232,0,2,0,0,0,'82.159.104.78',1353107528,'LOG_USER_USER_UPDATE','a:1:{i:0;s:5:\"phpbb\";}'),(233,1,2,2,1,0,'82.159.104.78',1353107725,'LOG_DELETE_TOPIC','a:2:{i:0;s:17:\"Welcome to phpBB3\";i:1;s:5:\"phpbb\";}'),(234,0,1,0,0,0,'82.159.104.78',1353107739,'LOG_IMAGESET_LANG_MISSING','a:2:{i:0;s:9:\"prosilver\";i:1;s:2:\"es\";}'),(235,0,1,0,0,0,'82.159.104.78',1353107748,'LOG_IMAGESET_LANG_MISSING','a:2:{i:0;s:9:\"prosilver\";i:1;s:2:\"es\";}'),(236,0,1,0,0,0,'82.159.104.78',1353110345,'LOG_IMAGESET_LANG_MISSING','a:2:{i:0;s:9:\"prosilver\";i:1;s:2:\"es\";}'),(237,0,1,0,0,0,'82.159.104.78',1353110355,'LOG_IMAGESET_LANG_MISSING','a:2:{i:0;s:9:\"prosilver\";i:1;s:2:\"es\";}'),(238,0,2,0,0,0,'82.159.104.78',1353110371,'LOG_ADMIN_AUTH_SUCCESS',''),(239,0,2,0,0,0,'82.159.104.78',1353110414,'LOG_ACL_ADD_FORUM_LOCAL_F_','a:2:{i:0;s:15:\"Normas del foro\";i:1;s:39:\"<span class=\"sep\">Administrators</span>\";}'),(240,0,2,0,0,0,'82.159.104.78',1353110424,'LOG_ACL_DEL_FORUM_LOCAL_F_','a:2:{i:0;s:15:\"Normas del foro\";i:1;s:154:\"<span class=\"sep\">Guests</span>, <span class=\"sep\">Registered users</span>, <span class=\"sep\">Registered COPPA users</span>, <span class=\"sep\">Bots</span>\";}'),(241,0,2,0,0,0,'82.159.104.78',1353110634,'LOG_CONFIG_SETTINGS',''),(242,0,1,0,0,0,'82.159.104.78',1353113192,'LOG_IMAGESET_LANG_MISSING','a:2:{i:0;s:9:\"prosilver\";i:1;s:2:\"es\";}'),(243,0,1,0,0,0,'82.159.104.78',1353113383,'LOG_IMAGESET_LANG_MISSING','a:2:{i:0;s:9:\"prosilver\";i:1;s:2:\"es\";}'),(244,0,1,0,0,0,'82.159.104.78',1353113385,'LOG_IMAGESET_LANG_MISSING','a:2:{i:0;s:9:\"prosilver\";i:1;s:2:\"es\";}'),(245,0,1,0,0,0,'82.159.104.78',1353113392,'LOG_IMAGESET_LANG_MISSING','a:2:{i:0;s:9:\"prosilver\";i:1;s:2:\"es\";}'),(246,0,1,0,0,0,'82.159.104.78',1353113465,'LOG_IMAGESET_LANG_MISSING','a:2:{i:0;s:9:\"prosilver\";i:1;s:2:\"es\";}'),(247,0,1,0,0,0,'82.159.104.78',1353136641,'LOG_IMAGESET_LANG_MISSING','a:2:{i:0;s:9:\"prosilver\";i:1;s:2:\"es\";}'),(248,0,1,0,0,0,'82.159.104.78',1353136648,'LOG_IMAGESET_LANG_MISSING','a:2:{i:0;s:9:\"prosilver\";i:1;s:2:\"es\";}'),(249,0,1,0,0,0,'82.159.104.78',1353136653,'LOG_IMAGESET_LANG_MISSING','a:2:{i:0;s:9:\"prosilver\";i:1;s:2:\"es\";}'),(250,0,1,0,0,0,'82.159.104.78',1353136655,'LOG_IMAGESET_LANG_MISSING','a:2:{i:0;s:9:\"prosilver\";i:1;s:2:\"es\";}'),(251,0,1,0,0,0,'82.159.104.78',1353136657,'LOG_IMAGESET_LANG_MISSING','a:2:{i:0;s:9:\"prosilver\";i:1;s:2:\"es\";}'),(252,0,1,0,0,0,'82.159.104.78',1353136682,'LOG_IMAGESET_LANG_MISSING','a:2:{i:0;s:9:\"prosilver\";i:1;s:2:\"es\";}'),(253,0,1,0,0,0,'82.159.104.78',1353136688,'LOG_IMAGESET_LANG_MISSING','a:2:{i:0;s:9:\"prosilver\";i:1;s:2:\"es\";}'),(254,0,2,0,0,0,'82.159.104.78',1353136701,'LOG_ADMIN_AUTH_SUCCESS',''),(255,0,2,0,0,0,'82.159.104.78',1353136738,'LOG_FORUM_ADD','a:1:{i:0;s:19:\"Comunidad de Madrid\";}'),(256,0,2,0,0,0,'82.159.104.78',1353136738,'LOG_FORUM_COPIED_PERMISSIONS','a:2:{i:0;s:8:\"Quedadas\";i:1;s:19:\"Comunidad de Madrid\";}'),(257,0,1,0,0,0,'82.159.104.78',1353180425,'LOG_IMAGESET_LANG_MISSING','a:2:{i:0;s:9:\"prosilver\";i:1;s:2:\"es\";}'),(258,0,1,0,0,0,'82.159.104.78',1353182712,'LOG_IMAGESET_LANG_MISSING','a:2:{i:0;s:9:\"prosilver\";i:1;s:2:\"es\";}'),(259,0,1,0,0,0,'82.159.104.78',1353183572,'LOG_IMAGESET_LANG_MISSING','a:2:{i:0;s:9:\"prosilver\";i:1;s:2:\"es\";}'),(260,0,1,0,0,0,'82.159.104.78',1353183577,'LOG_IMAGESET_LANG_MISSING','a:2:{i:0;s:9:\"prosilver\";i:1;s:2:\"es\";}'),(261,0,1,0,0,0,'82.159.104.78',1353183585,'LOG_IMAGESET_LANG_MISSING','a:2:{i:0;s:9:\"prosilver\";i:1;s:2:\"es\";}'),(262,0,2,0,0,0,'82.159.104.78',1353183603,'LOG_ADMIN_AUTH_SUCCESS',''),(263,0,2,0,0,0,'82.159.104.78',1353183630,'LOG_TEMPLATE_ADD_FS','a:1:{i:0;s:10:\"subsilver2\";}'),(264,0,2,0,0,0,'82.159.104.78',1353183630,'LOG_THEME_ADD_FS','a:1:{i:0;s:10:\"subsilver2\";}'),(265,0,2,0,0,0,'82.159.104.78',1353183630,'LOG_IMAGESET_ADD_FS','a:1:{i:0;s:10:\"subsilver2\";}'),(266,0,2,0,0,0,'82.159.104.78',1353183630,'LOG_STYLE_ADD','a:1:{i:0;s:10:\"subsilver2\";}'),(267,0,2,0,0,0,'82.159.104.78',1353183643,'LOG_TEMPLATE_ADD_FS','a:1:{i:0;s:5:\"xand3\";}'),(268,0,2,0,0,0,'82.159.104.78',1353183643,'LOG_THEME_ADD_FS','a:1:{i:0;s:5:\"xand3\";}'),(269,0,2,0,0,0,'82.159.104.78',1353183643,'LOG_IMAGESET_ADD_FS','a:1:{i:0;s:5:\"xand3\";}'),(270,0,2,0,0,0,'82.159.104.78',1353183643,'LOG_STYLE_ADD','a:1:{i:0;s:5:\"xand3\";}'),(271,0,1,0,0,0,'82.159.104.78',1353187705,'LOG_IMAGESET_LANG_MISSING','a:2:{i:0;s:9:\"prosilver\";i:1;s:2:\"es\";}'),(272,0,1,0,0,0,'82.159.104.78',1353187709,'LOG_IMAGESET_LANG_MISSING','a:2:{i:0;s:9:\"prosilver\";i:1;s:2:\"es\";}'),(273,0,1,0,0,0,'82.159.104.78',1353188789,'LOG_IMAGESET_LANG_MISSING','a:2:{i:0;s:9:\"prosilver\";i:1;s:2:\"es\";}'),(274,0,1,0,0,0,'82.159.104.78',1353189028,'LOG_IMAGESET_LANG_MISSING','a:2:{i:0;s:9:\"prosilver\";i:1;s:2:\"es\";}'),(275,0,1,0,0,0,'82.159.104.78',1353192587,'LOG_IMAGESET_LANG_MISSING','a:2:{i:0;s:9:\"prosilver\";i:1;s:2:\"es\";}'),(276,0,1,0,0,0,'82.159.104.78',1353192592,'LOG_IMAGESET_LANG_MISSING','a:2:{i:0;s:9:\"prosilver\";i:1;s:2:\"es\";}'),(277,0,1,0,0,0,'82.159.104.78',1353192594,'LOG_IMAGESET_LANG_MISSING','a:2:{i:0;s:9:\"prosilver\";i:1;s:2:\"es\";}'),(278,0,1,0,0,0,'82.159.104.78',1353192611,'LOG_IMAGESET_LANG_MISSING','a:2:{i:0;s:9:\"prosilver\";i:1;s:2:\"es\";}'),(279,0,1,0,0,0,'82.159.104.78',1353192613,'LOG_IMAGESET_LANG_MISSING','a:2:{i:0;s:9:\"prosilver\";i:1;s:2:\"es\";}'),(280,0,1,0,0,0,'82.159.104.78',1353192620,'LOG_IMAGESET_LANG_MISSING','a:2:{i:0;s:9:\"prosilver\";i:1;s:2:\"es\";}'),(281,0,2,0,0,0,'82.159.104.78',1353192636,'LOG_ADMIN_AUTH_SUCCESS',''),(282,0,2,0,0,0,'82.159.104.78',1353193606,'LOG_TEMPLATE_ADD_FS','a:1:{i:0;s:15:\"ExtremeDark Red\";}'),(283,0,2,0,0,0,'82.159.104.78',1353193606,'LOG_THEME_ADD_DB','a:1:{i:0;s:15:\"ExtremeDark Red\";}'),(284,0,2,0,0,0,'82.159.104.78',1353193606,'LOG_IMAGESET_ADD_FS','a:1:{i:0;s:15:\"ExtremeDark Red\";}'),(285,0,2,0,0,0,'82.159.104.78',1353193606,'LOG_STYLE_ADD','a:1:{i:0;s:15:\"ExtremeDark Red\";}'),(286,0,2,0,0,0,'82.159.104.78',1353194239,'LOG_TEMPLATE_ADD_FS','a:1:{i:0;s:9:\"Milky Way\";}'),(287,0,2,0,0,0,'82.159.104.78',1353194239,'LOG_THEME_ADD_FS','a:1:{i:0;s:9:\"Milky Way\";}'),(288,0,2,0,0,0,'82.159.104.78',1353194239,'LOG_IMAGESET_ADD_FS','a:1:{i:0;s:9:\"Milky Way\";}'),(289,0,2,0,0,0,'82.159.104.78',1353194239,'LOG_STYLE_ADD','a:1:{i:0;s:9:\"Milky Way\";}'),(290,0,2,0,0,0,'82.159.104.78',1353194362,'LOG_STYLE_EDIT_DETAILS','a:1:{i:0;s:9:\"Milky Way\";}'),(291,0,1,0,0,0,'82.159.104.78',1353194510,'LOG_IMAGESET_LANG_MISSING','a:2:{i:0;s:9:\"prosilver\";i:1;s:2:\"es\";}'),(292,0,1,0,0,0,'82.159.104.78',1353194510,'LOG_IMAGESET_LANG_MISSING','a:2:{i:0;s:9:\"prosilver\";i:1;s:2:\"es\";}'),(293,0,1,0,0,0,'82.159.104.78',1353194523,'LOG_IMAGESET_LANG_MISSING','a:2:{i:0;s:9:\"prosilver\";i:1;s:2:\"es\";}'),(294,0,1,0,0,0,'82.159.104.78',1353194532,'LOG_IMAGESET_LANG_MISSING','a:2:{i:0;s:9:\"prosilver\";i:1;s:2:\"es\";}'),(295,0,2,0,0,0,'82.159.104.78',1353194700,'LOG_IMAGESET_LANG_MISSING','a:2:{i:0;s:9:\"prosilver\";i:1;s:2:\"es\";}'),(296,0,2,0,0,0,'82.159.104.78',1353194708,'LOG_IMAGESET_LANG_MISSING','a:2:{i:0;s:9:\"prosilver\";i:1;s:2:\"es\";}'),(297,0,2,0,0,0,'82.159.104.78',1353194760,'LOG_IMAGESET_LANG_MISSING','a:2:{i:0;s:9:\"prosilver\";i:1;s:2:\"es\";}'),(298,0,2,0,0,0,'82.159.104.78',1353194766,'LOG_IMAGESET_LANG_MISSING','a:2:{i:0;s:9:\"prosilver\";i:1;s:2:\"es\";}'),(299,0,2,0,0,0,'82.159.104.78',1353194766,'LOG_ADMIN_AUTH_SUCCESS',''),(300,0,2,0,0,0,'82.159.104.78',1353194768,'LOG_IMAGESET_LANG_MISSING','a:2:{i:0;s:9:\"prosilver\";i:1;s:2:\"es\";}'),(301,0,2,0,0,0,'82.159.104.78',1353194784,'LOG_IMAGESET_LANG_MISSING','a:2:{i:0;s:9:\"prosilver\";i:1;s:2:\"es\";}'),(302,0,2,0,0,0,'82.159.104.78',1353194910,'LOG_IMAGESET_LANG_MISSING','a:2:{i:0;s:9:\"prosilver\";i:1;s:2:\"es\";}'),(303,0,2,0,0,0,'82.159.104.78',1353194910,'LOG_CONFIG_SETTINGS',''),(304,0,2,0,0,0,'82.159.104.78',1353194912,'LOG_IMAGESET_LANG_MISSING','a:2:{i:0;s:9:\"prosilver\";i:1;s:2:\"es\";}'),(305,0,2,0,0,0,'82.159.104.78',1353194922,'LOG_IMAGESET_LANG_MISSING','a:2:{i:0;s:9:\"prosilver\";i:1;s:2:\"es\";}'),(306,0,2,0,0,0,'82.159.104.78',1353195124,'LOG_IMAGESET_LANG_MISSING','a:2:{i:0;s:9:\"prosilver\";i:1;s:2:\"es\";}'),(307,0,2,0,0,0,'82.159.104.78',1353195131,'LOG_IMAGESET_LANG_MISSING','a:2:{i:0;s:9:\"prosilver\";i:1;s:2:\"es\";}'),(308,0,2,0,0,0,'82.159.104.78',1353195134,'LOG_IMAGESET_LANG_MISSING','a:2:{i:0;s:9:\"prosilver\";i:1;s:2:\"es\";}'),(309,0,2,0,0,0,'82.159.104.78',1353195139,'LOG_IMAGESET_LANG_MISSING','a:2:{i:0;s:9:\"prosilver\";i:1;s:2:\"es\";}'),(310,0,2,0,0,0,'82.159.104.78',1353195160,'LOG_IMAGESET_LANG_MISSING','a:2:{i:0;s:9:\"prosilver\";i:1;s:2:\"es\";}'),(311,0,2,0,0,0,'82.159.104.78',1353195166,'LOG_IMAGESET_LANG_MISSING','a:2:{i:0;s:9:\"prosilver\";i:1;s:2:\"es\";}'),(312,0,2,0,0,0,'82.159.104.78',1353195170,'LOG_IMAGESET_LANG_MISSING','a:2:{i:0;s:9:\"prosilver\";i:1;s:2:\"es\";}'),(313,0,1,0,0,0,'82.159.104.78',1353195173,'LOG_IMAGESET_LANG_MISSING','a:2:{i:0;s:9:\"prosilver\";i:1;s:2:\"es\";}'),(314,0,1,0,0,0,'82.159.104.78',1353195197,'LOG_IMAGESET_LANG_MISSING','a:2:{i:0;s:9:\"prosilver\";i:1;s:2:\"es\";}'),(315,0,1,0,0,0,'82.159.104.78',1353195209,'LOG_IMAGESET_LANG_MISSING','a:2:{i:0;s:9:\"prosilver\";i:1;s:2:\"es\";}'),(316,0,1,0,0,0,'82.159.104.78',1353195234,'LOG_IMAGESET_LANG_MISSING','a:2:{i:0;s:9:\"prosilver\";i:1;s:2:\"es\";}'),(317,0,1,0,0,0,'82.159.104.78',1353195240,'LOG_IMAGESET_LANG_MISSING','a:2:{i:0;s:9:\"prosilver\";i:1;s:2:\"es\";}'),(318,0,1,0,0,0,'82.159.104.78',1353195246,'LOG_IMAGESET_LANG_MISSING','a:2:{i:0;s:9:\"prosilver\";i:1;s:2:\"es\";}'),(319,0,2,0,0,0,'82.159.104.78',1353195248,'LOG_IMAGESET_LANG_MISSING','a:2:{i:0;s:9:\"prosilver\";i:1;s:2:\"es\";}'),(320,0,2,0,0,0,'82.159.104.78',1353195255,'LOG_IMAGESET_LANG_MISSING','a:2:{i:0;s:9:\"prosilver\";i:1;s:2:\"es\";}'),(321,0,2,0,0,0,'82.159.104.78',1353195261,'LOG_IMAGESET_LANG_MISSING','a:2:{i:0;s:9:\"prosilver\";i:1;s:2:\"es\";}'),(322,0,2,0,0,0,'82.159.104.78',1353195261,'LOG_ADMIN_AUTH_SUCCESS',''),(323,0,2,0,0,0,'82.159.104.78',1353195264,'LOG_IMAGESET_LANG_MISSING','a:2:{i:0;s:9:\"prosilver\";i:1;s:2:\"es\";}'),(324,0,2,0,0,0,'82.159.104.78',1353195272,'LOG_IMAGESET_LANG_MISSING','a:2:{i:0;s:9:\"prosilver\";i:1;s:2:\"es\";}'),(325,0,2,0,0,0,'82.159.104.78',1353195288,'LOG_IMAGESET_LANG_MISSING','a:2:{i:0;s:9:\"prosilver\";i:1;s:2:\"es\";}'),(326,0,2,0,0,0,'82.159.104.78',1353195313,'LOG_IMAGESET_LANG_MISSING','a:2:{i:0;s:9:\"prosilver\";i:1;s:2:\"es\";}'),(327,0,2,0,0,0,'82.159.104.78',1353195314,'LOG_IMAGESET_LANG_MISSING','a:2:{i:0;s:9:\"prosilver\";i:1;s:2:\"es\";}'),(328,0,2,0,0,0,'82.159.104.78',1353195368,'LOG_IMAGESET_LANG_MISSING','a:2:{i:0;s:9:\"prosilver\";i:1;s:2:\"es\";}'),(329,0,2,0,0,0,'82.159.104.78',1353195370,'LOG_IMAGESET_LANG_MISSING','a:2:{i:0;s:9:\"prosilver\";i:1;s:2:\"es\";}'),(330,0,2,0,0,0,'82.159.104.78',1353195375,'LOG_IMAGESET_LANG_MISSING','a:2:{i:0;s:9:\"prosilver\";i:1;s:2:\"es\";}'),(331,0,2,0,0,0,'82.159.104.78',1353195375,'LOG_STYLE_EDIT_DETAILS','a:1:{i:0;s:9:\"Milky Way\";}'),(332,0,2,0,0,0,'82.159.104.78',1353195377,'LOG_IMAGESET_LANG_MISSING','a:2:{i:0;s:9:\"prosilver\";i:1;s:2:\"es\";}'),(333,0,2,0,0,0,'82.159.104.78',1353195380,'LOG_IMAGESET_LANG_MISSING','a:2:{i:0;s:9:\"prosilver\";i:1;s:2:\"es\";}'),(334,0,2,0,0,0,'82.159.104.78',1353195381,'LOG_IMAGESET_LANG_MISSING','a:2:{i:0;s:9:\"prosilver\";i:1;s:2:\"es\";}'),(335,0,2,0,0,0,'82.159.104.78',1353195387,'LOG_IMAGESET_LANG_MISSING','a:2:{i:0;s:9:\"prosilver\";i:1;s:2:\"es\";}'),(336,0,2,0,0,0,'82.159.104.78',1353195388,'LOG_IMAGESET_LANG_MISSING','a:2:{i:0;s:9:\"prosilver\";i:1;s:2:\"es\";}'),(337,0,2,0,0,0,'82.159.104.78',1353195389,'LOG_IMAGESET_LANG_MISSING','a:2:{i:0;s:9:\"prosilver\";i:1;s:2:\"es\";}'),(338,0,2,0,0,0,'82.159.104.78',1353195391,'LOG_IMAGESET_LANG_MISSING','a:2:{i:0;s:9:\"prosilver\";i:1;s:2:\"es\";}'),(339,0,2,0,0,0,'82.159.104.78',1353195392,'LOG_IMAGESET_LANG_MISSING','a:2:{i:0;s:9:\"prosilver\";i:1;s:2:\"es\";}'),(340,0,2,0,0,0,'82.159.104.78',1353195393,'LOG_IMAGESET_LANG_MISSING','a:2:{i:0;s:9:\"prosilver\";i:1;s:2:\"es\";}'),(341,0,2,0,0,0,'82.159.104.78',1353195399,'LOG_IMAGESET_LANG_MISSING','a:2:{i:0;s:9:\"prosilver\";i:1;s:2:\"es\";}'),(342,0,2,0,0,0,'82.159.104.78',1353195407,'LOG_IMAGESET_LANG_MISSING','a:2:{i:0;s:9:\"prosilver\";i:1;s:2:\"es\";}'),(343,0,2,0,0,0,'82.159.104.78',1353195410,'LOG_IMAGESET_LANG_MISSING','a:2:{i:0;s:9:\"prosilver\";i:1;s:2:\"es\";}'),(344,0,2,0,0,0,'82.159.104.78',1353195415,'LOG_IMAGESET_LANG_MISSING','a:2:{i:0;s:9:\"prosilver\";i:1;s:2:\"es\";}'),(345,0,2,0,0,0,'82.159.104.78',1353195418,'LOG_IMAGESET_LANG_MISSING','a:2:{i:0;s:9:\"prosilver\";i:1;s:2:\"es\";}'),(346,0,1,0,0,0,'82.159.104.78',1353195426,'LOG_IMAGESET_LANG_MISSING','a:2:{i:0;s:9:\"prosilver\";i:1;s:2:\"es\";}'),(347,0,2,0,0,0,'82.159.104.78',1353195456,'LOG_IMAGESET_LANG_MISSING','a:2:{i:0;s:9:\"prosilver\";i:1;s:2:\"es\";}'),(348,0,2,0,0,0,'82.159.104.78',1353195458,'LOG_IMAGESET_LANG_MISSING','a:2:{i:0;s:9:\"prosilver\";i:1;s:2:\"es\";}'),(349,0,2,0,0,0,'82.159.104.78',1353195490,'LOG_IMAGESET_LANG_MISSING','a:2:{i:0;s:9:\"prosilver\";i:1;s:2:\"es\";}'),(350,0,2,0,0,0,'82.159.104.78',1353195490,'LOG_CONFIG_SETTINGS',''),(351,0,2,0,0,0,'82.159.104.78',1353195491,'LOG_IMAGESET_LANG_MISSING','a:2:{i:0;s:9:\"prosilver\";i:1;s:2:\"es\";}'),(352,0,1,0,0,0,'82.159.104.78',1353195494,'LOG_IMAGESET_LANG_MISSING','a:2:{i:0;s:9:\"prosilver\";i:1;s:2:\"es\";}'),(353,0,1,0,0,0,'82.159.104.78',1353195501,'LOG_IMAGESET_LANG_MISSING','a:2:{i:0;s:9:\"prosilver\";i:1;s:2:\"es\";}'),(354,0,1,0,0,0,'82.159.104.78',1353195514,'LOG_IMAGESET_LANG_MISSING','a:2:{i:0;s:9:\"prosilver\";i:1;s:2:\"es\";}'),(355,0,1,0,0,0,'82.159.104.78',1353195518,'LOG_IMAGESET_LANG_MISSING','a:2:{i:0;s:9:\"prosilver\";i:1;s:2:\"es\";}'),(356,0,1,0,0,0,'82.159.104.78',1353195519,'LOG_IMAGESET_LANG_MISSING','a:2:{i:0;s:9:\"prosilver\";i:1;s:2:\"es\";}'),(357,0,1,0,0,0,'82.159.104.78',1353195537,'LOG_IMAGESET_LANG_MISSING','a:2:{i:0;s:9:\"prosilver\";i:1;s:2:\"es\";}'),(358,0,1,0,0,0,'82.159.104.78',1353195537,'LOG_IMAGESET_LANG_MISSING','a:2:{i:0;s:9:\"prosilver\";i:1;s:2:\"es\";}'),(359,0,1,0,0,0,'82.159.104.78',1353195548,'LOG_IMAGESET_LANG_MISSING','a:2:{i:0;s:9:\"prosilver\";i:1;s:2:\"es\";}'),(360,0,1,0,0,0,'82.159.104.78',1353195548,'LOG_IMAGESET_LANG_MISSING','a:2:{i:0;s:9:\"prosilver\";i:1;s:2:\"es\";}'),(361,0,1,0,0,0,'82.159.104.78',1353195558,'LOG_IMAGESET_LANG_MISSING','a:2:{i:0;s:9:\"prosilver\";i:1;s:2:\"es\";}'),(362,0,1,0,0,0,'82.159.104.78',1353195596,'LOG_IMAGESET_LANG_MISSING','a:2:{i:0;s:9:\"prosilver\";i:1;s:2:\"es\";}'),(363,0,1,0,0,0,'82.159.104.78',1353195599,'LOG_IMAGESET_LANG_MISSING','a:2:{i:0;s:9:\"prosilver\";i:1;s:2:\"es\";}'),(364,0,1,0,0,0,'82.159.104.78',1353195603,'LOG_IMAGESET_LANG_MISSING','a:2:{i:0;s:9:\"prosilver\";i:1;s:2:\"es\";}'),(365,0,54,0,0,0,'82.159.104.78',1353195605,'LOG_IMAGESET_LANG_MISSING','a:2:{i:0;s:9:\"prosilver\";i:1;s:2:\"es\";}'),(366,0,54,0,0,0,'82.159.104.78',1353195606,'LOG_IMAGESET_LANG_MISSING','a:2:{i:0;s:9:\"prosilver\";i:1;s:2:\"es\";}'),(367,0,54,0,0,0,'82.159.104.78',1353195616,'LOG_IMAGESET_LANG_MISSING','a:2:{i:0;s:9:\"prosilver\";i:1;s:2:\"es\";}'),(368,0,1,0,0,0,'82.159.104.78',1353195640,'LOG_IMAGESET_LANG_MISSING','a:2:{i:0;s:9:\"prosilver\";i:1;s:2:\"es\";}'),(369,0,1,0,0,0,'82.159.104.78',1353195643,'LOG_IMAGESET_LANG_MISSING','a:2:{i:0;s:9:\"prosilver\";i:1;s:2:\"es\";}'),(370,0,1,0,0,0,'82.159.104.78',1353195647,'LOG_IMAGESET_LANG_MISSING','a:2:{i:0;s:9:\"prosilver\";i:1;s:2:\"es\";}'),(371,0,54,0,0,0,'82.159.104.78',1353195648,'LOG_IMAGESET_LANG_MISSING','a:2:{i:0;s:9:\"prosilver\";i:1;s:2:\"es\";}'),(372,0,54,0,0,0,'82.159.104.78',1353195649,'LOG_IMAGESET_LANG_MISSING','a:2:{i:0;s:9:\"prosilver\";i:1;s:2:\"es\";}'),(373,0,54,0,0,0,'82.159.104.78',1353195654,'LOG_IMAGESET_LANG_MISSING','a:2:{i:0;s:9:\"prosilver\";i:1;s:2:\"es\";}'),(374,0,54,0,0,0,'82.159.104.78',1353195656,'LOG_IMAGESET_LANG_MISSING','a:2:{i:0;s:9:\"prosilver\";i:1;s:2:\"es\";}'),(375,0,54,0,0,0,'82.159.104.78',1353195658,'LOG_IMAGESET_LANG_MISSING','a:2:{i:0;s:9:\"prosilver\";i:1;s:2:\"es\";}'),(376,0,54,0,0,0,'82.159.104.78',1353195667,'LOG_IMAGESET_LANG_MISSING','a:2:{i:0;s:9:\"prosilver\";i:1;s:2:\"es\";}'),(377,0,1,0,0,0,'82.159.104.78',1353195668,'LOG_IMAGESET_LANG_MISSING','a:2:{i:0;s:9:\"prosilver\";i:1;s:2:\"es\";}'),(378,0,1,0,0,0,'82.159.104.78',1353195682,'LOG_IMAGESET_LANG_MISSING','a:2:{i:0;s:9:\"prosilver\";i:1;s:2:\"es\";}'),(379,0,2,0,0,0,'82.159.104.78',1353195708,'LOG_IMAGESET_LANG_MISSING','a:2:{i:0;s:9:\"prosilver\";i:1;s:2:\"es\";}'),(380,0,2,0,0,0,'82.159.104.78',1353195708,'LOG_IMAGESET_LANG_MISSING','a:2:{i:0;s:9:\"prosilver\";i:1;s:2:\"es\";}'),(381,0,2,0,0,0,'82.159.104.78',1353195720,'LOG_IMAGESET_LANG_MISSING','a:2:{i:0;s:9:\"prosilver\";i:1;s:2:\"es\";}'),(382,0,2,0,0,0,'82.159.104.78',1353195728,'LOG_IMAGESET_LANG_MISSING','a:2:{i:0;s:9:\"prosilver\";i:1;s:2:\"es\";}'),(383,0,2,0,0,0,'82.159.104.78',1353195732,'LOG_IMAGESET_LANG_MISSING','a:2:{i:0;s:9:\"prosilver\";i:1;s:2:\"es\";}'),(384,0,2,0,0,0,'82.159.104.78',1353195760,'LOG_IMAGESET_LANG_MISSING','a:2:{i:0;s:9:\"prosilver\";i:1;s:2:\"es\";}'),(385,0,2,0,0,0,'82.159.104.78',1353195760,'LOG_IMAGESET_LANG_MISSING','a:2:{i:0;s:9:\"prosilver\";i:1;s:2:\"es\";}'),(386,0,2,0,0,0,'82.159.104.78',1353195761,'LOG_IMAGESET_LANG_MISSING','a:2:{i:0;s:9:\"prosilver\";i:1;s:2:\"es\";}'),(387,0,2,0,0,0,'82.159.104.78',1353195762,'LOG_IMAGESET_LANG_MISSING','a:2:{i:0;s:9:\"prosilver\";i:1;s:2:\"es\";}'),(388,0,2,0,0,0,'82.159.104.78',1353195765,'LOG_IMAGESET_LANG_MISSING','a:2:{i:0;s:9:\"prosilver\";i:1;s:2:\"es\";}'),(389,0,1,0,0,0,'82.159.104.78',1353195871,'LOG_IMAGESET_LANG_MISSING','a:2:{i:0;s:9:\"prosilver\";i:1;s:2:\"es\";}'),(390,0,1,0,0,0,'82.159.104.78',1353195880,'LOG_IMAGESET_LANG_MISSING','a:2:{i:0;s:9:\"prosilver\";i:1;s:2:\"es\";}'),(391,0,2,0,0,0,'82.159.104.78',1353195883,'LOG_IMAGESET_LANG_MISSING','a:2:{i:0;s:9:\"prosilver\";i:1;s:2:\"es\";}'),(392,0,2,0,0,0,'82.159.104.78',1353195883,'LOG_IMAGESET_LANG_MISSING','a:2:{i:0;s:9:\"prosilver\";i:1;s:2:\"es\";}'),(393,0,2,0,0,0,'82.159.104.78',1353195891,'LOG_IMAGESET_LANG_MISSING','a:2:{i:0;s:9:\"prosilver\";i:1;s:2:\"es\";}'),(394,0,2,0,0,0,'82.159.104.78',1353195896,'LOG_IMAGESET_LANG_MISSING','a:2:{i:0;s:9:\"prosilver\";i:1;s:2:\"es\";}'),(395,0,2,0,0,0,'82.159.104.78',1353195896,'LOG_ADMIN_AUTH_SUCCESS',''),(396,0,2,0,0,0,'82.159.104.78',1353195898,'LOG_IMAGESET_LANG_MISSING','a:2:{i:0;s:9:\"prosilver\";i:1;s:2:\"es\";}'),(397,0,2,0,0,0,'82.159.104.78',1353195917,'LOG_IMAGESET_LANG_MISSING','a:2:{i:0;s:9:\"prosilver\";i:1;s:2:\"es\";}'),(398,0,2,0,0,0,'82.159.104.78',1353195921,'LOG_IMAGESET_LANG_MISSING','a:2:{i:0;s:9:\"prosilver\";i:1;s:2:\"es\";}'),(399,0,2,0,0,0,'82.159.104.78',1353195929,'LOG_IMAGESET_LANG_MISSING','a:2:{i:0;s:9:\"prosilver\";i:1;s:2:\"es\";}'),(400,0,2,0,0,0,'82.159.104.78',1353195965,'LOG_IMAGESET_LANG_MISSING','a:2:{i:0;s:9:\"prosilver\";i:1;s:2:\"es\";}'),(401,0,2,0,0,0,'82.159.104.78',1353195965,'LOG_FORUM_EDIT','a:1:{i:0;s:15:\"Normas del foro\";}'),(402,0,2,0,0,0,'82.159.104.78',1353195966,'LOG_IMAGESET_LANG_MISSING','a:2:{i:0;s:9:\"prosilver\";i:1;s:2:\"es\";}'),(403,0,2,0,0,0,'82.159.104.78',1353195971,'LOG_IMAGESET_LANG_MISSING','a:2:{i:0;s:9:\"prosilver\";i:1;s:2:\"es\";}'),(404,0,2,0,0,0,'82.159.104.78',1353195989,'LOG_IMAGESET_LANG_MISSING','a:2:{i:0;s:9:\"prosilver\";i:1;s:2:\"es\";}'),(405,0,2,0,0,0,'82.159.104.78',1353195989,'LOG_FORUM_EDIT','a:1:{i:0;s:8:\"Noticias\";}'),(406,0,2,0,0,0,'82.159.104.78',1353195991,'LOG_IMAGESET_LANG_MISSING','a:2:{i:0;s:9:\"prosilver\";i:1;s:2:\"es\";}'),(407,0,2,0,0,0,'82.159.104.78',1353195994,'LOG_IMAGESET_LANG_MISSING','a:2:{i:0;s:9:\"prosilver\";i:1;s:2:\"es\";}'),(408,0,2,0,0,0,'82.159.104.78',1353195996,'LOG_IMAGESET_LANG_MISSING','a:2:{i:0;s:9:\"prosilver\";i:1;s:2:\"es\";}'),(409,0,2,0,0,0,'82.159.104.78',1353195999,'LOG_IMAGESET_LANG_MISSING','a:2:{i:0;s:9:\"prosilver\";i:1;s:2:\"es\";}'),(410,0,2,0,0,0,'82.159.104.78',1353196002,'LOG_IMAGESET_LANG_MISSING','a:2:{i:0;s:9:\"prosilver\";i:1;s:2:\"es\";}'),(411,0,2,0,0,0,'82.159.104.78',1353196004,'LOG_IMAGESET_LANG_MISSING','a:2:{i:0;s:9:\"prosilver\";i:1;s:2:\"es\";}'),(412,0,2,0,0,0,'82.159.104.78',1353196005,'LOG_IMAGESET_LANG_MISSING','a:2:{i:0;s:9:\"prosilver\";i:1;s:2:\"es\";}'),(413,0,2,0,0,0,'82.159.104.78',1353196007,'LOG_IMAGESET_LANG_MISSING','a:2:{i:0;s:9:\"prosilver\";i:1;s:2:\"es\";}'),(414,0,2,0,0,0,'82.159.104.78',1353196009,'LOG_IMAGESET_LANG_MISSING','a:2:{i:0;s:9:\"prosilver\";i:1;s:2:\"es\";}'),(415,0,2,0,0,0,'82.159.104.78',1353196016,'LOG_IMAGESET_LANG_MISSING','a:2:{i:0;s:9:\"prosilver\";i:1;s:2:\"es\";}'),(416,0,2,0,0,0,'82.159.104.78',1353196031,'LOG_IMAGESET_LANG_MISSING','a:2:{i:0;s:9:\"prosilver\";i:1;s:2:\"es\";}'),(417,0,2,0,0,0,'82.159.104.78',1353196041,'LOG_IMAGESET_LANG_MISSING','a:2:{i:0;s:9:\"prosilver\";i:1;s:2:\"es\";}'),(418,0,2,0,0,0,'82.159.104.78',1353196053,'LOG_IMAGESET_LANG_MISSING','a:2:{i:0;s:9:\"prosilver\";i:1;s:2:\"es\";}'),(419,0,2,0,0,0,'82.159.104.78',1353196082,'LOG_IMAGESET_LANG_MISSING','a:2:{i:0;s:9:\"prosilver\";i:1;s:2:\"es\";}'),(420,0,54,0,0,0,'82.159.104.78',1353196101,'LOG_IMAGESET_LANG_MISSING','a:2:{i:0;s:9:\"prosilver\";i:1;s:2:\"es\";}'),(421,0,54,0,0,0,'82.159.104.78',1353196103,'LOG_IMAGESET_LANG_MISSING','a:2:{i:0;s:9:\"prosilver\";i:1;s:2:\"es\";}'),(422,0,54,0,0,0,'82.159.104.78',1353196110,'LOG_IMAGESET_LANG_MISSING','a:2:{i:0;s:9:\"prosilver\";i:1;s:2:\"es\";}'),(423,0,54,0,0,0,'82.159.104.78',1353196117,'LOG_IMAGESET_LANG_MISSING','a:2:{i:0;s:9:\"prosilver\";i:1;s:2:\"es\";}'),(424,0,54,0,0,0,'82.159.104.78',1353196117,'LOG_IMAGESET_LANG_MISSING','a:2:{i:0;s:9:\"prosilver\";i:1;s:2:\"es\";}'),(425,0,54,0,0,0,'82.159.104.78',1353196126,'LOG_IMAGESET_LANG_MISSING','a:2:{i:0;s:9:\"prosilver\";i:1;s:2:\"es\";}'),(426,0,54,0,0,0,'82.159.104.78',1353196170,'LOG_IMAGESET_LANG_MISSING','a:2:{i:0;s:9:\"prosilver\";i:1;s:2:\"es\";}'),(427,0,2,0,0,0,'82.159.104.78',1353196182,'LOG_IMAGESET_LANG_MISSING','a:2:{i:0;s:9:\"prosilver\";i:1;s:2:\"es\";}'),(428,0,2,0,0,0,'82.159.104.78',1353196232,'LOG_IMAGESET_LANG_MISSING','a:2:{i:0;s:9:\"prosilver\";i:1;s:2:\"es\";}'),(429,0,2,0,0,0,'82.159.104.78',1353196256,'LOG_IMAGESET_LANG_MISSING','a:2:{i:0;s:9:\"prosilver\";i:1;s:2:\"es\";}'),(430,0,2,0,0,0,'82.159.104.78',1353196260,'LOG_IMAGESET_LANG_MISSING','a:2:{i:0;s:9:\"prosilver\";i:1;s:2:\"es\";}'),(431,0,2,0,0,0,'82.159.104.78',1353196263,'LOG_IMAGESET_LANG_MISSING','a:2:{i:0;s:9:\"prosilver\";i:1;s:2:\"es\";}'),(432,0,54,0,0,0,'82.159.104.78',1353196268,'LOG_IMAGESET_LANG_MISSING','a:2:{i:0;s:9:\"prosilver\";i:1;s:2:\"es\";}'),(433,0,54,0,0,0,'82.159.104.78',1353196270,'LOG_IMAGESET_LANG_MISSING','a:2:{i:0;s:9:\"prosilver\";i:1;s:2:\"es\";}'),(434,0,54,0,0,0,'82.159.104.78',1353196274,'LOG_IMAGESET_LANG_MISSING','a:2:{i:0;s:9:\"prosilver\";i:1;s:2:\"es\";}'),(435,0,54,0,0,0,'82.159.104.78',1353196290,'LOG_IMAGESET_LANG_MISSING','a:2:{i:0;s:9:\"prosilver\";i:1;s:2:\"es\";}'),(436,0,54,0,0,0,'82.159.104.78',1353196304,'LOG_IMAGESET_LANG_MISSING','a:2:{i:0;s:9:\"prosilver\";i:1;s:2:\"es\";}'),(437,0,2,0,0,0,'82.159.104.78',1353196309,'LOG_IMAGESET_LANG_MISSING','a:2:{i:0;s:9:\"prosilver\";i:1;s:2:\"es\";}'),(438,0,2,0,0,0,'82.159.104.78',1353196310,'LOG_IMAGESET_LANG_MISSING','a:2:{i:0;s:9:\"prosilver\";i:1;s:2:\"es\";}'),(439,0,2,0,0,0,'82.159.104.78',1353196338,'LOG_IMAGESET_LANG_MISSING','a:2:{i:0;s:9:\"prosilver\";i:1;s:2:\"es\";}'),(440,0,2,0,0,0,'82.159.104.78',1353196340,'LOG_IMAGESET_LANG_MISSING','a:2:{i:0;s:9:\"prosilver\";i:1;s:2:\"es\";}'),(441,0,2,0,0,0,'82.159.104.78',1353196351,'LOG_IMAGESET_LANG_MISSING','a:2:{i:0;s:9:\"prosilver\";i:1;s:2:\"es\";}'),(442,0,2,0,0,0,'82.159.104.78',1353196365,'LOG_IMAGESET_LANG_MISSING','a:2:{i:0;s:9:\"prosilver\";i:1;s:2:\"es\";}'),(443,0,2,0,0,0,'82.159.104.78',1353196376,'LOG_IMAGESET_LANG_MISSING','a:2:{i:0;s:9:\"prosilver\";i:1;s:2:\"es\";}'),(444,0,2,0,0,0,'82.159.104.78',1353196388,'LOG_IMAGESET_LANG_MISSING','a:2:{i:0;s:9:\"prosilver\";i:1;s:2:\"es\";}'),(445,0,2,0,0,0,'82.159.104.78',1353196449,'LOG_IMAGESET_LANG_MISSING','a:2:{i:0;s:9:\"prosilver\";i:1;s:2:\"es\";}'),(446,0,2,0,0,0,'82.159.104.78',1353196456,'LOG_IMAGESET_LANG_MISSING','a:2:{i:0;s:9:\"prosilver\";i:1;s:2:\"es\";}'),(447,0,2,0,0,0,'82.159.104.78',1353196479,'LOG_IMAGESET_LANG_MISSING','a:2:{i:0;s:9:\"prosilver\";i:1;s:2:\"es\";}'),(448,0,1,0,0,0,'82.159.104.78',1353196483,'LOG_IMAGESET_LANG_MISSING','a:2:{i:0;s:9:\"prosilver\";i:1;s:2:\"es\";}'),(449,0,1,0,0,0,'82.159.104.78',1353196488,'LOG_IMAGESET_LANG_MISSING','a:2:{i:0;s:9:\"prosilver\";i:1;s:2:\"es\";}'),(450,0,2,0,0,0,'82.159.104.78',1353196493,'LOG_IMAGESET_LANG_MISSING','a:2:{i:0;s:9:\"prosilver\";i:1;s:2:\"es\";}'),(451,0,2,0,0,0,'82.159.104.78',1353196495,'LOG_IMAGESET_LANG_MISSING','a:2:{i:0;s:9:\"prosilver\";i:1;s:2:\"es\";}'),(452,0,1,0,0,0,'82.159.104.78',1353196499,'LOG_IMAGESET_LANG_MISSING','a:2:{i:0;s:9:\"prosilver\";i:1;s:2:\"es\";}'),(453,0,54,0,0,0,'82.159.104.78',1353196508,'LOG_IMAGESET_LANG_MISSING','a:2:{i:0;s:9:\"prosilver\";i:1;s:2:\"es\";}'),(454,0,54,0,0,0,'82.159.104.78',1353196512,'LOG_IMAGESET_LANG_MISSING','a:2:{i:0;s:9:\"prosilver\";i:1;s:2:\"es\";}'),(455,0,54,0,0,0,'82.159.104.78',1353196512,'LOG_IMAGESET_LANG_MISSING','a:2:{i:0;s:9:\"prosilver\";i:1;s:2:\"es\";}'),(456,0,54,0,0,0,'82.159.104.78',1353196513,'LOG_IMAGESET_LANG_MISSING','a:2:{i:0;s:9:\"prosilver\";i:1;s:2:\"es\";}'),(457,0,54,0,0,0,'82.159.104.78',1353196514,'LOG_IMAGESET_LANG_MISSING','a:2:{i:0;s:9:\"prosilver\";i:1;s:2:\"es\";}'),(458,0,54,0,0,0,'82.159.104.78',1353196514,'LOG_IMAGESET_LANG_MISSING','a:2:{i:0;s:9:\"prosilver\";i:1;s:2:\"es\";}'),(459,0,54,0,0,0,'82.159.104.78',1353196516,'LOG_IMAGESET_LANG_MISSING','a:2:{i:0;s:9:\"prosilver\";i:1;s:2:\"es\";}'),(460,0,1,0,0,0,'82.159.104.78',1353196951,'LOG_IMAGESET_LANG_MISSING','a:2:{i:0;s:9:\"prosilver\";i:1;s:2:\"es\";}'),(461,0,1,0,0,0,'82.159.104.78',1353196982,'LOG_IMAGESET_LANG_MISSING','a:2:{i:0;s:9:\"prosilver\";i:1;s:2:\"es\";}'),(462,0,1,0,0,0,'82.159.104.78',1353228570,'LOG_IMAGESET_LANG_MISSING','a:2:{i:0;s:9:\"prosilver\";i:1;s:2:\"es\";}'),(463,2,1,0,0,0,'82.159.104.78',1353228570,'LOG_IMAGE_GENERATION_ERROR','a:3:{i:0;s:15:\"[ROOT]/cron.php\";i:1;i:26;i:2;s:99:\"Cannot modify header information - headers already sent by (output started at [ROOT]/common.php:79)\";}'),(464,2,1,0,0,0,'82.159.104.78',1353228570,'LOG_IMAGE_GENERATION_ERROR','a:3:{i:0;s:15:\"[ROOT]/cron.php\";i:1;i:27;i:2;s:99:\"Cannot modify header information - headers already sent by (output started at [ROOT]/common.php:79)\";}'),(465,2,1,0,0,0,'82.159.104.78',1353228570,'LOG_IMAGE_GENERATION_ERROR','a:3:{i:0;s:15:\"[ROOT]/cron.php\";i:1;i:28;i:2;s:99:\"Cannot modify header information - headers already sent by (output started at [ROOT]/common.php:79)\";}'),(466,0,1,0,0,0,'82.159.104.78',1353228716,'LOG_IMAGESET_LANG_MISSING','a:2:{i:0;s:9:\"prosilver\";i:1;s:2:\"es\";}'),(467,2,1,0,0,0,'82.159.104.78',1353228716,'LOG_IMAGE_GENERATION_ERROR','a:3:{i:0;s:15:\"[ROOT]/cron.php\";i:1;i:26;i:2;s:99:\"Cannot modify header information - headers already sent by (output started at [ROOT]/common.php:79)\";}'),(468,2,1,0,0,0,'82.159.104.78',1353228716,'LOG_IMAGE_GENERATION_ERROR','a:3:{i:0;s:15:\"[ROOT]/cron.php\";i:1;i:27;i:2;s:99:\"Cannot modify header information - headers already sent by (output started at [ROOT]/common.php:79)\";}'),(469,2,1,0,0,0,'82.159.104.78',1353228716,'LOG_IMAGE_GENERATION_ERROR','a:3:{i:0;s:15:\"[ROOT]/cron.php\";i:1;i:28;i:2;s:99:\"Cannot modify header information - headers already sent by (output started at [ROOT]/common.php:79)\";}'),(470,0,1,0,0,0,'82.159.104.78',1353228732,'LOG_IMAGESET_LANG_MISSING','a:2:{i:0;s:9:\"prosilver\";i:1;s:2:\"es\";}'),(471,2,1,0,0,0,'82.159.104.78',1353228732,'LOG_IMAGE_GENERATION_ERROR','a:3:{i:0;s:15:\"[ROOT]/cron.php\";i:1;i:26;i:2;s:99:\"Cannot modify header information - headers already sent by (output started at [ROOT]/common.php:79)\";}'),(472,2,1,0,0,0,'82.159.104.78',1353228732,'LOG_IMAGE_GENERATION_ERROR','a:3:{i:0;s:15:\"[ROOT]/cron.php\";i:1;i:27;i:2;s:99:\"Cannot modify header information - headers already sent by (output started at [ROOT]/common.php:79)\";}'),(473,2,1,0,0,0,'82.159.104.78',1353228732,'LOG_IMAGE_GENERATION_ERROR','a:3:{i:0;s:15:\"[ROOT]/cron.php\";i:1;i:28;i:2;s:99:\"Cannot modify header information - headers already sent by (output started at [ROOT]/common.php:79)\";}'),(474,0,1,0,0,0,'82.159.104.78',1353228735,'LOG_IMAGESET_LANG_MISSING','a:2:{i:0;s:9:\"prosilver\";i:1;s:2:\"es\";}'),(475,2,1,0,0,0,'82.159.104.78',1353228736,'LOG_IMAGE_GENERATION_ERROR','a:3:{i:0;s:15:\"[ROOT]/cron.php\";i:1;i:26;i:2;s:99:\"Cannot modify header information - headers already sent by (output started at [ROOT]/common.php:79)\";}'),(476,2,1,0,0,0,'82.159.104.78',1353228736,'LOG_IMAGE_GENERATION_ERROR','a:3:{i:0;s:15:\"[ROOT]/cron.php\";i:1;i:27;i:2;s:99:\"Cannot modify header information - headers already sent by (output started at [ROOT]/common.php:79)\";}'),(477,2,1,0,0,0,'82.159.104.78',1353228736,'LOG_IMAGE_GENERATION_ERROR','a:3:{i:0;s:15:\"[ROOT]/cron.php\";i:1;i:28;i:2;s:99:\"Cannot modify header information - headers already sent by (output started at [ROOT]/common.php:79)\";}'),(478,0,1,0,0,0,'82.159.104.78',1353228738,'LOG_IMAGESET_LANG_MISSING','a:2:{i:0;s:9:\"prosilver\";i:1;s:2:\"es\";}'),(479,0,1,0,0,0,'82.159.104.78',1353228777,'LOG_IMAGESET_LANG_MISSING','a:2:{i:0;s:9:\"prosilver\";i:1;s:2:\"es\";}'),(480,0,1,0,0,0,'82.159.104.78',1353228794,'LOG_IMAGESET_LANG_MISSING','a:2:{i:0;s:9:\"prosilver\";i:1;s:2:\"es\";}'),(481,0,1,0,0,0,'82.159.104.78',1353228880,'LOG_IMAGESET_LANG_MISSING','a:2:{i:0;s:9:\"prosilver\";i:1;s:2:\"es\";}'),(482,0,1,0,0,0,'82.159.104.78',1353228897,'LOG_IMAGESET_LANG_MISSING','a:2:{i:0;s:9:\"prosilver\";i:1;s:2:\"es\";}'),(483,0,1,0,0,0,'82.159.104.78',1353228924,'LOG_IMAGESET_LANG_MISSING','a:2:{i:0;s:9:\"prosilver\";i:1;s:2:\"es\";}'),(484,0,1,0,0,0,'82.159.104.78',1353228929,'LOG_IMAGESET_LANG_MISSING','a:2:{i:0;s:9:\"prosilver\";i:1;s:2:\"es\";}'),(485,0,1,0,0,0,'82.159.104.78',1353228936,'LOG_IMAGESET_LANG_MISSING','a:2:{i:0;s:9:\"prosilver\";i:1;s:2:\"es\";}'),(486,0,2,0,0,0,'82.159.104.78',1353228938,'LOG_IMAGESET_LANG_MISSING','a:2:{i:0;s:9:\"prosilver\";i:1;s:2:\"es\";}'),(487,0,2,0,0,0,'82.159.104.78',1353228938,'LOG_IMAGESET_LANG_MISSING','a:2:{i:0;s:9:\"prosilver\";i:1;s:2:\"es\";}'),(488,0,2,0,0,0,'82.159.104.78',1353228949,'LOG_IMAGESET_LANG_MISSING','a:2:{i:0;s:9:\"prosilver\";i:1;s:2:\"es\";}'),(489,0,2,0,0,0,'82.159.104.78',1353228954,'LOG_IMAGESET_LANG_MISSING','a:2:{i:0;s:9:\"prosilver\";i:1;s:2:\"es\";}'),(490,0,2,0,0,0,'82.159.104.78',1353228954,'LOG_ADMIN_AUTH_SUCCESS',''),(491,0,2,0,0,0,'82.159.104.78',1353228957,'LOG_IMAGESET_LANG_MISSING','a:2:{i:0;s:9:\"prosilver\";i:1;s:2:\"es\";}'),(492,0,2,0,0,0,'82.159.104.78',1353228963,'LOG_IMAGESET_LANG_MISSING','a:2:{i:0;s:9:\"prosilver\";i:1;s:2:\"es\";}'),(493,0,2,0,0,0,'82.159.104.78',1353228965,'LOG_IMAGESET_LANG_MISSING','a:2:{i:0;s:9:\"prosilver\";i:1;s:2:\"es\";}'),(494,0,2,0,0,0,'82.159.104.78',1353228966,'LOG_IMAGESET_LANG_MISSING','a:2:{i:0;s:9:\"prosilver\";i:1;s:2:\"es\";}'),(495,0,2,0,0,0,'82.159.104.78',1353228972,'LOG_IMAGESET_LANG_MISSING','a:2:{i:0;s:9:\"prosilver\";i:1;s:2:\"es\";}'),(496,0,2,0,0,0,'82.159.104.78',1353228982,'LOG_IMAGESET_LANG_MISSING','a:2:{i:0;s:9:\"prosilver\";i:1;s:2:\"es\";}'),(497,0,2,0,0,0,'82.159.104.78',1353228987,'LOG_IMAGESET_LANG_MISSING','a:2:{i:0;s:9:\"prosilver\";i:1;s:2:\"es\";}'),(498,0,2,0,0,0,'82.159.104.78',1353228988,'LOG_IMAGESET_LANG_MISSING','a:2:{i:0;s:9:\"prosilver\";i:1;s:2:\"es\";}'),(499,0,2,0,0,0,'82.159.104.78',1353228993,'LOG_IMAGESET_LANG_MISSING','a:2:{i:0;s:9:\"prosilver\";i:1;s:2:\"es\";}'),(500,0,2,0,0,0,'82.159.104.78',1353228996,'LOG_IMAGESET_LANG_MISSING','a:2:{i:0;s:9:\"prosilver\";i:1;s:2:\"es\";}'),(501,0,2,0,0,0,'82.159.104.78',1353228998,'LOG_IMAGESET_LANG_MISSING','a:2:{i:0;s:9:\"prosilver\";i:1;s:2:\"es\";}'),(502,0,2,0,0,0,'82.159.104.78',1353229010,'LOG_IMAGESET_LANG_MISSING','a:2:{i:0;s:9:\"prosilver\";i:1;s:2:\"es\";}'),(503,0,2,0,0,0,'82.159.104.78',1353229012,'LOG_IMAGESET_LANG_MISSING','a:2:{i:0;s:9:\"prosilver\";i:1;s:2:\"es\";}'),(504,0,2,0,0,0,'82.159.104.78',1353229016,'LOG_IMAGESET_LANG_MISSING','a:2:{i:0;s:9:\"prosilver\";i:1;s:2:\"es\";}'),(505,0,2,0,0,0,'82.159.104.78',1353229021,'LOG_IMAGESET_LANG_MISSING','a:2:{i:0;s:9:\"prosilver\";i:1;s:2:\"es\";}'),(506,0,1,0,0,0,'82.159.104.78',1353229089,'LOG_IMAGESET_LANG_MISSING','a:2:{i:0;s:9:\"prosilver\";i:1;s:2:\"es\";}'),(507,0,1,0,0,0,'82.159.104.78',1353229092,'LOG_IMAGESET_LANG_MISSING','a:2:{i:0;s:9:\"prosilver\";i:1;s:2:\"es\";}'),(508,0,1,0,0,0,'82.159.104.78',1353229101,'LOG_IMAGESET_LANG_MISSING','a:2:{i:0;s:9:\"prosilver\";i:1;s:2:\"es\";}'),(509,0,2,0,0,0,'82.159.104.78',1353229102,'LOG_IMAGESET_LANG_MISSING','a:2:{i:0;s:9:\"prosilver\";i:1;s:2:\"es\";}'),(510,0,2,0,0,0,'82.159.104.78',1353229102,'LOG_IMAGESET_LANG_MISSING','a:2:{i:0;s:9:\"prosilver\";i:1;s:2:\"es\";}'),(511,0,2,0,0,0,'82.159.104.78',1353229182,'LOG_IMAGESET_LANG_MISSING','a:2:{i:0;s:9:\"prosilver\";i:1;s:2:\"es\";}'),(512,0,2,0,0,0,'82.159.104.78',1353229192,'LOG_IMAGESET_LANG_MISSING','a:2:{i:0;s:9:\"prosilver\";i:1;s:2:\"es\";}'),(513,0,1,0,0,0,'82.159.104.78',1353229194,'LOG_IMAGESET_LANG_MISSING','a:2:{i:0;s:9:\"prosilver\";i:1;s:2:\"es\";}'),(514,0,1,0,0,0,'82.159.104.78',1353229196,'LOG_IMAGESET_LANG_MISSING','a:2:{i:0;s:9:\"prosilver\";i:1;s:2:\"es\";}'),(515,0,1,0,0,0,'82.159.104.78',1353229205,'LOG_IMAGESET_LANG_MISSING','a:2:{i:0;s:9:\"prosilver\";i:1;s:2:\"es\";}'),(516,0,1,0,0,0,'82.159.104.78',1353229208,'LOG_IMAGESET_LANG_MISSING','a:2:{i:0;s:9:\"prosilver\";i:1;s:2:\"es\";}'),(517,0,1,0,0,0,'82.159.104.78',1353229208,'LOG_IMAGESET_LANG_MISSING','a:2:{i:0;s:9:\"prosilver\";i:1;s:2:\"es\";}'),(518,0,1,0,0,0,'82.159.104.78',1353229239,'LOG_IMAGESET_LANG_MISSING','a:2:{i:0;s:9:\"prosilver\";i:1;s:2:\"es\";}'),(519,0,1,0,0,0,'82.159.104.78',1353229261,'LOG_IMAGESET_LANG_MISSING','a:2:{i:0;s:9:\"prosilver\";i:1;s:2:\"es\";}'),(520,0,1,0,0,0,'82.159.104.78',1353229263,'LOG_IMAGESET_LANG_MISSING','a:2:{i:0;s:9:\"prosilver\";i:1;s:2:\"es\";}'),(521,0,1,0,0,0,'82.159.104.78',1353229269,'LOG_IMAGESET_LANG_MISSING','a:2:{i:0;s:9:\"prosilver\";i:1;s:2:\"es\";}'),(522,0,2,0,0,0,'82.159.104.78',1353229271,'LOG_IMAGESET_LANG_MISSING','a:2:{i:0;s:9:\"prosilver\";i:1;s:2:\"es\";}'),(523,0,2,0,0,0,'82.159.104.78',1353229271,'LOG_IMAGESET_LANG_MISSING','a:2:{i:0;s:9:\"prosilver\";i:1;s:2:\"es\";}'),(524,0,2,0,0,0,'82.159.104.78',1353229273,'LOG_IMAGESET_LANG_MISSING','a:2:{i:0;s:9:\"prosilver\";i:1;s:2:\"es\";}'),(525,0,2,0,0,0,'82.159.104.78',1353229277,'LOG_IMAGESET_LANG_MISSING','a:2:{i:0;s:9:\"prosilver\";i:1;s:2:\"es\";}'),(526,0,2,0,0,0,'82.159.104.78',1353229277,'LOG_ADMIN_AUTH_SUCCESS',''),(527,0,2,0,0,0,'82.159.104.78',1353229278,'LOG_IMAGESET_LANG_MISSING','a:2:{i:0;s:9:\"prosilver\";i:1;s:2:\"es\";}'),(528,0,2,0,0,0,'82.159.104.78',1353229283,'LOG_IMAGESET_LANG_MISSING','a:2:{i:0;s:9:\"prosilver\";i:1;s:2:\"es\";}'),(529,0,2,0,0,0,'82.159.104.78',1353229288,'LOG_IMAGESET_LANG_MISSING','a:2:{i:0;s:9:\"prosilver\";i:1;s:2:\"es\";}'),(530,0,2,0,0,0,'82.159.104.78',1353229306,'LOG_IMAGESET_LANG_MISSING','a:2:{i:0;s:9:\"prosilver\";i:1;s:2:\"es\";}'),(531,3,2,0,0,2,'82.159.104.78',1353229306,'LOG_USER_UPDATE_EMAIL','a:3:{i:0;s:5:\"phpbb\";i:1;s:23:\"buscobici.com@gmail.com\";i:2;s:19:\"sarroutbi@gmail.com\";}'),(532,0,2,0,0,0,'82.159.104.78',1353229306,'LOG_USER_USER_UPDATE','a:1:{i:0;s:5:\"phpbb\";}'),(533,0,2,0,0,0,'82.159.104.78',1353229310,'LOG_IMAGESET_LANG_MISSING','a:2:{i:0;s:9:\"prosilver\";i:1;s:2:\"es\";}'),(534,0,2,0,0,0,'82.159.104.78',1353229310,'LOG_IMAGESET_LANG_MISSING','a:2:{i:0;s:9:\"prosilver\";i:1;s:2:\"es\";}'),(535,0,2,0,0,0,'82.159.104.78',1353229315,'LOG_IMAGESET_LANG_MISSING','a:2:{i:0;s:9:\"prosilver\";i:1;s:2:\"es\";}'),(536,0,2,0,0,0,'82.159.104.78',1353229320,'LOG_IMAGESET_LANG_MISSING','a:2:{i:0;s:9:\"prosilver\";i:1;s:2:\"es\";}'),(537,0,1,0,0,0,'82.159.104.78',1353229322,'LOG_IMAGESET_LANG_MISSING','a:2:{i:0;s:9:\"prosilver\";i:1;s:2:\"es\";}'),(538,0,1,0,0,0,'82.159.104.78',1353229325,'LOG_IMAGESET_LANG_MISSING','a:2:{i:0;s:9:\"prosilver\";i:1;s:2:\"es\";}'),(539,0,1,0,0,0,'82.159.104.78',1353229330,'LOG_IMAGESET_LANG_MISSING','a:2:{i:0;s:9:\"prosilver\";i:1;s:2:\"es\";}'),(540,0,1,0,0,0,'82.159.104.78',1353229333,'LOG_IMAGESET_LANG_MISSING','a:2:{i:0;s:9:\"prosilver\";i:1;s:2:\"es\";}'),(541,0,1,0,0,0,'82.159.104.78',1353229333,'LOG_IMAGESET_LANG_MISSING','a:2:{i:0;s:9:\"prosilver\";i:1;s:2:\"es\";}'),(542,0,1,0,0,0,'82.159.104.78',1353229350,'LOG_IMAGESET_LANG_MISSING','a:2:{i:0;s:9:\"prosilver\";i:1;s:2:\"es\";}'),(543,0,1,0,0,0,'82.159.104.78',1353229350,'LOG_IMAGESET_LANG_MISSING','a:2:{i:0;s:9:\"prosilver\";i:1;s:2:\"es\";}'),(544,0,1,0,0,0,'82.159.104.78',1353229358,'LOG_IMAGESET_LANG_MISSING','a:2:{i:0;s:9:\"prosilver\";i:1;s:2:\"es\";}'),(545,0,1,0,0,0,'82.159.104.78',1353229359,'LOG_IMAGESET_LANG_MISSING','a:2:{i:0;s:9:\"prosilver\";i:1;s:2:\"es\";}'),(546,0,1,0,0,0,'82.159.104.78',1353229367,'LOG_IMAGESET_LANG_MISSING','a:2:{i:0;s:9:\"prosilver\";i:1;s:2:\"es\";}'),(547,0,1,0,0,0,'82.159.104.78',1353229379,'LOG_IMAGESET_LANG_MISSING','a:2:{i:0;s:9:\"prosilver\";i:1;s:2:\"es\";}'),(548,0,55,0,0,0,'82.159.104.78',1353229380,'LOG_IMAGESET_LANG_MISSING','a:2:{i:0;s:9:\"prosilver\";i:1;s:2:\"es\";}'),(549,0,55,0,0,0,'82.159.104.78',1353229380,'LOG_IMAGESET_LANG_MISSING','a:2:{i:0;s:9:\"prosilver\";i:1;s:2:\"es\";}'),(550,0,55,0,0,0,'82.159.104.78',1353229513,'LOG_IMAGESET_LANG_MISSING','a:2:{i:0;s:9:\"prosilver\";i:1;s:2:\"es\";}'),(551,0,1,0,0,0,'82.159.104.78',1353229514,'LOG_IMAGESET_LANG_MISSING','a:2:{i:0;s:9:\"prosilver\";i:1;s:2:\"es\";}'),(552,0,1,0,0,0,'82.159.104.78',1353229517,'LOG_IMAGESET_LANG_MISSING','a:2:{i:0;s:9:\"prosilver\";i:1;s:2:\"es\";}'),(553,0,1,0,0,0,'82.159.104.78',1353229522,'LOG_IMAGESET_LANG_MISSING','a:2:{i:0;s:9:\"prosilver\";i:1;s:2:\"es\";}'),(554,0,2,0,0,0,'82.159.104.78',1353229524,'LOG_IMAGESET_LANG_MISSING','a:2:{i:0;s:9:\"prosilver\";i:1;s:2:\"es\";}'),(555,0,2,0,0,0,'82.159.104.78',1353229524,'LOG_IMAGESET_LANG_MISSING','a:2:{i:0;s:9:\"prosilver\";i:1;s:2:\"es\";}'),(556,0,2,0,0,0,'82.159.104.78',1353229530,'LOG_IMAGESET_LANG_MISSING','a:2:{i:0;s:9:\"prosilver\";i:1;s:2:\"es\";}'),(557,0,2,0,0,0,'82.159.104.78',1353229535,'LOG_IMAGESET_LANG_MISSING','a:2:{i:0;s:9:\"prosilver\";i:1;s:2:\"es\";}'),(558,0,2,0,0,0,'82.159.104.78',1353229535,'LOG_ADMIN_AUTH_SUCCESS',''),(559,0,2,0,0,0,'82.159.104.78',1353229538,'LOG_IMAGESET_LANG_MISSING','a:2:{i:0;s:9:\"prosilver\";i:1;s:2:\"es\";}'),(560,0,2,0,0,0,'82.159.104.78',1353229540,'LOG_IMAGESET_LANG_MISSING','a:2:{i:0;s:9:\"prosilver\";i:1;s:2:\"es\";}'),(561,0,2,0,0,0,'82.159.104.78',1353229547,'LOG_IMAGESET_LANG_MISSING','a:2:{i:0;s:9:\"prosilver\";i:1;s:2:\"es\";}'),(562,0,2,0,0,0,'82.159.104.78',1353229549,'LOG_IMAGESET_LANG_MISSING','a:2:{i:0;s:9:\"prosilver\";i:1;s:2:\"es\";}'),(563,0,2,0,0,0,'82.159.104.78',1353229564,'LOG_IMAGESET_LANG_MISSING','a:2:{i:0;s:9:\"prosilver\";i:1;s:2:\"es\";}'),(564,0,2,0,0,0,'82.159.104.78',1353229643,'LOG_IMAGESET_LANG_MISSING','a:2:{i:0;s:9:\"prosilver\";i:1;s:2:\"es\";}'),(565,0,2,0,0,0,'82.159.104.78',1353229658,'LOG_IMAGESET_LANG_MISSING','a:2:{i:0;s:9:\"prosilver\";i:1;s:2:\"es\";}'),(566,0,2,0,0,0,'82.159.104.78',1353229663,'LOG_IMAGESET_LANG_MISSING','a:2:{i:0;s:9:\"prosilver\";i:1;s:2:\"es\";}'),(567,0,2,0,0,0,'82.159.104.78',1353229669,'LOG_IMAGESET_LANG_MISSING','a:2:{i:0;s:9:\"prosilver\";i:1;s:2:\"es\";}'),(568,0,2,0,0,0,'82.159.104.78',1353229688,'LOG_IMAGESET_LANG_MISSING','a:2:{i:0;s:9:\"prosilver\";i:1;s:2:\"es\";}'),(569,0,2,0,0,0,'82.159.104.78',1353229697,'LOG_IMAGESET_LANG_MISSING','a:2:{i:0;s:9:\"prosilver\";i:1;s:2:\"es\";}'),(570,0,2,0,0,0,'82.159.104.78',1353229723,'LOG_IMAGESET_LANG_MISSING','a:2:{i:0;s:9:\"prosilver\";i:1;s:2:\"es\";}'),(571,0,2,0,0,0,'82.159.104.78',1353229723,'LOG_ACL_ADD_USER_GLOBAL_U_','a:1:{i:0;s:13:\"buscobici.com\";}'),(572,0,2,0,0,0,'82.159.104.78',1353229724,'LOG_IMAGESET_LANG_MISSING','a:2:{i:0;s:9:\"prosilver\";i:1;s:2:\"es\";}'),(573,0,2,0,0,0,'82.159.104.78',1353229730,'LOG_IMAGESET_LANG_MISSING','a:2:{i:0;s:9:\"prosilver\";i:1;s:2:\"es\";}'),(574,0,2,0,0,0,'82.159.104.78',1353229740,'LOG_IMAGESET_LANG_MISSING','a:2:{i:0;s:9:\"prosilver\";i:1;s:2:\"es\";}'),(575,0,2,0,0,0,'82.159.104.78',1353229766,'LOG_IMAGESET_LANG_MISSING','a:2:{i:0;s:9:\"prosilver\";i:1;s:2:\"es\";}'),(576,0,2,0,0,0,'82.159.104.78',1353229781,'LOG_IMAGESET_LANG_MISSING','a:2:{i:0;s:9:\"prosilver\";i:1;s:2:\"es\";}'),(577,0,2,0,0,0,'82.159.104.78',1353229789,'LOG_IMAGESET_LANG_MISSING','a:2:{i:0;s:9:\"prosilver\";i:1;s:2:\"es\";}'),(578,0,2,0,0,0,'82.159.104.78',1353229796,'LOG_IMAGESET_LANG_MISSING','a:2:{i:0;s:9:\"prosilver\";i:1;s:2:\"es\";}'),(579,0,2,0,0,0,'82.159.104.78',1353229796,'LOG_ACL_ADD_USER_GLOBAL_M_','a:1:{i:0;s:13:\"buscobici.com\";}'),(580,0,2,0,0,0,'82.159.104.78',1353229797,'LOG_IMAGESET_LANG_MISSING','a:2:{i:0;s:9:\"prosilver\";i:1;s:2:\"es\";}'),(581,0,2,0,0,0,'82.159.104.78',1353229803,'LOG_IMAGESET_LANG_MISSING','a:2:{i:0;s:9:\"prosilver\";i:1;s:2:\"es\";}'),(582,0,2,0,0,0,'82.159.104.78',1353229811,'LOG_IMAGESET_LANG_MISSING','a:2:{i:0;s:9:\"prosilver\";i:1;s:2:\"es\";}'),(583,0,2,0,0,0,'82.159.104.78',1353229816,'LOG_IMAGESET_LANG_MISSING','a:2:{i:0;s:9:\"prosilver\";i:1;s:2:\"es\";}'),(584,0,2,0,0,0,'82.159.104.78',1353229816,'LOG_ACL_ADD_USER_GLOBAL_A_','a:1:{i:0;s:13:\"buscobici.com\";}'),(585,0,2,0,0,0,'82.159.104.78',1353229817,'LOG_IMAGESET_LANG_MISSING','a:2:{i:0;s:9:\"prosilver\";i:1;s:2:\"es\";}'),(586,0,2,0,0,0,'82.159.104.78',1353229832,'LOG_IMAGESET_LANG_MISSING','a:2:{i:0;s:9:\"prosilver\";i:1;s:2:\"es\";}'),(587,0,2,0,0,0,'82.159.104.78',1353229847,'LOG_IMAGESET_LANG_MISSING','a:2:{i:0;s:9:\"prosilver\";i:1;s:2:\"es\";}'),(588,0,1,0,0,0,'82.159.104.78',1353229849,'LOG_IMAGESET_LANG_MISSING','a:2:{i:0;s:9:\"prosilver\";i:1;s:2:\"es\";}'),(589,0,1,0,0,0,'82.159.104.78',1353229851,'LOG_IMAGESET_LANG_MISSING','a:2:{i:0;s:9:\"prosilver\";i:1;s:2:\"es\";}'),(590,0,1,0,0,0,'82.159.104.78',1353229859,'LOG_IMAGESET_LANG_MISSING','a:2:{i:0;s:9:\"prosilver\";i:1;s:2:\"es\";}'),(591,0,55,0,0,0,'82.159.104.78',1353229861,'LOG_IMAGESET_LANG_MISSING','a:2:{i:0;s:9:\"prosilver\";i:1;s:2:\"es\";}'),(592,0,55,0,0,0,'82.159.104.78',1353229861,'LOG_IMAGESET_LANG_MISSING','a:2:{i:0;s:9:\"prosilver\";i:1;s:2:\"es\";}'),(593,0,2,0,0,0,'82.159.104.78',1353229876,'LOG_IMAGESET_LANG_MISSING','a:2:{i:0;s:9:\"prosilver\";i:1;s:2:\"es\";}'),(594,0,2,0,0,0,'82.159.104.78',1353229878,'LOG_IMAGESET_LANG_MISSING','a:2:{i:0;s:9:\"prosilver\";i:1;s:2:\"es\";}'),(595,0,2,0,0,0,'82.159.104.78',1353229883,'LOG_IMAGESET_LANG_MISSING','a:2:{i:0;s:9:\"prosilver\";i:1;s:2:\"es\";}'),(596,0,2,0,0,0,'82.159.104.78',1353229895,'LOG_IMAGESET_LANG_MISSING','a:2:{i:0;s:9:\"prosilver\";i:1;s:2:\"es\";}'),(597,0,2,0,0,0,'82.159.104.78',1353229912,'LOG_IMAGESET_LANG_MISSING','a:2:{i:0;s:9:\"prosilver\";i:1;s:2:\"es\";}'),(598,0,2,0,0,0,'82.159.104.78',1353229916,'LOG_IMAGESET_LANG_MISSING','a:2:{i:0;s:9:\"prosilver\";i:1;s:2:\"es\";}'),(599,0,2,0,0,0,'82.159.104.78',1353229939,'LOG_IMAGESET_LANG_MISSING','a:2:{i:0;s:9:\"prosilver\";i:1;s:2:\"es\";}'),(600,0,2,0,0,0,'82.159.104.78',1353229939,'LOG_USERS_ADDED','a:2:{i:0;s:15:\"Administradores\";i:1;s:13:\"buscobici.com\";}'),(601,0,2,0,0,0,'82.159.104.78',1353229941,'LOG_IMAGESET_LANG_MISSING','a:2:{i:0;s:9:\"prosilver\";i:1;s:2:\"es\";}'),(602,0,2,0,0,0,'82.159.104.78',1353229954,'LOG_IMAGESET_LANG_MISSING','a:2:{i:0;s:9:\"prosilver\";i:1;s:2:\"es\";}'),(603,0,2,0,0,0,'82.159.104.78',1353229954,'LOG_GROUP_PROMOTED','a:2:{i:0;s:15:\"Administradores\";i:1;s:13:\"buscobici.com\";}'),(604,0,2,0,0,0,'82.159.104.78',1353229955,'LOG_IMAGESET_LANG_MISSING','a:2:{i:0;s:9:\"prosilver\";i:1;s:2:\"es\";}'),(605,0,2,0,0,0,'82.159.104.78',1353229963,'LOG_IMAGESET_LANG_MISSING','a:2:{i:0;s:9:\"prosilver\";i:1;s:2:\"es\";}'),(606,0,2,0,0,0,'82.159.104.78',1353229965,'LOG_IMAGESET_LANG_MISSING','a:2:{i:0;s:9:\"prosilver\";i:1;s:2:\"es\";}'),(607,0,2,0,0,0,'82.159.104.78',1353229965,'LOG_GROUP_DEFAULTS','a:2:{i:0;s:15:\"Administradores\";i:1;s:13:\"buscobici.com\";}'),(608,0,2,0,0,0,'82.159.104.78',1353229966,'LOG_IMAGESET_LANG_MISSING','a:2:{i:0;s:9:\"prosilver\";i:1;s:2:\"es\";}'),(609,0,2,0,0,0,'82.159.104.78',1353229980,'LOG_IMAGESET_LANG_MISSING','a:2:{i:0;s:9:\"prosilver\";i:1;s:2:\"es\";}'),(610,0,2,0,0,0,'82.159.104.78',1353229980,'LOG_GROUP_DEMOTED','a:2:{i:0;s:15:\"Administradores\";i:1;s:5:\"phpbb\";}'),(611,0,2,0,0,0,'82.159.104.78',1353229982,'LOG_IMAGESET_LANG_MISSING','a:2:{i:0;s:9:\"prosilver\";i:1;s:2:\"es\";}'),(612,0,55,0,0,0,'82.159.104.78',1353229995,'LOG_IMAGESET_LANG_MISSING','a:2:{i:0;s:9:\"prosilver\";i:1;s:2:\"es\";}'),(613,0,55,0,0,0,'82.159.104.78',1353230151,'LOG_IMAGESET_LANG_MISSING','a:2:{i:0;s:9:\"prosilver\";i:1;s:2:\"es\";}'),(614,0,1,0,0,0,'82.159.104.78',1353230153,'LOG_IMAGESET_LANG_MISSING','a:2:{i:0;s:9:\"prosilver\";i:1;s:2:\"es\";}'),(615,0,2,0,0,0,'82.159.104.78',1353230175,'LOG_IMAGESET_LANG_MISSING','a:2:{i:0;s:9:\"prosilver\";i:1;s:2:\"es\";}'),(616,0,2,0,0,0,'82.159.104.78',1353230190,'LOG_IMAGESET_LANG_MISSING','a:2:{i:0;s:9:\"prosilver\";i:1;s:2:\"es\";}'),(617,0,2,0,0,0,'82.159.104.78',1353230201,'LOG_IMAGESET_LANG_MISSING','a:2:{i:0;s:9:\"prosilver\";i:1;s:2:\"es\";}'),(618,0,2,0,0,0,'82.159.104.78',1353230203,'LOG_IMAGESET_LANG_MISSING','a:2:{i:0;s:9:\"prosilver\";i:1;s:2:\"es\";}'),(619,0,2,0,0,0,'82.159.104.78',1353230205,'LOG_IMAGESET_LANG_MISSING','a:2:{i:0;s:9:\"prosilver\";i:1;s:2:\"es\";}'),(620,0,2,0,0,0,'82.159.104.78',1353230225,'LOG_IMAGESET_LANG_MISSING','a:2:{i:0;s:9:\"prosilver\";i:1;s:2:\"es\";}'),(621,0,2,0,0,0,'82.159.104.78',1353230237,'LOG_IMAGESET_LANG_MISSING','a:2:{i:0;s:9:\"prosilver\";i:1;s:2:\"es\";}'),(622,0,2,0,0,0,'82.159.104.78',1353230243,'LOG_IMAGESET_LANG_MISSING','a:2:{i:0;s:9:\"prosilver\";i:1;s:2:\"es\";}'),(623,0,2,0,0,0,'82.159.104.78',1353230245,'LOG_IMAGESET_LANG_MISSING','a:2:{i:0;s:9:\"prosilver\";i:1;s:2:\"es\";}'),(624,1,2,32,2,0,'82.159.104.78',1353230245,'LOG_DELETE_POST','a:2:{i:0;s:15:\"Normas del foro\";i:1;s:5:\"phpbb\";}'),(625,0,2,0,0,0,'82.159.104.78',1353230246,'LOG_IMAGESET_LANG_MISSING','a:2:{i:0;s:9:\"prosilver\";i:1;s:2:\"es\";}'),(626,0,2,0,0,0,'82.159.104.78',1353230257,'LOG_IMAGESET_LANG_MISSING','a:2:{i:0;s:9:\"prosilver\";i:1;s:2:\"es\";}'),(627,0,1,0,0,0,'82.159.104.78',1353230259,'LOG_IMAGESET_LANG_MISSING','a:2:{i:0;s:9:\"prosilver\";i:1;s:2:\"es\";}'),(628,0,1,0,0,0,'82.159.104.78',1353230464,'LOG_IMAGESET_LANG_MISSING','a:2:{i:0;s:9:\"prosilver\";i:1;s:2:\"es\";}'),(629,0,1,0,0,0,'82.159.104.78',1353230475,'LOG_IMAGESET_LANG_MISSING','a:2:{i:0;s:9:\"prosilver\";i:1;s:2:\"es\";}'),(630,0,1,0,0,0,'82.159.104.78',1353231600,'LOG_IMAGESET_LANG_MISSING','a:2:{i:0;s:9:\"prosilver\";i:1;s:2:\"es\";}'),(631,0,1,0,0,0,'82.159.104.78',1353233530,'LOG_IMAGESET_LANG_MISSING','a:2:{i:0;s:9:\"prosilver\";i:1;s:2:\"es\";}'),(632,0,1,0,0,0,'82.159.104.78',1353233538,'LOG_IMAGESET_LANG_MISSING','a:2:{i:0;s:9:\"prosilver\";i:1;s:2:\"es\";}'),(633,0,55,0,0,0,'82.159.104.78',1353233540,'LOG_IMAGESET_LANG_MISSING','a:2:{i:0;s:9:\"prosilver\";i:1;s:2:\"es\";}'),(634,0,55,0,0,0,'82.159.104.78',1353233540,'LOG_IMAGESET_LANG_MISSING','a:2:{i:0;s:9:\"prosilver\";i:1;s:2:\"es\";}'),(635,0,55,0,0,0,'82.159.104.78',1353233550,'LOG_IMAGESET_LANG_MISSING','a:2:{i:0;s:9:\"prosilver\";i:1;s:2:\"es\";}'),(636,0,55,0,0,0,'82.159.104.78',1353233555,'LOG_IMAGESET_LANG_MISSING','a:2:{i:0;s:9:\"prosilver\";i:1;s:2:\"es\";}'),(637,0,55,0,0,0,'82.159.104.78',1353233555,'LOG_ADMIN_AUTH_SUCCESS',''),(638,0,55,0,0,0,'82.159.104.78',1353233557,'LOG_IMAGESET_LANG_MISSING','a:2:{i:0;s:9:\"prosilver\";i:1;s:2:\"es\";}'),(639,0,55,0,0,0,'82.159.104.78',1353233560,'LOG_IMAGESET_LANG_MISSING','a:2:{i:0;s:9:\"prosilver\";i:1;s:2:\"es\";}'),(640,0,55,0,0,0,'82.159.104.78',1353233586,'LOG_IMAGESET_LANG_MISSING','a:2:{i:0;s:9:\"prosilver\";i:1;s:2:\"es\";}'),(641,0,55,0,0,0,'82.159.104.78',1353233590,'LOG_IMAGESET_LANG_MISSING','a:2:{i:0;s:9:\"prosilver\";i:1;s:2:\"es\";}'),(642,0,55,0,0,0,'82.159.104.78',1353233594,'LOG_IMAGESET_LANG_MISSING','a:2:{i:0;s:9:\"prosilver\";i:1;s:2:\"es\";}'),(643,0,55,0,0,0,'82.159.104.78',1353233597,'LOG_IMAGESET_LANG_MISSING','a:2:{i:0;s:9:\"prosilver\";i:1;s:2:\"es\";}'),(644,0,55,0,0,0,'82.159.104.78',1353233608,'LOG_IMAGESET_LANG_MISSING','a:2:{i:0;s:9:\"prosilver\";i:1;s:2:\"es\";}'),(645,0,55,0,0,0,'82.159.104.78',1353233608,'LOG_FORUM_EDIT','a:1:{i:0;s:18:\"¡ Sólo Ofertas !\";}'),(646,0,55,0,0,0,'82.159.104.78',1353233610,'LOG_IMAGESET_LANG_MISSING','a:2:{i:0;s:9:\"prosilver\";i:1;s:2:\"es\";}'),(647,0,55,0,0,0,'82.159.104.78',1353233618,'LOG_IMAGESET_LANG_MISSING','a:2:{i:0;s:9:\"prosilver\";i:1;s:2:\"es\";}'),(648,0,55,0,0,0,'82.159.104.78',1353233621,'LOG_IMAGESET_LANG_MISSING','a:2:{i:0;s:9:\"prosilver\";i:1;s:2:\"es\";}'),(649,0,55,0,0,0,'82.159.104.78',1353233644,'LOG_IMAGESET_LANG_MISSING','a:2:{i:0;s:9:\"prosilver\";i:1;s:2:\"es\";}'),(650,0,55,0,0,0,'82.159.104.78',1353233652,'LOG_IMAGESET_LANG_MISSING','a:2:{i:0;s:9:\"prosilver\";i:1;s:2:\"es\";}'),(651,0,55,0,0,0,'82.159.104.78',1353233656,'LOG_IMAGESET_LANG_MISSING','a:2:{i:0;s:9:\"prosilver\";i:1;s:2:\"es\";}'),(652,0,55,0,0,0,'82.159.104.78',1353233671,'LOG_IMAGESET_LANG_MISSING','a:2:{i:0;s:9:\"prosilver\";i:1;s:2:\"es\";}'),(653,0,55,0,0,0,'82.159.104.78',1353233680,'LOG_IMAGESET_LANG_MISSING','a:2:{i:0;s:9:\"prosilver\";i:1;s:2:\"es\";}'),(654,0,55,0,0,0,'82.159.104.78',1353233684,'LOG_IMAGESET_LANG_MISSING','a:2:{i:0;s:9:\"prosilver\";i:1;s:2:\"es\";}'),(655,0,55,0,0,0,'82.159.104.78',1353233684,'LOG_FORUM_ADD','a:1:{i:0;s:10:\"Bicicletas\";}'),(656,0,55,0,0,0,'82.159.104.78',1353233684,'LOG_FORUM_COPIED_PERMISSIONS','a:2:{i:0;s:9:\"CARRETERA\";i:1;s:10:\"Bicicletas\";}'),(657,0,55,0,0,0,'82.159.104.78',1353233686,'LOG_IMAGESET_LANG_MISSING','a:2:{i:0;s:9:\"prosilver\";i:1;s:2:\"es\";}'),(658,0,55,0,0,0,'82.159.104.78',1353233689,'LOG_IMAGESET_LANG_MISSING','a:2:{i:0;s:9:\"prosilver\";i:1;s:2:\"es\";}'),(659,0,55,0,0,0,'82.159.104.78',1353233692,'LOG_IMAGESET_LANG_MISSING','a:2:{i:0;s:9:\"prosilver\";i:1;s:2:\"es\";}'),(660,0,55,0,0,0,'82.159.104.78',1353233698,'LOG_IMAGESET_LANG_MISSING','a:2:{i:0;s:9:\"prosilver\";i:1;s:2:\"es\";}'),(661,0,55,0,0,0,'82.159.104.78',1353233704,'LOG_IMAGESET_LANG_MISSING','a:2:{i:0;s:9:\"prosilver\";i:1;s:2:\"es\";}'),(662,0,55,0,0,0,'82.159.104.78',1353233704,'LOG_FORUM_ADD','a:1:{i:0;s:11:\"Componentes\";}'),(663,0,55,0,0,0,'82.159.104.78',1353233704,'LOG_FORUM_COPIED_PERMISSIONS','a:2:{i:0;s:9:\"CARRETERA\";i:1;s:11:\"Componentes\";}'),(664,0,55,0,0,0,'82.159.104.78',1353233705,'LOG_IMAGESET_LANG_MISSING','a:2:{i:0;s:9:\"prosilver\";i:1;s:2:\"es\";}'),(665,0,55,0,0,0,'82.159.104.78',1353233710,'LOG_IMAGESET_LANG_MISSING','a:2:{i:0;s:9:\"prosilver\";i:1;s:2:\"es\";}'),(666,0,55,0,0,0,'82.159.104.78',1353233716,'LOG_IMAGESET_LANG_MISSING','a:2:{i:0;s:9:\"prosilver\";i:1;s:2:\"es\";}'),(667,0,55,0,0,0,'82.159.104.78',1353233716,'LOG_FORUM_ADD','a:1:{i:0;s:9:\"Mecánica\";}'),(668,0,55,0,0,0,'82.159.104.78',1353233716,'LOG_FORUM_COPIED_PERMISSIONS','a:2:{i:0;s:9:\"CARRETERA\";i:1;s:9:\"Mecánica\";}'),(669,0,55,0,0,0,'82.159.104.78',1353233717,'LOG_IMAGESET_LANG_MISSING','a:2:{i:0;s:9:\"prosilver\";i:1;s:2:\"es\";}'),(670,0,55,0,0,0,'82.159.104.78',1353233724,'LOG_IMAGESET_LANG_MISSING','a:2:{i:0;s:9:\"prosilver\";i:1;s:2:\"es\";}'),(671,0,55,0,0,0,'82.159.104.78',1353233727,'LOG_IMAGESET_LANG_MISSING','a:2:{i:0;s:9:\"prosilver\";i:1;s:2:\"es\";}'),(672,0,55,0,0,0,'82.159.104.78',1353233727,'LOG_FORUM_ADD','a:1:{i:0;s:17:\"Accesorios/Textil\";}'),(673,0,55,0,0,0,'82.159.104.78',1353233727,'LOG_FORUM_COPIED_PERMISSIONS','a:2:{i:0;s:9:\"CARRETERA\";i:1;s:17:\"Accesorios/Textil\";}'),(674,0,55,0,0,0,'82.159.104.78',1353233729,'LOG_IMAGESET_LANG_MISSING','a:2:{i:0;s:9:\"prosilver\";i:1;s:2:\"es\";}'),(675,0,55,0,0,0,'82.159.104.78',1353233741,'LOG_IMAGESET_LANG_MISSING','a:2:{i:0;s:9:\"prosilver\";i:1;s:2:\"es\";}'),(676,0,55,0,0,0,'82.159.104.78',1353233745,'LOG_IMAGESET_LANG_MISSING','a:2:{i:0;s:9:\"prosilver\";i:1;s:2:\"es\";}'),(677,0,55,0,0,0,'82.159.104.78',1353233745,'LOG_FORUM_ADD','a:1:{i:0;s:11:\"Modalidades\";}'),(678,0,55,0,0,0,'82.159.104.78',1353233745,'LOG_FORUM_COPIED_PERMISSIONS','a:2:{i:0;s:9:\"CARRETERA\";i:1;s:11:\"Modalidades\";}'),(679,0,55,0,0,0,'82.159.104.78',1353233746,'LOG_IMAGESET_LANG_MISSING','a:2:{i:0;s:9:\"prosilver\";i:1;s:2:\"es\";}'),(680,0,55,0,0,0,'82.159.104.78',1353233760,'LOG_IMAGESET_LANG_MISSING','a:2:{i:0;s:9:\"prosilver\";i:1;s:2:\"es\";}'),(681,0,55,0,0,0,'82.159.104.78',1353233775,'LOG_IMAGESET_LANG_MISSING','a:2:{i:0;s:9:\"prosilver\";i:1;s:2:\"es\";}'),(682,0,55,0,0,0,'82.159.104.78',1353233775,'LOG_FORUM_EDIT','a:1:{i:0;s:9:\"CARRETERA\";}'),(683,0,55,0,0,0,'82.159.104.78',1353233777,'LOG_IMAGESET_LANG_MISSING','a:2:{i:0;s:9:\"prosilver\";i:1;s:2:\"es\";}'),(684,0,55,0,0,0,'82.159.104.78',1353233893,'LOG_IMAGESET_LANG_MISSING','a:2:{i:0;s:9:\"prosilver\";i:1;s:2:\"es\";}'),(685,0,55,0,0,0,'82.159.104.78',1353233919,'LOG_IMAGESET_LANG_MISSING','a:2:{i:0;s:9:\"prosilver\";i:1;s:2:\"es\";}'),(686,0,55,0,0,0,'82.159.104.78',1353233919,'LOG_FORUM_EDIT','a:1:{i:0;s:3:\"BMX\";}'),(687,0,55,0,0,0,'82.159.104.78',1353233921,'LOG_IMAGESET_LANG_MISSING','a:2:{i:0;s:9:\"prosilver\";i:1;s:2:\"es\";}'),(688,0,55,0,0,0,'82.159.104.78',1353233933,'LOG_IMAGESET_LANG_MISSING','a:2:{i:0;s:9:\"prosilver\";i:1;s:2:\"es\";}'),(689,0,55,0,0,0,'82.159.104.78',1353233939,'LOG_IMAGESET_LANG_MISSING','a:2:{i:0;s:9:\"prosilver\";i:1;s:2:\"es\";}'),(690,0,55,0,0,0,'82.159.104.78',1353234087,'LOG_IMAGESET_LANG_MISSING','a:2:{i:0;s:9:\"prosilver\";i:1;s:2:\"es\";}'),(691,0,55,0,0,0,'82.159.104.78',1353234368,'LOG_IMAGESET_LANG_MISSING','a:2:{i:0;s:9:\"prosilver\";i:1;s:2:\"es\";}'),(692,0,55,0,0,0,'82.159.104.78',1353234377,'LOG_IMAGESET_LANG_MISSING','a:2:{i:0;s:9:\"prosilver\";i:1;s:2:\"es\";}'),(693,0,1,0,0,0,'82.159.104.78',1353234391,'LOG_IMAGESET_LANG_MISSING','a:2:{i:0;s:9:\"prosilver\";i:1;s:2:\"es\";}'),(694,0,1,0,0,0,'82.159.104.78',1353234394,'LOG_IMAGESET_LANG_MISSING','a:2:{i:0;s:9:\"prosilver\";i:1;s:2:\"es\";}'),(695,0,1,0,0,0,'82.159.104.78',1353234402,'LOG_IMAGESET_LANG_MISSING','a:2:{i:0;s:9:\"prosilver\";i:1;s:2:\"es\";}'),(696,0,55,0,0,0,'82.159.104.78',1353234403,'LOG_IMAGESET_LANG_MISSING','a:2:{i:0;s:9:\"prosilver\";i:1;s:2:\"es\";}'),(697,0,55,0,0,0,'82.159.104.78',1353234403,'LOG_IMAGESET_LANG_MISSING','a:2:{i:0;s:9:\"prosilver\";i:1;s:2:\"es\";}'),(698,0,55,0,0,0,'82.159.104.78',1353234407,'LOG_IMAGESET_LANG_MISSING','a:2:{i:0;s:9:\"prosilver\";i:1;s:2:\"es\";}'),(699,0,55,0,0,0,'82.159.104.78',1353234411,'LOG_IMAGESET_LANG_MISSING','a:2:{i:0;s:9:\"prosilver\";i:1;s:2:\"es\";}'),(700,0,55,0,0,0,'82.159.104.78',1353234411,'LOG_ADMIN_AUTH_SUCCESS',''),(701,0,55,0,0,0,'82.159.104.78',1353234412,'LOG_IMAGESET_LANG_MISSING','a:2:{i:0;s:9:\"prosilver\";i:1;s:2:\"es\";}'),(702,0,55,0,0,0,'82.159.104.78',1353234415,'LOG_IMAGESET_LANG_MISSING','a:2:{i:0;s:9:\"prosilver\";i:1;s:2:\"es\";}'),(703,0,55,0,0,0,'82.159.104.78',1353234416,'LOG_IMAGESET_LANG_MISSING','a:2:{i:0;s:9:\"prosilver\";i:1;s:2:\"es\";}'),(704,0,55,0,0,0,'82.159.104.78',1353234417,'LOG_IMAGESET_LANG_MISSING','a:2:{i:0;s:9:\"prosilver\";i:1;s:2:\"es\";}'),(705,0,55,0,0,0,'82.159.104.78',1353234417,'LOG_IMAGESET_LANG_MISSING','a:2:{i:0;s:9:\"prosilver\";i:1;s:2:\"es\";}'),(706,0,55,0,0,0,'82.159.104.78',1353234418,'LOG_IMAGESET_LANG_MISSING','a:2:{i:0;s:9:\"prosilver\";i:1;s:2:\"es\";}'),(707,0,55,0,0,0,'82.159.104.78',1353234418,'LOG_IMAGESET_LANG_MISSING','a:2:{i:0;s:9:\"prosilver\";i:1;s:2:\"es\";}'),(708,0,55,0,0,0,'82.159.104.78',1353234419,'LOG_IMAGESET_LANG_MISSING','a:2:{i:0;s:9:\"prosilver\";i:1;s:2:\"es\";}'),(709,0,55,0,0,0,'82.159.104.78',1353234420,'LOG_IMAGESET_LANG_MISSING','a:2:{i:0;s:9:\"prosilver\";i:1;s:2:\"es\";}'),(710,0,55,0,0,0,'82.159.104.78',1353234452,'LOG_IMAGESET_LANG_MISSING','a:2:{i:0;s:9:\"prosilver\";i:1;s:2:\"es\";}'),(711,0,55,0,0,0,'82.159.104.78',1353234470,'LOG_IMAGESET_LANG_MISSING','a:2:{i:0;s:9:\"prosilver\";i:1;s:2:\"es\";}'),(712,0,55,0,0,0,'82.159.104.78',1353234545,'LOG_IMAGESET_LANG_MISSING','a:2:{i:0;s:9:\"prosilver\";i:1;s:2:\"es\";}'),(713,0,55,0,0,0,'82.159.104.78',1353234558,'LOG_IMAGESET_LANG_MISSING','a:2:{i:0;s:9:\"prosilver\";i:1;s:2:\"es\";}'),(714,0,55,0,0,0,'82.159.104.78',1353234568,'LOG_IMAGESET_LANG_MISSING','a:2:{i:0;s:9:\"prosilver\";i:1;s:2:\"es\";}'),(715,0,1,0,0,0,'82.159.104.78',1353234570,'LOG_IMAGESET_LANG_MISSING','a:2:{i:0;s:9:\"prosilver\";i:1;s:2:\"es\";}'),(716,0,1,0,0,0,'82.159.104.78',1353234572,'LOG_IMAGESET_LANG_MISSING','a:2:{i:0;s:9:\"prosilver\";i:1;s:2:\"es\";}'),(717,0,1,0,0,0,'82.159.104.78',1353234580,'LOG_IMAGESET_LANG_MISSING','a:2:{i:0;s:9:\"prosilver\";i:1;s:2:\"es\";}'),(718,0,2,0,0,0,'82.159.104.78',1353234583,'LOG_IMAGESET_LANG_MISSING','a:2:{i:0;s:9:\"prosilver\";i:1;s:2:\"es\";}'),(719,0,2,0,0,0,'82.159.104.78',1353234583,'LOG_IMAGESET_LANG_MISSING','a:2:{i:0;s:9:\"prosilver\";i:1;s:2:\"es\";}'),(720,0,2,0,0,0,'82.159.104.78',1353234584,'LOG_IMAGESET_LANG_MISSING','a:2:{i:0;s:9:\"prosilver\";i:1;s:2:\"es\";}'),(721,0,2,0,0,0,'82.159.104.78',1353234595,'LOG_IMAGESET_LANG_MISSING','a:2:{i:0;s:9:\"prosilver\";i:1;s:2:\"es\";}'),(722,0,2,0,0,0,'82.159.104.78',1353234595,'LOG_IMAGESET_LANG_MISSING','a:2:{i:0;s:9:\"prosilver\";i:1;s:2:\"es\";}'),(723,0,2,0,0,0,'82.159.104.78',1353234604,'LOG_IMAGESET_LANG_MISSING','a:2:{i:0;s:9:\"prosilver\";i:1;s:2:\"es\";}'),(724,0,2,0,0,0,'82.159.104.78',1353234613,'LOG_IMAGESET_LANG_MISSING','a:2:{i:0;s:9:\"prosilver\";i:1;s:2:\"es\";}'),(725,0,2,0,0,0,'82.159.104.78',1353234616,'LOG_IMAGESET_LANG_MISSING','a:2:{i:0;s:9:\"prosilver\";i:1;s:2:\"es\";}'),(726,0,55,0,0,0,'82.159.104.78',1353234618,'LOG_IMAGESET_LANG_MISSING','a:2:{i:0;s:9:\"prosilver\";i:1;s:2:\"es\";}'),(727,0,2,0,0,0,'82.159.104.78',1353234958,'LOG_IMAGESET_LANG_MISSING','a:2:{i:0;s:9:\"prosilver\";i:1;s:2:\"es\";}'),(728,0,2,0,0,0,'82.159.104.78',1353235050,'LOG_IMAGESET_LANG_MISSING','a:2:{i:0;s:9:\"prosilver\";i:1;s:2:\"es\";}'),(729,0,2,0,0,0,'82.159.104.78',1353235052,'LOG_IMAGESET_LANG_MISSING','a:2:{i:0;s:9:\"prosilver\";i:1;s:2:\"es\";}'),(730,0,55,0,0,0,'82.159.104.78',1353235056,'LOG_IMAGESET_LANG_MISSING','a:2:{i:0;s:9:\"prosilver\";i:1;s:2:\"es\";}'),(731,0,55,0,0,0,'82.159.104.78',1353235094,'LOG_IMAGESET_LANG_MISSING','a:2:{i:0;s:9:\"prosilver\";i:1;s:2:\"es\";}'),(732,0,55,0,0,0,'82.159.104.78',1353235096,'LOG_IMAGESET_LANG_MISSING','a:2:{i:0;s:9:\"prosilver\";i:1;s:2:\"es\";}'),(733,0,55,0,0,0,'82.159.104.78',1353235098,'LOG_IMAGESET_LANG_MISSING','a:2:{i:0;s:9:\"prosilver\";i:1;s:2:\"es\";}'),(734,0,55,0,0,0,'82.159.104.78',1353235100,'LOG_IMAGESET_LANG_MISSING','a:2:{i:0;s:9:\"prosilver\";i:1;s:2:\"es\";}'),(735,0,55,0,0,0,'82.159.104.78',1353235103,'LOG_IMAGESET_LANG_MISSING','a:2:{i:0;s:9:\"prosilver\";i:1;s:2:\"es\";}'),(736,0,55,0,0,0,'82.159.104.78',1353235108,'LOG_IMAGESET_LANG_MISSING','a:2:{i:0;s:9:\"prosilver\";i:1;s:2:\"es\";}'),(737,0,55,0,0,0,'82.159.104.78',1353235115,'LOG_IMAGESET_LANG_MISSING','a:2:{i:0;s:9:\"prosilver\";i:1;s:2:\"es\";}'),(738,0,55,0,0,0,'82.159.104.78',1353235117,'LOG_IMAGESET_LANG_MISSING','a:2:{i:0;s:9:\"prosilver\";i:1;s:2:\"es\";}'),(739,0,55,0,0,0,'82.159.104.78',1353235120,'LOG_IMAGESET_LANG_MISSING','a:2:{i:0;s:9:\"prosilver\";i:1;s:2:\"es\";}'),(740,0,55,0,0,0,'82.159.104.78',1353235125,'LOG_IMAGESET_LANG_MISSING','a:2:{i:0;s:9:\"prosilver\";i:1;s:2:\"es\";}'),(741,0,55,0,0,0,'82.159.104.78',1353235127,'LOG_IMAGESET_LANG_MISSING','a:2:{i:0;s:9:\"prosilver\";i:1;s:2:\"es\";}'),(742,0,55,0,0,0,'82.159.104.78',1353235132,'LOG_IMAGESET_LANG_MISSING','a:2:{i:0;s:9:\"prosilver\";i:1;s:2:\"es\";}'),(743,0,55,0,0,0,'82.159.104.78',1353235134,'LOG_IMAGESET_LANG_MISSING','a:2:{i:0;s:9:\"prosilver\";i:1;s:2:\"es\";}'),(744,0,55,0,0,0,'82.159.104.78',1353235135,'LOG_IMAGESET_LANG_MISSING','a:2:{i:0;s:9:\"prosilver\";i:1;s:2:\"es\";}'),(745,0,55,0,0,0,'82.159.104.78',1353235139,'LOG_IMAGESET_LANG_MISSING','a:2:{i:0;s:9:\"prosilver\";i:1;s:2:\"es\";}'),(746,0,55,0,0,0,'82.159.104.78',1353235160,'LOG_IMAGESET_LANG_MISSING','a:2:{i:0;s:9:\"prosilver\";i:1;s:2:\"es\";}'),(747,0,55,0,0,0,'82.159.104.78',1353235175,'LOG_IMAGESET_LANG_MISSING','a:2:{i:0;s:9:\"prosilver\";i:1;s:2:\"es\";}'),(748,0,55,0,0,0,'82.159.104.78',1353235175,'LOG_IMAGESET_LANG_MISSING','a:2:{i:0;s:9:\"prosilver\";i:1;s:2:\"es\";}'),(749,0,55,0,0,0,'82.159.104.78',1353235176,'LOG_IMAGESET_LANG_MISSING','a:2:{i:0;s:9:\"prosilver\";i:1;s:2:\"es\";}'),(750,0,55,0,0,0,'82.159.104.78',1353235179,'LOG_IMAGESET_LANG_MISSING','a:2:{i:0;s:9:\"prosilver\";i:1;s:2:\"es\";}'),(751,0,55,0,0,0,'82.159.104.78',1353235189,'LOG_IMAGESET_LANG_MISSING','a:2:{i:0;s:9:\"prosilver\";i:1;s:2:\"es\";}'),(752,0,55,0,0,0,'82.159.104.78',1353235216,'LOG_IMAGESET_LANG_MISSING','a:2:{i:0;s:9:\"prosilver\";i:1;s:2:\"es\";}'),(753,0,2,0,0,0,'82.159.104.78',1353235283,'LOG_IMAGESET_LANG_MISSING','a:2:{i:0;s:9:\"prosilver\";i:1;s:2:\"es\";}'),(754,0,55,0,0,0,'82.159.104.78',1353237244,'LOG_IMAGESET_LANG_MISSING','a:2:{i:0;s:9:\"prosilver\";i:1;s:2:\"es\";}'),(755,0,55,0,0,0,'82.159.104.78',1353238118,'LOG_IMAGESET_LANG_MISSING','a:2:{i:0;s:9:\"prosilver\";i:1;s:2:\"es\";}'),(756,0,55,0,0,0,'82.159.104.78',1353238123,'LOG_IMAGESET_LANG_MISSING','a:2:{i:0;s:9:\"prosilver\";i:1;s:2:\"es\";}'),(757,0,55,0,0,0,'82.159.104.78',1353238124,'LOG_IMAGESET_LANG_MISSING','a:2:{i:0;s:9:\"prosilver\";i:1;s:2:\"es\";}'),(758,0,1,0,0,0,'82.159.104.78',1353241076,'LOG_IMAGESET_LANG_MISSING','a:2:{i:0;s:9:\"prosilver\";i:1;s:2:\"es\";}'),(759,0,1,0,0,0,'82.159.104.78',1353241104,'LOG_IMAGESET_LANG_MISSING','a:2:{i:0;s:9:\"prosilver\";i:1;s:2:\"es\";}'),(760,0,1,0,0,0,'82.159.104.78',1353314747,'LOG_IMAGESET_LANG_MISSING','a:2:{i:0;s:9:\"prosilver\";i:1;s:2:\"es\";}'),(761,0,1,0,0,0,'82.159.104.78',1353314771,'LOG_IMAGESET_LANG_MISSING','a:2:{i:0;s:9:\"prosilver\";i:1;s:2:\"es\";}'),(762,0,1,0,0,0,'82.159.104.78',1353314779,'LOG_IMAGESET_LANG_MISSING','a:2:{i:0;s:9:\"prosilver\";i:1;s:2:\"es\";}'),(763,0,55,0,0,0,'82.159.104.78',1353314780,'LOG_IMAGESET_LANG_MISSING','a:2:{i:0;s:9:\"prosilver\";i:1;s:2:\"es\";}'),(764,0,55,0,0,0,'82.159.104.78',1353314781,'LOG_IMAGESET_LANG_MISSING','a:2:{i:0;s:9:\"prosilver\";i:1;s:2:\"es\";}'),(765,0,55,0,0,0,'82.159.104.78',1353314782,'LOG_IMAGESET_LANG_MISSING','a:2:{i:0;s:9:\"prosilver\";i:1;s:2:\"es\";}'),(766,0,55,0,0,0,'82.159.104.78',1353314785,'LOG_IMAGESET_LANG_MISSING','a:2:{i:0;s:9:\"prosilver\";i:1;s:2:\"es\";}'),(767,0,1,0,0,0,'82.159.104.78',1353321468,'LOG_IMAGESET_LANG_MISSING','a:2:{i:0;s:9:\"prosilver\";i:1;s:2:\"es\";}'),(768,0,1,0,0,0,'195.235.15.243',1353324103,'LOG_IMAGESET_LANG_MISSING','a:2:{i:0;s:9:\"prosilver\";i:1;s:2:\"es\";}'),(769,0,1,0,0,0,'195.235.15.243',1353324103,'LOG_IMAGESET_LANG_MISSING','a:2:{i:0;s:9:\"prosilver\";i:1;s:2:\"es\";}'),(770,0,1,0,0,0,'195.235.15.243',1353324103,'LOG_IMAGESET_LANG_MISSING','a:2:{i:0;s:9:\"prosilver\";i:1;s:2:\"es\";}'),(771,0,1,0,0,0,'195.235.15.243',1353324121,'LOG_IMAGESET_LANG_MISSING','a:2:{i:0;s:9:\"prosilver\";i:1;s:2:\"es\";}'),(772,0,1,0,0,0,'195.235.15.243',1353324125,'LOG_IMAGESET_LANG_MISSING','a:2:{i:0;s:9:\"prosilver\";i:1;s:2:\"es\";}'),(773,0,1,0,0,0,'195.235.15.243',1353324125,'LOG_IMAGESET_LANG_MISSING','a:2:{i:0;s:9:\"prosilver\";i:1;s:2:\"es\";}'),(774,0,1,0,0,0,'195.235.15.243',1353324125,'LOG_IMAGESET_LANG_MISSING','a:2:{i:0;s:9:\"prosilver\";i:1;s:2:\"es\";}'),(775,0,1,0,0,0,'195.235.15.243',1353324238,'LOG_IMAGESET_LANG_MISSING','a:2:{i:0;s:9:\"prosilver\";i:1;s:2:\"es\";}'),(776,0,1,0,0,0,'195.235.15.243',1353324260,'LOG_IMAGESET_LANG_MISSING','a:2:{i:0;s:9:\"prosilver\";i:1;s:2:\"es\";}'),(777,0,1,0,0,0,'195.235.15.243',1353324266,'LOG_IMAGESET_LANG_MISSING','a:2:{i:0;s:9:\"prosilver\";i:1;s:2:\"es\";}'),(778,0,56,0,0,0,'195.235.15.243',1353324270,'LOG_IMAGESET_LANG_MISSING','a:2:{i:0;s:9:\"prosilver\";i:1;s:2:\"es\";}'),(779,0,56,0,0,0,'195.235.15.243',1353324270,'LOG_IMAGESET_LANG_MISSING','a:2:{i:0;s:9:\"prosilver\";i:1;s:2:\"es\";}'),(780,0,1,0,0,0,'82.159.104.78',1353324593,'LOG_IMAGESET_LANG_MISSING','a:2:{i:0;s:9:\"prosilver\";i:1;s:2:\"es\";}'),(781,0,1,0,0,0,'82.159.104.78',1353324597,'LOG_IMAGESET_LANG_MISSING','a:2:{i:0;s:9:\"prosilver\";i:1;s:2:\"es\";}'),(782,0,1,0,0,0,'82.159.104.78',1353324603,'LOG_IMAGESET_LANG_MISSING','a:2:{i:0;s:9:\"prosilver\";i:1;s:2:\"es\";}'),(783,0,54,0,0,0,'82.159.104.78',1353324605,'LOG_IMAGESET_LANG_MISSING','a:2:{i:0;s:9:\"prosilver\";i:1;s:2:\"es\";}'),(784,0,54,0,0,0,'82.159.104.78',1353324606,'LOG_IMAGESET_LANG_MISSING','a:2:{i:0;s:9:\"prosilver\";i:1;s:2:\"es\";}'),(785,0,54,0,0,0,'82.159.104.78',1353324741,'LOG_IMAGESET_LANG_MISSING','a:2:{i:0;s:9:\"prosilver\";i:1;s:2:\"es\";}'),(786,0,54,0,0,0,'82.159.104.78',1353324743,'LOG_IMAGESET_LANG_MISSING','a:2:{i:0;s:9:\"prosilver\";i:1;s:2:\"es\";}'),(787,0,1,0,0,0,'82.159.104.78',1353324744,'LOG_IMAGESET_LANG_MISSING','a:2:{i:0;s:9:\"prosilver\";i:1;s:2:\"es\";}'),(788,0,1,0,0,0,'82.159.104.78',1353324808,'LOG_IMAGESET_LANG_MISSING','a:2:{i:0;s:9:\"prosilver\";i:1;s:2:\"es\";}'),(789,0,1,0,0,0,'82.159.104.78',1353324814,'LOG_IMAGESET_LANG_MISSING','a:2:{i:0;s:9:\"prosilver\";i:1;s:2:\"es\";}'),(790,0,55,0,0,0,'82.159.104.78',1353324816,'LOG_IMAGESET_LANG_MISSING','a:2:{i:0;s:9:\"prosilver\";i:1;s:2:\"es\";}'),(791,0,55,0,0,0,'82.159.104.78',1353324816,'LOG_IMAGESET_LANG_MISSING','a:2:{i:0;s:9:\"prosilver\";i:1;s:2:\"es\";}'),(792,0,55,0,0,0,'82.159.104.78',1353324820,'LOG_IMAGESET_LANG_MISSING','a:2:{i:0;s:9:\"prosilver\";i:1;s:2:\"es\";}'),(793,0,55,0,0,0,'82.159.104.78',1353324824,'LOG_IMAGESET_LANG_MISSING','a:2:{i:0;s:9:\"prosilver\";i:1;s:2:\"es\";}'),(794,0,55,0,0,0,'82.159.104.78',1353324824,'LOG_ADMIN_AUTH_SUCCESS',''),(795,0,55,0,0,0,'82.159.104.78',1353324827,'LOG_IMAGESET_LANG_MISSING','a:2:{i:0;s:9:\"prosilver\";i:1;s:2:\"es\";}'),(796,0,55,0,0,0,'82.159.104.78',1353324837,'LOG_IMAGESET_LANG_MISSING','a:2:{i:0;s:9:\"prosilver\";i:1;s:2:\"es\";}'),(797,0,55,0,0,0,'82.159.104.78',1353324846,'LOG_IMAGESET_LANG_MISSING','a:2:{i:0;s:9:\"prosilver\";i:1;s:2:\"es\";}'),(798,0,55,0,0,0,'82.159.104.78',1353324858,'LOG_IMAGESET_LANG_MISSING','a:2:{i:0;s:9:\"prosilver\";i:1;s:2:\"es\";}'),(799,0,55,0,0,0,'82.159.104.78',1353324863,'LOG_IMAGESET_LANG_MISSING','a:2:{i:0;s:9:\"prosilver\";i:1;s:2:\"es\";}'),(800,0,55,0,0,0,'82.159.104.78',1353324867,'LOG_IMAGESET_LANG_MISSING','a:2:{i:0;s:9:\"prosilver\";i:1;s:2:\"es\";}'),(801,0,55,0,0,0,'82.159.104.78',1353324872,'LOG_IMAGESET_LANG_MISSING','a:2:{i:0;s:9:\"prosilver\";i:1;s:2:\"es\";}'),(802,0,55,0,0,0,'82.159.104.78',1353324905,'LOG_IMAGESET_LANG_MISSING','a:2:{i:0;s:9:\"prosilver\";i:1;s:2:\"es\";}'),(803,0,55,0,0,0,'82.159.104.78',1353324913,'LOG_IMAGESET_LANG_MISSING','a:2:{i:0;s:9:\"prosilver\";i:1;s:2:\"es\";}'),(804,0,55,0,0,0,'82.159.104.78',1353324922,'LOG_IMAGESET_LANG_MISSING','a:2:{i:0;s:9:\"prosilver\";i:1;s:2:\"es\";}'),(805,0,55,0,0,0,'82.159.104.78',1353324922,'LOG_ACL_ADD_USER_GLOBAL_A_','a:1:{i:0;s:5:\"oglok\";}'),(806,0,55,0,0,0,'82.159.104.78',1353324923,'LOG_IMAGESET_LANG_MISSING','a:2:{i:0;s:9:\"prosilver\";i:1;s:2:\"es\";}'),(807,0,55,0,0,0,'82.159.104.78',1353324933,'LOG_IMAGESET_LANG_MISSING','a:2:{i:0;s:9:\"prosilver\";i:1;s:2:\"es\";}'),(808,0,55,0,0,0,'82.159.104.78',1353324939,'LOG_IMAGESET_LANG_MISSING','a:2:{i:0;s:9:\"prosilver\";i:1;s:2:\"es\";}'),(809,0,55,0,0,0,'82.159.104.78',1353324939,'LOG_ACL_ADD_USER_GLOBAL_U_','a:1:{i:0;s:5:\"oglok\";}'),(810,0,55,0,0,0,'82.159.104.78',1353324941,'LOG_IMAGESET_LANG_MISSING','a:2:{i:0;s:9:\"prosilver\";i:1;s:2:\"es\";}'),(811,0,55,0,0,0,'82.159.104.78',1353324951,'LOG_IMAGESET_LANG_MISSING','a:2:{i:0;s:9:\"prosilver\";i:1;s:2:\"es\";}'),(812,0,55,0,0,0,'82.159.104.78',1353325240,'LOG_IMAGESET_LANG_MISSING','a:2:{i:0;s:9:\"prosilver\";i:1;s:2:\"es\";}'),(813,0,55,0,0,0,'82.159.104.78',1353325255,'LOG_IMAGESET_LANG_MISSING','a:2:{i:0;s:9:\"prosilver\";i:1;s:2:\"es\";}'),(814,0,55,0,0,0,'82.159.104.78',1353325258,'LOG_IMAGESET_LANG_MISSING','a:2:{i:0;s:9:\"prosilver\";i:1;s:2:\"es\";}'),(815,0,55,0,0,0,'82.159.104.78',1353325264,'LOG_IMAGESET_LANG_MISSING','a:2:{i:0;s:9:\"prosilver\";i:1;s:2:\"es\";}'),(816,0,1,0,0,0,'82.159.104.78',1353330573,'LOG_IMAGESET_LANG_MISSING','a:2:{i:0;s:9:\"prosilver\";i:1;s:2:\"es\";}'),(817,0,1,0,0,0,'195.235.15.243',1353333229,'LOG_IMAGESET_LANG_MISSING','a:2:{i:0;s:9:\"prosilver\";i:1;s:2:\"es\";}'),(818,0,1,0,0,0,'195.235.15.243',1353333232,'LOG_IMAGESET_LANG_MISSING','a:2:{i:0;s:9:\"prosilver\";i:1;s:2:\"es\";}'),(819,0,1,0,0,0,'195.235.15.243',1353333237,'LOG_IMAGESET_LANG_MISSING','a:2:{i:0;s:9:\"prosilver\";i:1;s:2:\"es\";}'),(820,0,1,0,0,0,'195.235.15.243',1353333242,'LOG_IMAGESET_LANG_MISSING','a:2:{i:0;s:9:\"prosilver\";i:1;s:2:\"es\";}'),(821,0,56,0,0,0,'195.235.15.243',1353333245,'LOG_IMAGESET_LANG_MISSING','a:2:{i:0;s:9:\"prosilver\";i:1;s:2:\"es\";}'),(822,0,56,0,0,0,'195.235.15.243',1353333245,'LOG_IMAGESET_LANG_MISSING','a:2:{i:0;s:9:\"prosilver\";i:1;s:2:\"es\";}'),(823,0,1,0,0,0,'82.159.104.78',1353337387,'LOG_IMAGESET_LANG_MISSING','a:2:{i:0;s:9:\"prosilver\";i:1;s:2:\"es\";}'),(824,0,1,0,0,0,'82.159.104.78',1353352821,'LOG_IMAGESET_LANG_MISSING','a:2:{i:0;s:9:\"prosilver\";i:1;s:2:\"es\";}'),(825,0,1,0,0,0,'82.159.104.78',1353352947,'LOG_IMAGESET_LANG_MISSING','a:2:{i:0;s:9:\"prosilver\";i:1;s:2:\"es\";}'),(826,0,1,0,0,0,'82.159.104.78',1353353206,'LOG_IMAGESET_LANG_MISSING','a:2:{i:0;s:9:\"prosilver\";i:1;s:2:\"es\";}'),(827,0,1,0,0,0,'82.159.104.78',1353353221,'LOG_IMAGESET_LANG_MISSING','a:2:{i:0;s:9:\"prosilver\";i:1;s:2:\"es\";}'),(828,0,55,0,0,0,'82.159.104.78',1353353236,'LOG_IMAGESET_LANG_MISSING','a:2:{i:0;s:9:\"prosilver\";i:1;s:2:\"es\";}'),(829,0,55,0,0,0,'82.159.104.78',1353353240,'LOG_IMAGESET_LANG_MISSING','a:2:{i:0;s:9:\"prosilver\";i:1;s:2:\"es\";}'),(830,0,55,0,0,0,'82.159.104.78',1353353247,'LOG_IMAGESET_LANG_MISSING','a:2:{i:0;s:9:\"prosilver\";i:1;s:2:\"es\";}'),(831,0,55,0,0,0,'82.159.104.78',1353353259,'LOG_IMAGESET_LANG_MISSING','a:2:{i:0;s:9:\"prosilver\";i:1;s:2:\"es\";}'),(832,0,55,0,0,0,'82.159.104.78',1353353259,'LOG_ADMIN_AUTH_SUCCESS',''),(833,0,55,0,0,0,'82.159.104.78',1353353261,'LOG_IMAGESET_LANG_MISSING','a:2:{i:0;s:9:\"prosilver\";i:1;s:2:\"es\";}'),(834,0,55,0,0,0,'82.159.104.78',1353353271,'LOG_IMAGESET_LANG_MISSING','a:2:{i:0;s:9:\"prosilver\";i:1;s:2:\"es\";}'),(835,0,55,0,0,0,'82.159.104.78',1353353280,'LOG_IMAGESET_LANG_MISSING','a:2:{i:0;s:9:\"prosilver\";i:1;s:2:\"es\";}'),(836,0,55,0,0,0,'82.159.104.78',1353353292,'LOG_IMAGESET_LANG_MISSING','a:2:{i:0;s:9:\"prosilver\";i:1;s:2:\"es\";}'),(837,0,55,0,0,0,'82.159.104.78',1353353296,'LOG_IMAGESET_LANG_MISSING','a:2:{i:0;s:9:\"prosilver\";i:1;s:2:\"es\";}'),(838,0,55,0,0,0,'82.159.104.78',1353353302,'LOG_IMAGESET_LANG_MISSING','a:2:{i:0;s:9:\"prosilver\";i:1;s:2:\"es\";}'),(839,0,55,0,0,0,'82.159.104.78',1353353311,'LOG_IMAGESET_LANG_MISSING','a:2:{i:0;s:9:\"prosilver\";i:1;s:2:\"es\";}'),(840,0,55,0,0,0,'82.159.104.78',1353353311,'LOG_FORUM_ADD','a:1:{i:0;s:10:\"Bicicletas\";}'),(841,0,55,0,0,0,'82.159.104.78',1353353311,'LOG_FORUM_COPIED_PERMISSIONS','a:2:{i:0;s:3:\"BMX\";i:1;s:10:\"Bicicletas\";}'),(842,0,55,0,0,0,'82.159.104.78',1353353313,'LOG_IMAGESET_LANG_MISSING','a:2:{i:0;s:9:\"prosilver\";i:1;s:2:\"es\";}'),(843,0,55,0,0,0,'82.159.104.78',1353353320,'LOG_IMAGESET_LANG_MISSING','a:2:{i:0;s:9:\"prosilver\";i:1;s:2:\"es\";}'),(844,0,55,0,0,0,'82.159.104.78',1353353323,'LOG_IMAGESET_LANG_MISSING','a:2:{i:0;s:9:\"prosilver\";i:1;s:2:\"es\";}'),(845,0,55,0,0,0,'82.159.104.78',1353353323,'LOG_FORUM_ADD','a:1:{i:0;s:11:\"Componentes\";}'),(846,0,55,0,0,0,'82.159.104.78',1353353323,'LOG_FORUM_COPIED_PERMISSIONS','a:2:{i:0;s:3:\"BMX\";i:1;s:11:\"Componentes\";}'),(847,0,55,0,0,0,'82.159.104.78',1353353324,'LOG_IMAGESET_LANG_MISSING','a:2:{i:0;s:9:\"prosilver\";i:1;s:2:\"es\";}'),(848,0,55,0,0,0,'82.159.104.78',1353353331,'LOG_IMAGESET_LANG_MISSING','a:2:{i:0;s:9:\"prosilver\";i:1;s:2:\"es\";}'),(849,0,55,0,0,0,'82.159.104.78',1353353334,'LOG_IMAGESET_LANG_MISSING','a:2:{i:0;s:9:\"prosilver\";i:1;s:2:\"es\";}'),(850,0,55,0,0,0,'82.159.104.78',1353353334,'LOG_FORUM_ADD','a:1:{i:0;s:9:\"Mecánica\";}'),(851,0,55,0,0,0,'82.159.104.78',1353353334,'LOG_FORUM_COPIED_PERMISSIONS','a:2:{i:0;s:3:\"BMX\";i:1;s:9:\"Mecánica\";}'),(852,0,55,0,0,0,'82.159.104.78',1353353336,'LOG_IMAGESET_LANG_MISSING','a:2:{i:0;s:9:\"prosilver\";i:1;s:2:\"es\";}'),(853,0,55,0,0,0,'82.159.104.78',1353353364,'LOG_IMAGESET_LANG_MISSING','a:2:{i:0;s:9:\"prosilver\";i:1;s:2:\"es\";}'),(854,0,55,0,0,0,'82.159.104.78',1353353367,'LOG_IMAGESET_LANG_MISSING','a:2:{i:0;s:9:\"prosilver\";i:1;s:2:\"es\";}'),(855,0,55,0,0,0,'82.159.104.78',1353353367,'LOG_FORUM_ADD','a:1:{i:0;s:17:\"Accesorios/Textil\";}'),(856,0,55,0,0,0,'82.159.104.78',1353353367,'LOG_FORUM_COPIED_PERMISSIONS','a:2:{i:0;s:3:\"BMX\";i:1;s:17:\"Accesorios/Textil\";}'),(857,0,55,0,0,0,'82.159.104.78',1353353369,'LOG_IMAGESET_LANG_MISSING','a:2:{i:0;s:9:\"prosilver\";i:1;s:2:\"es\";}'),(858,0,55,0,0,0,'82.159.104.78',1353353376,'LOG_IMAGESET_LANG_MISSING','a:2:{i:0;s:9:\"prosilver\";i:1;s:2:\"es\";}'),(859,0,55,0,0,0,'82.159.104.78',1353353379,'LOG_IMAGESET_LANG_MISSING','a:2:{i:0;s:9:\"prosilver\";i:1;s:2:\"es\";}'),(860,0,55,0,0,0,'82.159.104.78',1353353379,'LOG_FORUM_ADD','a:1:{i:0;s:11:\"Modalidades\";}'),(861,0,55,0,0,0,'82.159.104.78',1353353379,'LOG_FORUM_COPIED_PERMISSIONS','a:2:{i:0;s:3:\"BMX\";i:1;s:11:\"Modalidades\";}'),(862,0,55,0,0,0,'82.159.104.78',1353353381,'LOG_IMAGESET_LANG_MISSING','a:2:{i:0;s:9:\"prosilver\";i:1;s:2:\"es\";}'),(863,0,55,0,0,0,'82.159.104.78',1353353395,'LOG_IMAGESET_LANG_MISSING','a:2:{i:0;s:9:\"prosilver\";i:1;s:2:\"es\";}'),(864,0,55,0,0,0,'82.159.104.78',1353353424,'LOG_IMAGESET_LANG_MISSING','a:2:{i:0;s:9:\"prosilver\";i:1;s:2:\"es\";}'),(865,0,55,0,0,0,'82.159.104.78',1353353444,'LOG_IMAGESET_LANG_MISSING','a:2:{i:0;s:9:\"prosilver\";i:1;s:2:\"es\";}'),(866,0,55,0,0,0,'82.159.104.78',1353353479,'LOG_IMAGESET_LANG_MISSING','a:2:{i:0;s:9:\"prosilver\";i:1;s:2:\"es\";}'),(867,0,55,0,0,0,'82.159.104.78',1353353479,'LOG_FORUM_EDIT','a:1:{i:0;s:5:\"URBAN\";}'),(868,0,55,0,0,0,'82.159.104.78',1353353481,'LOG_IMAGESET_LANG_MISSING','a:2:{i:0;s:9:\"prosilver\";i:1;s:2:\"es\";}'),(869,0,55,0,0,0,'82.159.104.78',1353353497,'LOG_IMAGESET_LANG_MISSING','a:2:{i:0;s:9:\"prosilver\";i:1;s:2:\"es\";}'),(870,0,55,0,0,0,'82.159.104.78',1353353502,'LOG_IMAGESET_LANG_MISSING','a:2:{i:0;s:9:\"prosilver\";i:1;s:2:\"es\";}'),(871,0,55,0,0,0,'82.159.104.78',1353353505,'LOG_IMAGESET_LANG_MISSING','a:2:{i:0;s:9:\"prosilver\";i:1;s:2:\"es\";}'),(872,0,55,0,0,0,'82.159.104.78',1353353505,'LOG_FORUM_ADD','a:1:{i:0;s:10:\"Bicicletas\";}'),(873,0,55,0,0,0,'82.159.104.78',1353353505,'LOG_FORUM_COPIED_PERMISSIONS','a:2:{i:0;s:5:\"URBAN\";i:1;s:10:\"Bicicletas\";}'),(874,0,55,0,0,0,'82.159.104.78',1353353506,'LOG_IMAGESET_LANG_MISSING','a:2:{i:0;s:9:\"prosilver\";i:1;s:2:\"es\";}'),(875,0,55,0,0,0,'82.159.104.78',1353353512,'LOG_IMAGESET_LANG_MISSING','a:2:{i:0;s:9:\"prosilver\";i:1;s:2:\"es\";}'),(876,0,55,0,0,0,'82.159.104.78',1353353515,'LOG_IMAGESET_LANG_MISSING','a:2:{i:0;s:9:\"prosilver\";i:1;s:2:\"es\";}'),(877,0,55,0,0,0,'82.159.104.78',1353353515,'LOG_FORUM_ADD','a:1:{i:0;s:11:\"Componentes\";}'),(878,0,55,0,0,0,'82.159.104.78',1353353515,'LOG_FORUM_COPIED_PERMISSIONS','a:2:{i:0;s:5:\"URBAN\";i:1;s:11:\"Componentes\";}'),(879,0,55,0,0,0,'82.159.104.78',1353353517,'LOG_IMAGESET_LANG_MISSING','a:2:{i:0;s:9:\"prosilver\";i:1;s:2:\"es\";}'),(880,0,55,0,0,0,'82.159.104.78',1353353629,'LOG_IMAGESET_LANG_MISSING','a:2:{i:0;s:9:\"prosilver\";i:1;s:2:\"es\";}'),(881,0,55,0,0,0,'82.159.104.78',1353353656,'LOG_IMAGESET_LANG_MISSING','a:2:{i:0;s:9:\"prosilver\";i:1;s:2:\"es\";}'),(882,0,55,0,0,0,'82.159.104.78',1353353659,'LOG_IMAGESET_LANG_MISSING','a:2:{i:0;s:9:\"prosilver\";i:1;s:2:\"es\";}'),(883,0,55,0,0,0,'82.159.104.78',1353353659,'LOG_FORUM_ADD','a:1:{i:0;s:9:\"Mecánica\";}'),(884,0,55,0,0,0,'82.159.104.78',1353353659,'LOG_FORUM_COPIED_PERMISSIONS','a:2:{i:0;s:5:\"URBAN\";i:1;s:9:\"Mecánica\";}'),(885,0,55,0,0,0,'82.159.104.78',1353353660,'LOG_IMAGESET_LANG_MISSING','a:2:{i:0;s:9:\"prosilver\";i:1;s:2:\"es\";}'),(886,0,55,0,0,0,'82.159.104.78',1353353669,'LOG_IMAGESET_LANG_MISSING','a:2:{i:0;s:9:\"prosilver\";i:1;s:2:\"es\";}'),(887,0,55,0,0,0,'82.159.104.78',1353353672,'LOG_IMAGESET_LANG_MISSING','a:2:{i:0;s:9:\"prosilver\";i:1;s:2:\"es\";}'),(888,0,55,0,0,0,'82.159.104.78',1353353672,'LOG_FORUM_ADD','a:1:{i:0;s:17:\"Accesorios/Textil\";}'),(889,0,55,0,0,0,'82.159.104.78',1353353672,'LOG_FORUM_COPIED_PERMISSIONS','a:2:{i:0;s:5:\"URBAN\";i:1;s:17:\"Accesorios/Textil\";}'),(890,0,55,0,0,0,'82.159.104.78',1353353674,'LOG_IMAGESET_LANG_MISSING','a:2:{i:0;s:9:\"prosilver\";i:1;s:2:\"es\";}'),(891,0,55,0,0,0,'82.159.104.78',1353353679,'LOG_IMAGESET_LANG_MISSING','a:2:{i:0;s:9:\"prosilver\";i:1;s:2:\"es\";}'),(892,0,55,0,0,0,'82.159.104.78',1353353683,'LOG_IMAGESET_LANG_MISSING','a:2:{i:0;s:9:\"prosilver\";i:1;s:2:\"es\";}'),(893,0,55,0,0,0,'82.159.104.78',1353353683,'LOG_FORUM_ADD','a:1:{i:0;s:11:\"Modalidades\";}'),(894,0,55,0,0,0,'82.159.104.78',1353353683,'LOG_FORUM_COPIED_PERMISSIONS','a:2:{i:0;s:5:\"URBAN\";i:1;s:11:\"Modalidades\";}'),(895,0,55,0,0,0,'82.159.104.78',1353353684,'LOG_IMAGESET_LANG_MISSING','a:2:{i:0;s:9:\"prosilver\";i:1;s:2:\"es\";}'),(896,0,55,0,0,0,'82.159.104.78',1353353689,'LOG_IMAGESET_LANG_MISSING','a:2:{i:0;s:9:\"prosilver\";i:1;s:2:\"es\";}'),(897,0,55,0,0,0,'82.159.104.78',1353353720,'LOG_IMAGESET_LANG_MISSING','a:2:{i:0;s:9:\"prosilver\";i:1;s:2:\"es\";}'),(898,0,55,0,0,0,'82.159.104.78',1353353729,'LOG_IMAGESET_LANG_MISSING','a:2:{i:0;s:9:\"prosilver\";i:1;s:2:\"es\";}'),(899,0,55,0,0,0,'82.159.104.78',1353353729,'LOG_FORUM_MOVE_UP','a:2:{i:0;s:9:\"Mundo Web\";i:1;s:24:\"Entrenamiento/Nutrición\";}'),(900,0,55,0,0,0,'82.159.104.78',1353353730,'LOG_IMAGESET_LANG_MISSING','a:2:{i:0;s:9:\"prosilver\";i:1;s:2:\"es\";}'),(901,0,55,0,0,0,'82.159.104.78',1353353731,'LOG_FORUM_MOVE_UP','a:2:{i:0;s:9:\"Mundo Web\";i:1;s:8:\"Quedadas\";}'),(902,0,55,0,0,0,'82.159.104.78',1353353735,'LOG_IMAGESET_LANG_MISSING','a:2:{i:0;s:9:\"prosilver\";i:1;s:2:\"es\";}'),(903,0,55,0,0,0,'82.159.104.78',1353353740,'LOG_IMAGESET_LANG_MISSING','a:2:{i:0;s:9:\"prosilver\";i:1;s:2:\"es\";}'),(904,0,55,0,0,0,'82.159.104.78',1353353744,'LOG_IMAGESET_LANG_MISSING','a:2:{i:0;s:9:\"prosilver\";i:1;s:2:\"es\";}'),(905,0,55,0,0,0,'82.159.104.78',1353353744,'LOG_FORUM_ADD','a:1:{i:0;s:7:\"Galicia\";}'),(906,0,55,0,0,0,'82.159.104.78',1353353744,'LOG_FORUM_COPIED_PERMISSIONS','a:2:{i:0;s:8:\"Quedadas\";i:1;s:7:\"Galicia\";}'),(907,0,55,0,0,0,'82.159.104.78',1353353746,'LOG_IMAGESET_LANG_MISSING','a:2:{i:0;s:9:\"prosilver\";i:1;s:2:\"es\";}'),(908,0,55,0,0,0,'82.159.104.78',1353353753,'LOG_IMAGESET_LANG_MISSING','a:2:{i:0;s:9:\"prosilver\";i:1;s:2:\"es\";}'),(909,0,55,0,0,0,'82.159.104.78',1353353756,'LOG_IMAGESET_LANG_MISSING','a:2:{i:0;s:9:\"prosilver\";i:1;s:2:\"es\";}'),(910,0,55,0,0,0,'82.159.104.78',1353353756,'LOG_FORUM_ADD','a:1:{i:0;s:8:\"Asturias\";}'),(911,0,55,0,0,0,'82.159.104.78',1353353756,'LOG_FORUM_COPIED_PERMISSIONS','a:2:{i:0;s:8:\"Quedadas\";i:1;s:8:\"Asturias\";}'),(912,0,55,0,0,0,'82.159.104.78',1353353758,'LOG_IMAGESET_LANG_MISSING','a:2:{i:0;s:9:\"prosilver\";i:1;s:2:\"es\";}'),(913,0,55,0,0,0,'82.159.104.78',1353353762,'LOG_IMAGESET_LANG_MISSING','a:2:{i:0;s:9:\"prosilver\";i:1;s:2:\"es\";}'),(914,0,55,0,0,0,'82.159.104.78',1353353765,'LOG_IMAGESET_LANG_MISSING','a:2:{i:0;s:9:\"prosilver\";i:1;s:2:\"es\";}'),(915,0,55,0,0,0,'82.159.104.78',1353353765,'LOG_FORUM_ADD','a:1:{i:0;s:9:\"Cantabria\";}'),(916,0,55,0,0,0,'82.159.104.78',1353353765,'LOG_FORUM_COPIED_PERMISSIONS','a:2:{i:0;s:8:\"Quedadas\";i:1;s:9:\"Cantabria\";}'),(917,0,55,0,0,0,'82.159.104.78',1353353766,'LOG_IMAGESET_LANG_MISSING','a:2:{i:0;s:9:\"prosilver\";i:1;s:2:\"es\";}'),(918,0,55,0,0,0,'82.159.104.78',1353353774,'LOG_IMAGESET_LANG_MISSING','a:2:{i:0;s:9:\"prosilver\";i:1;s:2:\"es\";}'),(919,0,55,0,0,0,'82.159.104.78',1353353776,'LOG_IMAGESET_LANG_MISSING','a:2:{i:0;s:9:\"prosilver\";i:1;s:2:\"es\";}'),(920,0,55,0,0,0,'82.159.104.78',1353353776,'LOG_FORUM_ADD','a:1:{i:0;s:11:\"País Vasco\";}'),(921,0,55,0,0,0,'82.159.104.78',1353353776,'LOG_FORUM_COPIED_PERMISSIONS','a:2:{i:0;s:8:\"Quedadas\";i:1;s:11:\"País Vasco\";}'),(922,0,55,0,0,0,'82.159.104.78',1353353778,'LOG_IMAGESET_LANG_MISSING','a:2:{i:0;s:9:\"prosilver\";i:1;s:2:\"es\";}'),(923,0,55,0,0,0,'82.159.104.78',1353353783,'LOG_IMAGESET_LANG_MISSING','a:2:{i:0;s:9:\"prosilver\";i:1;s:2:\"es\";}'),(924,0,55,0,0,0,'82.159.104.78',1353353785,'LOG_IMAGESET_LANG_MISSING','a:2:{i:0;s:9:\"prosilver\";i:1;s:2:\"es\";}'),(925,0,55,0,0,0,'82.159.104.78',1353353785,'LOG_FORUM_ADD','a:1:{i:0;s:7:\"Navarra\";}'),(926,0,55,0,0,0,'82.159.104.78',1353353785,'LOG_FORUM_COPIED_PERMISSIONS','a:2:{i:0;s:8:\"Quedadas\";i:1;s:7:\"Navarra\";}'),(927,0,55,0,0,0,'82.159.104.78',1353353787,'LOG_IMAGESET_LANG_MISSING','a:2:{i:0;s:9:\"prosilver\";i:1;s:2:\"es\";}'),(928,0,55,0,0,0,'82.159.104.78',1353353790,'LOG_IMAGESET_LANG_MISSING','a:2:{i:0;s:9:\"prosilver\";i:1;s:2:\"es\";}'),(929,0,55,0,0,0,'82.159.104.78',1353353793,'LOG_IMAGESET_LANG_MISSING','a:2:{i:0;s:9:\"prosilver\";i:1;s:2:\"es\";}'),(930,0,55,0,0,0,'82.159.104.78',1353353793,'LOG_FORUM_ADD','a:1:{i:0;s:7:\"Aragón\";}'),(931,0,55,0,0,0,'82.159.104.78',1353353793,'LOG_FORUM_COPIED_PERMISSIONS','a:2:{i:0;s:8:\"Quedadas\";i:1;s:7:\"Aragón\";}'),(932,0,55,0,0,0,'82.159.104.78',1353353795,'LOG_IMAGESET_LANG_MISSING','a:2:{i:0;s:9:\"prosilver\";i:1;s:2:\"es\";}'),(933,0,55,0,0,0,'82.159.104.78',1353353802,'LOG_IMAGESET_LANG_MISSING','a:2:{i:0;s:9:\"prosilver\";i:1;s:2:\"es\";}'),(934,0,55,0,0,0,'82.159.104.78',1353353805,'LOG_IMAGESET_LANG_MISSING','a:2:{i:0;s:9:\"prosilver\";i:1;s:2:\"es\";}'),(935,0,55,0,0,0,'82.159.104.78',1353353805,'LOG_FORUM_ADD','a:1:{i:0;s:8:\"La Rioja\";}'),(936,0,55,0,0,0,'82.159.104.78',1353353805,'LOG_FORUM_COPIED_PERMISSIONS','a:2:{i:0;s:8:\"Quedadas\";i:1;s:8:\"La Rioja\";}'),(937,0,55,0,0,0,'82.159.104.78',1353353807,'LOG_IMAGESET_LANG_MISSING','a:2:{i:0;s:9:\"prosilver\";i:1;s:2:\"es\";}'),(938,0,55,0,0,0,'82.159.104.78',1353354163,'LOG_IMAGESET_LANG_MISSING','a:2:{i:0;s:9:\"prosilver\";i:1;s:2:\"es\";}'),(939,0,55,0,0,0,'82.159.104.78',1353354179,'LOG_IMAGESET_LANG_MISSING','a:2:{i:0;s:9:\"prosilver\";i:1;s:2:\"es\";}'),(940,0,55,0,0,0,'82.159.104.78',1353354179,'LOG_FORUM_EDIT','a:1:{i:0;s:19:\"Euskadi/País Vasco\";}'),(941,0,55,0,0,0,'82.159.104.78',1353354181,'LOG_IMAGESET_LANG_MISSING','a:2:{i:0;s:9:\"prosilver\";i:1;s:2:\"es\";}'),(942,0,55,0,0,0,'82.159.104.78',1353354218,'LOG_IMAGESET_LANG_MISSING','a:2:{i:0;s:9:\"prosilver\";i:1;s:2:\"es\";}'),(943,0,55,0,0,0,'82.159.104.78',1353354226,'LOG_IMAGESET_LANG_MISSING','a:2:{i:0;s:9:\"prosilver\";i:1;s:2:\"es\";}'),(944,0,55,0,0,0,'82.159.104.78',1353354256,'LOG_IMAGESET_LANG_MISSING','a:2:{i:0;s:9:\"prosilver\";i:1;s:2:\"es\";}'),(945,0,55,0,0,0,'82.159.104.78',1353354260,'LOG_IMAGESET_LANG_MISSING','a:2:{i:0;s:9:\"prosilver\";i:1;s:2:\"es\";}'),(946,0,55,0,0,0,'82.159.104.78',1353354260,'LOG_FORUM_ADD','a:1:{i:0;s:19:\"Catalunya/Cataluña\";}'),(947,0,55,0,0,0,'82.159.104.78',1353354260,'LOG_FORUM_COPIED_PERMISSIONS','a:2:{i:0;s:8:\"Quedadas\";i:1;s:19:\"Catalunya/Cataluña\";}'),(948,0,55,0,0,0,'82.159.104.78',1353354261,'LOG_IMAGESET_LANG_MISSING','a:2:{i:0;s:9:\"prosilver\";i:1;s:2:\"es\";}'),(949,0,55,0,0,0,'82.159.104.78',1353354276,'LOG_IMAGESET_LANG_MISSING','a:2:{i:0;s:9:\"prosilver\";i:1;s:2:\"es\";}'),(950,0,55,0,0,0,'82.159.104.78',1353354280,'LOG_IMAGESET_LANG_MISSING','a:2:{i:0;s:9:\"prosilver\";i:1;s:2:\"es\";}'),(951,0,55,0,0,0,'82.159.104.78',1353354280,'LOG_FORUM_ADD','a:1:{i:0;s:14:\"Islas Baleares\";}'),(952,0,55,0,0,0,'82.159.104.78',1353354280,'LOG_FORUM_COPIED_PERMISSIONS','a:2:{i:0;s:8:\"Quedadas\";i:1;s:14:\"Islas Baleares\";}'),(953,0,55,0,0,0,'82.159.104.78',1353354281,'LOG_IMAGESET_LANG_MISSING','a:2:{i:0;s:9:\"prosilver\";i:1;s:2:\"es\";}'),(954,0,55,0,0,0,'82.159.104.78',1353354289,'LOG_IMAGESET_LANG_MISSING','a:2:{i:0;s:9:\"prosilver\";i:1;s:2:\"es\";}'),(955,0,55,0,0,0,'82.159.104.78',1353354291,'LOG_IMAGESET_LANG_MISSING','a:2:{i:0;s:9:\"prosilver\";i:1;s:2:\"es\";}'),(956,0,55,0,0,0,'82.159.104.78',1353354291,'LOG_FORUM_ADD','a:1:{i:0;s:14:\"Islas Canarias\";}'),(957,0,55,0,0,0,'82.159.104.78',1353354291,'LOG_FORUM_COPIED_PERMISSIONS','a:2:{i:0;s:8:\"Quedadas\";i:1;s:14:\"Islas Canarias\";}'),(958,0,55,0,0,0,'82.159.104.78',1353354293,'LOG_IMAGESET_LANG_MISSING','a:2:{i:0;s:9:\"prosilver\";i:1;s:2:\"es\";}'),(959,0,55,0,0,0,'82.159.104.78',1353354298,'LOG_IMAGESET_LANG_MISSING','a:2:{i:0;s:9:\"prosilver\";i:1;s:2:\"es\";}'),(960,0,55,0,0,0,'82.159.104.78',1353354301,'LOG_IMAGESET_LANG_MISSING','a:2:{i:0;s:9:\"prosilver\";i:1;s:2:\"es\";}'),(961,0,55,0,0,0,'82.159.104.78',1353354301,'LOG_FORUM_ADD','a:1:{i:0;s:8:\"Valencia\";}'),(962,0,55,0,0,0,'82.159.104.78',1353354301,'LOG_FORUM_COPIED_PERMISSIONS','a:2:{i:0;s:8:\"Quedadas\";i:1;s:8:\"Valencia\";}'),(963,0,55,0,0,0,'82.159.104.78',1353354302,'LOG_IMAGESET_LANG_MISSING','a:2:{i:0;s:9:\"prosilver\";i:1;s:2:\"es\";}'),(964,0,55,0,0,0,'82.159.104.78',1353354314,'LOG_IMAGESET_LANG_MISSING','a:2:{i:0;s:9:\"prosilver\";i:1;s:2:\"es\";}'),(965,0,55,0,0,0,'82.159.104.78',1353354319,'LOG_IMAGESET_LANG_MISSING','a:2:{i:0;s:9:\"prosilver\";i:1;s:2:\"es\";}'),(966,0,55,0,0,0,'82.159.104.78',1353354319,'LOG_FORUM_ADD','a:1:{i:0;s:6:\"Murcia\";}'),(967,0,55,0,0,0,'82.159.104.78',1353354319,'LOG_FORUM_COPIED_PERMISSIONS','a:2:{i:0;s:8:\"Quedadas\";i:1;s:6:\"Murcia\";}'),(968,0,55,0,0,0,'82.159.104.78',1353354321,'LOG_IMAGESET_LANG_MISSING','a:2:{i:0;s:9:\"prosilver\";i:1;s:2:\"es\";}'),(969,0,55,0,0,0,'82.159.104.78',1353354330,'LOG_IMAGESET_LANG_MISSING','a:2:{i:0;s:9:\"prosilver\";i:1;s:2:\"es\";}'),(970,0,55,0,0,0,'82.159.104.78',1353354332,'LOG_IMAGESET_LANG_MISSING','a:2:{i:0;s:9:\"prosilver\";i:1;s:2:\"es\";}'),(971,0,55,0,0,0,'82.159.104.78',1353354332,'LOG_FORUM_ADD','a:1:{i:0;s:11:\"Extremadura\";}'),(972,0,55,0,0,0,'82.159.104.78',1353354332,'LOG_FORUM_COPIED_PERMISSIONS','a:2:{i:0;s:8:\"Quedadas\";i:1;s:11:\"Extremadura\";}'),(973,0,55,0,0,0,'82.159.104.78',1353354334,'LOG_IMAGESET_LANG_MISSING','a:2:{i:0;s:9:\"prosilver\";i:1;s:2:\"es\";}'),(974,0,55,0,0,0,'82.159.104.78',1353354339,'LOG_IMAGESET_LANG_MISSING','a:2:{i:0;s:9:\"prosilver\";i:1;s:2:\"es\";}'),(975,0,55,0,0,0,'82.159.104.78',1353354348,'LOG_IMAGESET_LANG_MISSING','a:2:{i:0;s:9:\"prosilver\";i:1;s:2:\"es\";}'),(976,0,55,0,0,0,'82.159.104.78',1353354348,'LOG_FORUM_EDIT','a:1:{i:0;s:6:\"Madrid\";}'),(977,0,55,0,0,0,'82.159.104.78',1353354349,'LOG_IMAGESET_LANG_MISSING','a:2:{i:0;s:9:\"prosilver\";i:1;s:2:\"es\";}'),(978,0,55,0,0,0,'82.159.104.78',1353354382,'LOG_IMAGESET_LANG_MISSING','a:2:{i:0;s:9:\"prosilver\";i:1;s:2:\"es\";}'),(979,0,55,0,0,0,'82.159.104.78',1353354387,'LOG_IMAGESET_LANG_MISSING','a:2:{i:0;s:9:\"prosilver\";i:1;s:2:\"es\";}'),(980,0,55,0,0,0,'82.159.104.78',1353354387,'LOG_FORUM_ADD','a:1:{i:0;s:18:\"Castilla La Mancha\";}'),(981,0,55,0,0,0,'82.159.104.78',1353354387,'LOG_FORUM_COPIED_PERMISSIONS','a:2:{i:0;s:8:\"Quedadas\";i:1;s:18:\"Castilla La Mancha\";}'),(982,0,55,0,0,0,'82.159.104.78',1353354389,'LOG_IMAGESET_LANG_MISSING','a:2:{i:0;s:9:\"prosilver\";i:1;s:2:\"es\";}'),(983,0,55,0,0,0,'82.159.104.78',1353354402,'LOG_IMAGESET_LANG_MISSING','a:2:{i:0;s:9:\"prosilver\";i:1;s:2:\"es\";}'),(984,0,55,0,0,0,'82.159.104.78',1353354405,'LOG_IMAGESET_LANG_MISSING','a:2:{i:0;s:9:\"prosilver\";i:1;s:2:\"es\";}'),(985,0,55,0,0,0,'82.159.104.78',1353354405,'LOG_FORUM_ADD','a:1:{i:0;s:16:\"Castilla y León\";}'),(986,0,55,0,0,0,'82.159.104.78',1353354405,'LOG_FORUM_COPIED_PERMISSIONS','a:2:{i:0;s:8:\"Quedadas\";i:1;s:16:\"Castilla y León\";}'),(987,0,55,0,0,0,'82.159.104.78',1353354406,'LOG_IMAGESET_LANG_MISSING','a:2:{i:0;s:9:\"prosilver\";i:1;s:2:\"es\";}'),(988,0,55,0,0,0,'82.159.104.78',1353354416,'LOG_IMAGESET_LANG_MISSING','a:2:{i:0;s:9:\"prosilver\";i:1;s:2:\"es\";}'),(989,0,55,0,0,0,'82.159.104.78',1353354420,'LOG_IMAGESET_LANG_MISSING','a:2:{i:0;s:9:\"prosilver\";i:1;s:2:\"es\";}'),(990,0,55,0,0,0,'82.159.104.78',1353354420,'LOG_FORUM_ADD','a:1:{i:0;s:10:\"Andalucía\";}'),(991,0,55,0,0,0,'82.159.104.78',1353354420,'LOG_FORUM_COPIED_PERMISSIONS','a:2:{i:0;s:8:\"Quedadas\";i:1;s:10:\"Andalucía\";}'),(992,0,55,0,0,0,'82.159.104.78',1353354421,'LOG_IMAGESET_LANG_MISSING','a:2:{i:0;s:9:\"prosilver\";i:1;s:2:\"es\";}'),(993,0,55,0,0,0,'82.159.104.78',1353354425,'LOG_IMAGESET_LANG_MISSING','a:2:{i:0;s:9:\"prosilver\";i:1;s:2:\"es\";}'),(994,0,55,0,0,0,'82.159.104.78',1353354425,'LOG_FORUM_MOVE_UP','a:2:{i:0;s:10:\"Andalucía\";i:1;s:16:\"Castilla y León\";}'),(995,0,55,0,0,0,'82.159.104.78',1353354428,'LOG_IMAGESET_LANG_MISSING','a:2:{i:0;s:9:\"prosilver\";i:1;s:2:\"es\";}'),(996,0,55,0,0,0,'82.159.104.78',1353354428,'LOG_FORUM_MOVE_UP','a:2:{i:0;s:10:\"Andalucía\";i:1;s:18:\"Castilla La Mancha\";}'),(997,0,55,0,0,0,'82.159.104.78',1353354432,'LOG_IMAGESET_LANG_MISSING','a:2:{i:0;s:9:\"prosilver\";i:1;s:2:\"es\";}'),(998,0,55,0,0,0,'82.159.104.78',1353354432,'LOG_FORUM_MOVE_UP','a:2:{i:0;s:10:\"Andalucía\";i:1;s:11:\"Extremadura\";}'),(999,0,55,0,0,0,'82.159.104.78',1353354436,'LOG_IMAGESET_LANG_MISSING','a:2:{i:0;s:9:\"prosilver\";i:1;s:2:\"es\";}'),(1000,0,55,0,0,0,'82.159.104.78',1353354436,'LOG_FORUM_MOVE_UP','a:2:{i:0;s:10:\"Andalucía\";i:1;s:6:\"Murcia\";}'),(1001,0,55,0,0,0,'82.159.104.78',1353354438,'LOG_IMAGESET_LANG_MISSING','a:2:{i:0;s:9:\"prosilver\";i:1;s:2:\"es\";}'),(1002,0,55,0,0,0,'82.159.104.78',1353354438,'LOG_FORUM_MOVE_UP','a:2:{i:0;s:10:\"Andalucía\";i:1;s:8:\"Valencia\";}'),(1003,0,55,0,0,0,'82.159.104.78',1353354441,'LOG_IMAGESET_LANG_MISSING','a:2:{i:0;s:9:\"prosilver\";i:1;s:2:\"es\";}'),(1004,0,55,0,0,0,'82.159.104.78',1353354441,'LOG_FORUM_MOVE_UP','a:2:{i:0;s:19:\"Catalunya/Cataluña\";i:1;s:8:\"La Rioja\";}'),(1005,0,55,0,0,0,'82.159.104.78',1353354444,'LOG_IMAGESET_LANG_MISSING','a:2:{i:0;s:9:\"prosilver\";i:1;s:2:\"es\";}'),(1006,0,55,0,0,0,'82.159.104.78',1353354444,'LOG_FORUM_MOVE_UP','a:2:{i:0;s:10:\"Andalucía\";i:1;s:14:\"Islas Canarias\";}'),(1007,0,55,0,0,0,'82.159.104.78',1353354447,'LOG_IMAGESET_LANG_MISSING','a:2:{i:0;s:9:\"prosilver\";i:1;s:2:\"es\";}'),(1008,0,55,0,0,0,'82.159.104.78',1353354447,'LOG_FORUM_MOVE_UP','a:2:{i:0;s:10:\"Andalucía\";i:1;s:14:\"Islas Baleares\";}'),(1009,0,55,0,0,0,'82.159.104.78',1353354449,'LOG_IMAGESET_LANG_MISSING','a:2:{i:0;s:9:\"prosilver\";i:1;s:2:\"es\";}'),(1010,0,55,0,0,0,'82.159.104.78',1353354449,'LOG_FORUM_MOVE_UP','a:2:{i:0;s:10:\"Andalucía\";i:1;s:8:\"La Rioja\";}'),(1011,0,55,0,0,0,'82.159.104.78',1353354454,'LOG_IMAGESET_LANG_MISSING','a:2:{i:0;s:9:\"prosilver\";i:1;s:2:\"es\";}'),(1012,0,55,0,0,0,'82.159.104.78',1353354454,'LOG_FORUM_MOVE_UP','a:2:{i:0;s:8:\"Valencia\";i:1;s:14:\"Islas Canarias\";}'),(1013,0,55,0,0,0,'82.159.104.78',1353354457,'LOG_IMAGESET_LANG_MISSING','a:2:{i:0;s:9:\"prosilver\";i:1;s:2:\"es\";}'),(1014,0,55,0,0,0,'82.159.104.78',1353354457,'LOG_FORUM_MOVE_DOWN','a:2:{i:0;s:8:\"Asturias\";i:1;s:9:\"Cantabria\";}'),(1015,0,55,0,0,0,'82.159.104.78',1353354458,'LOG_IMAGESET_LANG_MISSING','a:2:{i:0;s:9:\"prosilver\";i:1;s:2:\"es\";}'),(1016,0,55,0,0,0,'82.159.104.78',1353354458,'LOG_FORUM_MOVE_DOWN','a:2:{i:0;s:9:\"Cantabria\";i:1;s:8:\"Asturias\";}'),(1017,0,55,0,0,0,'82.159.104.78',1353354463,'LOG_IMAGESET_LANG_MISSING','a:2:{i:0;s:9:\"prosilver\";i:1;s:2:\"es\";}'),(1018,0,55,0,0,0,'82.159.104.78',1353354463,'LOG_FORUM_MOVE_DOWN','a:2:{i:0;s:8:\"Asturias\";i:1;s:9:\"Cantabria\";}'),(1019,0,55,0,0,0,'82.159.104.78',1353354471,'LOG_IMAGESET_LANG_MISSING','a:2:{i:0;s:9:\"prosilver\";i:1;s:2:\"es\";}'),(1020,0,55,0,0,0,'82.159.104.78',1353354471,'LOG_FORUM_MOVE_UP','a:2:{i:0;s:19:\"Catalunya/Cataluña\";i:1;s:7:\"Aragón\";}'),(1021,0,55,0,0,0,'82.159.104.78',1353354473,'LOG_IMAGESET_LANG_MISSING','a:2:{i:0;s:9:\"prosilver\";i:1;s:2:\"es\";}'),(1022,0,55,0,0,0,'82.159.104.78',1353354473,'LOG_FORUM_MOVE_UP','a:2:{i:0;s:10:\"Andalucía\";i:1;s:7:\"Aragón\";}'),(1023,0,55,0,0,0,'82.159.104.78',1353354475,'LOG_IMAGESET_LANG_MISSING','a:2:{i:0;s:9:\"prosilver\";i:1;s:2:\"es\";}'),(1024,0,55,0,0,0,'82.159.104.78',1353354475,'LOG_FORUM_MOVE_UP','a:2:{i:0;s:10:\"Andalucía\";i:1;s:19:\"Catalunya/Cataluña\";}'),(1025,0,55,0,0,0,'82.159.104.78',1353354477,'LOG_IMAGESET_LANG_MISSING','a:2:{i:0;s:9:\"prosilver\";i:1;s:2:\"es\";}'),(1026,0,55,0,0,0,'82.159.104.78',1353354477,'LOG_FORUM_MOVE_UP','a:2:{i:0;s:10:\"Andalucía\";i:1;s:7:\"Navarra\";}'),(1027,0,55,0,0,0,'82.159.104.78',1353354478,'LOG_IMAGESET_LANG_MISSING','a:2:{i:0;s:9:\"prosilver\";i:1;s:2:\"es\";}'),(1028,0,55,0,0,0,'82.159.104.78',1353354478,'LOG_FORUM_MOVE_UP','a:2:{i:0;s:10:\"Andalucía\";i:1;s:19:\"Euskadi/País Vasco\";}'),(1029,0,55,0,0,0,'82.159.104.78',1353354480,'LOG_IMAGESET_LANG_MISSING','a:2:{i:0;s:9:\"prosilver\";i:1;s:2:\"es\";}'),(1030,0,55,0,0,0,'82.159.104.78',1353354480,'LOG_FORUM_MOVE_UP','a:2:{i:0;s:10:\"Andalucía\";i:1;s:8:\"Asturias\";}'),(1031,0,55,0,0,0,'82.159.104.78',1353354482,'LOG_IMAGESET_LANG_MISSING','a:2:{i:0;s:9:\"prosilver\";i:1;s:2:\"es\";}'),(1032,0,55,0,0,0,'82.159.104.78',1353354482,'LOG_FORUM_MOVE_UP','a:2:{i:0;s:10:\"Andalucía\";i:1;s:9:\"Cantabria\";}'),(1033,0,55,0,0,0,'82.159.104.78',1353354484,'LOG_IMAGESET_LANG_MISSING','a:2:{i:0;s:9:\"prosilver\";i:1;s:2:\"es\";}'),(1034,0,55,0,0,0,'82.159.104.78',1353354484,'LOG_FORUM_MOVE_UP','a:2:{i:0;s:10:\"Andalucía\";i:1;s:7:\"Galicia\";}'),(1035,0,55,0,0,0,'82.159.104.78',1353354488,'LOG_IMAGESET_LANG_MISSING','a:2:{i:0;s:9:\"prosilver\";i:1;s:2:\"es\";}'),(1036,0,55,0,0,0,'82.159.104.78',1353354488,'LOG_FORUM_MOVE_UP','a:2:{i:0;s:19:\"Catalunya/Cataluña\";i:1;s:7:\"Navarra\";}'),(1037,0,55,0,0,0,'82.159.104.78',1353354490,'LOG_IMAGESET_LANG_MISSING','a:2:{i:0;s:9:\"prosilver\";i:1;s:2:\"es\";}'),(1038,0,55,0,0,0,'82.159.104.78',1353354490,'LOG_FORUM_MOVE_UP','a:2:{i:0;s:19:\"Catalunya/Cataluña\";i:1;s:19:\"Euskadi/País Vasco\";}'),(1039,0,55,0,0,0,'82.159.104.78',1353354492,'LOG_IMAGESET_LANG_MISSING','a:2:{i:0;s:9:\"prosilver\";i:1;s:2:\"es\";}'),(1040,0,55,0,0,0,'82.159.104.78',1353354493,'LOG_FORUM_MOVE_UP','a:2:{i:0;s:19:\"Catalunya/Cataluña\";i:1;s:8:\"Asturias\";}'),(1041,0,55,0,0,0,'82.159.104.78',1353354495,'LOG_IMAGESET_LANG_MISSING','a:2:{i:0;s:9:\"prosilver\";i:1;s:2:\"es\";}'),(1042,0,55,0,0,0,'82.159.104.78',1353354495,'LOG_FORUM_MOVE_UP','a:2:{i:0;s:19:\"Catalunya/Cataluña\";i:1;s:9:\"Cantabria\";}'),(1043,0,55,0,0,0,'82.159.104.78',1353354497,'LOG_IMAGESET_LANG_MISSING','a:2:{i:0;s:9:\"prosilver\";i:1;s:2:\"es\";}'),(1044,0,55,0,0,0,'82.159.104.78',1353354497,'LOG_FORUM_MOVE_UP','a:2:{i:0;s:19:\"Catalunya/Cataluña\";i:1;s:7:\"Galicia\";}'),(1045,0,55,0,0,0,'82.159.104.78',1353354508,'LOG_IMAGESET_LANG_MISSING','a:2:{i:0;s:9:\"prosilver\";i:1;s:2:\"es\";}'),(1046,0,55,0,0,0,'82.159.104.78',1353354508,'LOG_FORUM_MOVE_UP','a:2:{i:0;s:19:\"Euskadi/País Vasco\";i:1;s:8:\"Asturias\";}'),(1047,0,55,0,0,0,'82.159.104.78',1353354510,'LOG_IMAGESET_LANG_MISSING','a:2:{i:0;s:9:\"prosilver\";i:1;s:2:\"es\";}'),(1048,0,55,0,0,0,'82.159.104.78',1353354510,'LOG_FORUM_MOVE_UP','a:2:{i:0;s:19:\"Euskadi/País Vasco\";i:1;s:9:\"Cantabria\";}'),(1049,0,55,0,0,0,'82.159.104.78',1353354512,'LOG_IMAGESET_LANG_MISSING','a:2:{i:0;s:9:\"prosilver\";i:1;s:2:\"es\";}'),(1050,0,55,0,0,0,'82.159.104.78',1353354512,'LOG_FORUM_MOVE_UP','a:2:{i:0;s:19:\"Euskadi/País Vasco\";i:1;s:7:\"Galicia\";}'),(1051,0,55,0,0,0,'82.159.104.78',1353354517,'LOG_IMAGESET_LANG_MISSING','a:2:{i:0;s:9:\"prosilver\";i:1;s:2:\"es\";}'),(1052,0,55,0,0,0,'82.159.104.78',1353354517,'LOG_FORUM_MOVE_UP','a:2:{i:0;s:7:\"Navarra\";i:1;s:8:\"Asturias\";}'),(1053,0,55,0,0,0,'82.159.104.78',1353354520,'LOG_IMAGESET_LANG_MISSING','a:2:{i:0;s:9:\"prosilver\";i:1;s:2:\"es\";}'),(1054,0,55,0,0,0,'82.159.104.78',1353354520,'LOG_FORUM_MOVE_UP','a:2:{i:0;s:8:\"Asturias\";i:1;s:7:\"Navarra\";}'),(1055,0,55,0,0,0,'82.159.104.78',1353354524,'LOG_IMAGESET_LANG_MISSING','a:2:{i:0;s:9:\"prosilver\";i:1;s:2:\"es\";}'),(1056,0,55,0,0,0,'82.159.104.78',1353354524,'LOG_FORUM_MOVE_UP','a:2:{i:0;s:8:\"Asturias\";i:1;s:9:\"Cantabria\";}'),(1057,0,55,0,0,0,'82.159.104.78',1353354527,'LOG_IMAGESET_LANG_MISSING','a:2:{i:0;s:9:\"prosilver\";i:1;s:2:\"es\";}'),(1058,0,55,0,0,0,'82.159.104.78',1353354527,'LOG_FORUM_MOVE_UP','a:2:{i:0;s:8:\"Asturias\";i:1;s:7:\"Galicia\";}'),(1059,0,55,0,0,0,'82.159.104.78',1353354529,'LOG_IMAGESET_LANG_MISSING','a:2:{i:0;s:9:\"prosilver\";i:1;s:2:\"es\";}'),(1060,0,55,0,0,0,'82.159.104.78',1353354529,'LOG_FORUM_MOVE_DOWN','a:2:{i:0;s:8:\"Asturias\";i:1;s:7:\"Galicia\";}'),(1061,0,55,0,0,0,'82.159.104.78',1353354533,'LOG_IMAGESET_LANG_MISSING','a:2:{i:0;s:9:\"prosilver\";i:1;s:2:\"es\";}'),(1062,0,55,0,0,0,'82.159.104.78',1353354533,'LOG_FORUM_MOVE_UP','a:2:{i:0;s:7:\"Aragón\";i:1;s:7:\"Navarra\";}'),(1063,0,55,0,0,0,'82.159.104.78',1353354534,'LOG_IMAGESET_LANG_MISSING','a:2:{i:0;s:9:\"prosilver\";i:1;s:2:\"es\";}'),(1064,0,55,0,0,0,'82.159.104.78',1353354534,'LOG_FORUM_MOVE_UP','a:2:{i:0;s:7:\"Aragón\";i:1;s:9:\"Cantabria\";}'),(1065,0,55,0,0,0,'82.159.104.78',1353354536,'LOG_IMAGESET_LANG_MISSING','a:2:{i:0;s:9:\"prosilver\";i:1;s:2:\"es\";}'),(1066,0,55,0,0,0,'82.159.104.78',1353354536,'LOG_FORUM_MOVE_UP','a:2:{i:0;s:7:\"Aragón\";i:1;s:8:\"Asturias\";}'),(1067,0,55,0,0,0,'82.159.104.78',1353354541,'LOG_IMAGESET_LANG_MISSING','a:2:{i:0;s:9:\"prosilver\";i:1;s:2:\"es\";}'),(1068,0,55,0,0,0,'82.159.104.78',1353354541,'LOG_FORUM_MOVE_UP','a:2:{i:0;s:7:\"Aragón\";i:1;s:7:\"Galicia\";}'),(1069,0,55,0,0,0,'82.159.104.78',1353354546,'LOG_IMAGESET_LANG_MISSING','a:2:{i:0;s:9:\"prosilver\";i:1;s:2:\"es\";}'),(1070,0,55,0,0,0,'82.159.104.78',1353354546,'LOG_FORUM_MOVE_UP','a:2:{i:0;s:8:\"Valencia\";i:1;s:14:\"Islas Baleares\";}'),(1071,0,55,0,0,0,'82.159.104.78',1353354548,'LOG_IMAGESET_LANG_MISSING','a:2:{i:0;s:9:\"prosilver\";i:1;s:2:\"es\";}'),(1072,0,55,0,0,0,'82.159.104.78',1353354548,'LOG_FORUM_MOVE_UP','a:2:{i:0;s:8:\"Valencia\";i:1;s:8:\"La Rioja\";}'),(1073,0,55,0,0,0,'82.159.104.78',1353354551,'LOG_IMAGESET_LANG_MISSING','a:2:{i:0;s:9:\"prosilver\";i:1;s:2:\"es\";}'),(1074,0,55,0,0,0,'82.159.104.78',1353354551,'LOG_FORUM_MOVE_UP','a:2:{i:0;s:8:\"Valencia\";i:1;s:7:\"Navarra\";}'),(1075,0,55,0,0,0,'82.159.104.78',1353354555,'LOG_IMAGESET_LANG_MISSING','a:2:{i:0;s:9:\"prosilver\";i:1;s:2:\"es\";}'),(1076,0,55,0,0,0,'82.159.104.78',1353354555,'LOG_FORUM_MOVE_UP','a:2:{i:0;s:8:\"Valencia\";i:1;s:9:\"Cantabria\";}'),(1077,0,55,0,0,0,'82.159.104.78',1353354557,'LOG_IMAGESET_LANG_MISSING','a:2:{i:0;s:9:\"prosilver\";i:1;s:2:\"es\";}'),(1078,0,55,0,0,0,'82.159.104.78',1353354557,'LOG_FORUM_MOVE_UP','a:2:{i:0;s:8:\"Valencia\";i:1;s:8:\"Asturias\";}'),(1079,0,55,0,0,0,'82.159.104.78',1353354560,'LOG_IMAGESET_LANG_MISSING','a:2:{i:0;s:9:\"prosilver\";i:1;s:2:\"es\";}'),(1080,0,55,0,0,0,'82.159.104.78',1353354560,'LOG_FORUM_MOVE_UP','a:2:{i:0;s:8:\"Valencia\";i:1;s:7:\"Galicia\";}'),(1081,0,55,0,0,0,'82.159.104.78',1353354562,'LOG_IMAGESET_LANG_MISSING','a:2:{i:0;s:9:\"prosilver\";i:1;s:2:\"es\";}'),(1082,0,55,0,0,0,'82.159.104.78',1353354562,'LOG_FORUM_MOVE_UP','a:2:{i:0;s:8:\"Valencia\";i:1;s:7:\"Aragón\";}'),(1083,0,55,0,0,0,'82.159.104.78',1353354590,'LOG_IMAGESET_LANG_MISSING','a:2:{i:0;s:9:\"prosilver\";i:1;s:2:\"es\";}'),(1084,0,55,0,0,0,'82.159.104.78',1353354595,'LOG_IMAGESET_LANG_MISSING','a:2:{i:0;s:9:\"prosilver\";i:1;s:2:\"es\";}'),(1085,0,55,0,0,0,'82.159.104.78',1353354636,'LOG_IMAGESET_LANG_MISSING','a:2:{i:0;s:9:\"prosilver\";i:1;s:2:\"es\";}'),(1086,0,55,0,0,0,'82.159.104.78',1353354641,'LOG_IMAGESET_LANG_MISSING','a:2:{i:0;s:9:\"prosilver\";i:1;s:2:\"es\";}'),(1087,0,55,0,0,0,'82.159.104.78',1353354641,'LOG_FORUM_MOVE_DOWN','a:2:{i:0;s:8:\"Quedadas\";i:1;s:24:\"Entrenamiento/Nutrición\";}'),(1088,0,55,0,0,0,'82.159.104.78',1353354645,'LOG_IMAGESET_LANG_MISSING','a:2:{i:0;s:9:\"prosilver\";i:1;s:2:\"es\";}'),(1089,0,55,0,0,0,'82.159.104.78',1353354645,'LOG_FORUM_MOVE_DOWN','a:2:{i:0;s:8:\"Quedadas\";i:1;s:3:\"MTB\";}'),(1090,0,55,0,0,0,'82.159.104.78',1353354648,'LOG_IMAGESET_LANG_MISSING','a:2:{i:0;s:9:\"prosilver\";i:1;s:2:\"es\";}'),(1091,0,55,0,0,0,'82.159.104.78',1353354648,'LOG_FORUM_MOVE_DOWN','a:2:{i:0;s:8:\"Quedadas\";i:1;s:9:\"CARRETERA\";}'),(1092,0,55,0,0,0,'82.159.104.78',1353354651,'LOG_IMAGESET_LANG_MISSING','a:2:{i:0;s:9:\"prosilver\";i:1;s:2:\"es\";}'),(1093,0,55,0,0,0,'82.159.104.78',1353354651,'LOG_FORUM_MOVE_DOWN','a:2:{i:0;s:8:\"Quedadas\";i:1;s:3:\"BMX\";}'),(1094,0,55,0,0,0,'82.159.104.78',1353354654,'LOG_IMAGESET_LANG_MISSING','a:2:{i:0;s:9:\"prosilver\";i:1;s:2:\"es\";}'),(1095,0,55,0,0,0,'82.159.104.78',1353354654,'LOG_FORUM_MOVE_DOWN','a:2:{i:0;s:8:\"Quedadas\";i:1;s:5:\"URBAN\";}'),(1096,0,55,0,0,0,'82.159.104.78',1353354658,'LOG_IMAGESET_LANG_MISSING','a:2:{i:0;s:9:\"prosilver\";i:1;s:2:\"es\";}'),(1097,0,55,0,0,0,'82.159.104.78',1353354658,'LOG_FORUM_MOVE_DOWN','a:2:{i:0;s:8:\"Quedadas\";i:1;s:4:\"KIDS\";}'),(1098,0,55,0,0,0,'82.159.104.78',1353354702,'LOG_IMAGESET_LANG_MISSING','a:2:{i:0;s:9:\"prosilver\";i:1;s:2:\"es\";}'),(1099,0,55,0,0,0,'82.159.104.78',1353354704,'LOG_IMAGESET_LANG_MISSING','a:2:{i:0;s:9:\"prosilver\";i:1;s:2:\"es\";}'),(1100,0,55,0,0,0,'82.159.104.78',1353354904,'LOG_IMAGESET_LANG_MISSING','a:2:{i:0;s:9:\"prosilver\";i:1;s:2:\"es\";}'),(1101,0,55,0,0,0,'82.159.104.78',1353355025,'LOG_IMAGESET_LANG_MISSING','a:2:{i:0;s:9:\"prosilver\";i:1;s:2:\"es\";}'),(1102,0,55,0,0,0,'82.159.104.78',1353355029,'LOG_IMAGESET_LANG_MISSING','a:2:{i:0;s:9:\"prosilver\";i:1;s:2:\"es\";}'),(1103,0,55,0,0,0,'82.159.104.78',1353355030,'LOG_IMAGESET_LANG_MISSING','a:2:{i:0;s:9:\"prosilver\";i:1;s:2:\"es\";}'),(1104,0,55,0,0,0,'82.159.104.78',1353355034,'LOG_IMAGESET_LANG_MISSING','a:2:{i:0;s:9:\"prosilver\";i:1;s:2:\"es\";}'),(1105,0,55,0,0,0,'82.159.104.78',1353355035,'LOG_IMAGESET_LANG_MISSING','a:2:{i:0;s:9:\"prosilver\";i:1;s:2:\"es\";}'),(1106,0,55,0,0,0,'82.159.104.78',1353355037,'LOG_IMAGESET_LANG_MISSING','a:2:{i:0;s:9:\"prosilver\";i:1;s:2:\"es\";}'),(1107,0,55,0,0,0,'82.159.104.78',1353355041,'LOG_IMAGESET_LANG_MISSING','a:2:{i:0;s:9:\"prosilver\";i:1;s:2:\"es\";}'),(1108,0,55,0,0,0,'82.159.104.78',1353355041,'LOG_IMAGESET_LANG_MISSING','a:2:{i:0;s:9:\"prosilver\";i:1;s:2:\"es\";}'),(1109,0,55,0,0,0,'82.159.104.78',1353355048,'LOG_IMAGESET_LANG_MISSING','a:2:{i:0;s:9:\"prosilver\";i:1;s:2:\"es\";}'),(1110,0,55,0,0,0,'82.159.104.78',1353355104,'LOG_IMAGESET_LANG_MISSING','a:2:{i:0;s:9:\"prosilver\";i:1;s:2:\"es\";}'),(1111,0,55,0,0,0,'82.159.104.78',1353355216,'LOG_IMAGESET_LANG_MISSING','a:2:{i:0;s:9:\"prosilver\";i:1;s:2:\"es\";}'),(1112,0,55,0,0,0,'82.159.104.78',1353355231,'LOG_IMAGESET_LANG_MISSING','a:2:{i:0;s:9:\"prosilver\";i:1;s:2:\"es\";}'),(1113,0,55,0,0,0,'82.159.104.78',1353355236,'LOG_IMAGESET_LANG_MISSING','a:2:{i:0;s:9:\"prosilver\";i:1;s:2:\"es\";}'),(1114,0,55,0,0,0,'82.159.104.78',1353355238,'LOG_IMAGESET_LANG_MISSING','a:2:{i:0;s:9:\"prosilver\";i:1;s:2:\"es\";}'),(1115,0,55,0,0,0,'82.159.104.78',1353355254,'LOG_IMAGESET_LANG_MISSING','a:2:{i:0;s:9:\"prosilver\";i:1;s:2:\"es\";}'),(1116,0,55,0,0,0,'82.159.104.78',1353355258,'LOG_IMAGESET_LANG_MISSING','a:2:{i:0;s:9:\"prosilver\";i:1;s:2:\"es\";}'),(1117,0,55,0,0,0,'82.159.104.78',1353355267,'LOG_IMAGESET_LANG_MISSING','a:2:{i:0;s:9:\"prosilver\";i:1;s:2:\"es\";}'),(1118,0,1,0,0,0,'82.159.104.78',1353355268,'LOG_IMAGESET_LANG_MISSING','a:2:{i:0;s:9:\"prosilver\";i:1;s:2:\"es\";}'),(1119,0,1,0,0,0,'82.159.104.78',1353355272,'LOG_IMAGESET_LANG_MISSING','a:2:{i:0;s:9:\"prosilver\";i:1;s:2:\"es\";}'),(1120,0,54,0,0,0,'82.159.104.78',1353355274,'LOG_IMAGESET_LANG_MISSING','a:2:{i:0;s:9:\"prosilver\";i:1;s:2:\"es\";}'),(1121,0,54,0,0,0,'82.159.104.78',1353355274,'LOG_IMAGESET_LANG_MISSING','a:2:{i:0;s:9:\"prosilver\";i:1;s:2:\"es\";}'),(1122,0,54,0,0,0,'82.159.104.78',1353355278,'LOG_IMAGESET_LANG_MISSING','a:2:{i:0;s:9:\"prosilver\";i:1;s:2:\"es\";}'),(1123,0,54,0,0,0,'82.159.104.78',1353355297,'LOG_IMAGESET_LANG_MISSING','a:2:{i:0;s:9:\"prosilver\";i:1;s:2:\"es\";}'),(1124,0,54,0,0,0,'82.159.104.78',1353355306,'LOG_IMAGESET_LANG_MISSING','a:2:{i:0;s:9:\"prosilver\";i:1;s:2:\"es\";}'),(1125,0,54,0,0,0,'82.159.104.78',1353355318,'LOG_IMAGESET_LANG_MISSING','a:2:{i:0;s:9:\"prosilver\";i:1;s:2:\"es\";}'),(1126,0,54,0,0,0,'82.159.104.78',1353355399,'LOG_IMAGESET_LANG_MISSING','a:2:{i:0;s:9:\"prosilver\";i:1;s:2:\"es\";}'),(1127,0,54,0,0,0,'82.159.104.78',1353355403,'LOG_IMAGESET_LANG_MISSING','a:2:{i:0;s:9:\"prosilver\";i:1;s:2:\"es\";}'),(1128,0,54,0,0,0,'82.159.104.78',1353355407,'LOG_IMAGESET_LANG_MISSING','a:2:{i:0;s:9:\"prosilver\";i:1;s:2:\"es\";}'),(1129,0,54,0,0,0,'82.159.104.78',1353355410,'LOG_IMAGESET_LANG_MISSING','a:2:{i:0;s:9:\"prosilver\";i:1;s:2:\"es\";}'),(1130,0,54,0,0,0,'82.159.104.78',1353355426,'LOG_IMAGESET_LANG_MISSING','a:2:{i:0;s:9:\"prosilver\";i:1;s:2:\"es\";}'),(1131,0,54,0,0,0,'82.159.104.78',1353355446,'LOG_IMAGESET_LANG_MISSING','a:2:{i:0;s:9:\"prosilver\";i:1;s:2:\"es\";}'),(1132,0,54,0,0,0,'82.159.104.78',1353355453,'LOG_IMAGESET_LANG_MISSING','a:2:{i:0;s:9:\"prosilver\";i:1;s:2:\"es\";}'),(1133,0,1,0,0,0,'82.159.104.78',1353355455,'LOG_IMAGESET_LANG_MISSING','a:2:{i:0;s:9:\"prosilver\";i:1;s:2:\"es\";}'),(1134,0,1,0,0,0,'82.159.104.78',1353355462,'LOG_IMAGESET_LANG_MISSING','a:2:{i:0;s:9:\"prosilver\";i:1;s:2:\"es\";}'),(1135,0,2,0,0,0,'82.159.104.78',1353355464,'LOG_IMAGESET_LANG_MISSING','a:2:{i:0;s:9:\"prosilver\";i:1;s:2:\"es\";}'),(1136,0,2,0,0,0,'82.159.104.78',1353355464,'LOG_IMAGESET_LANG_MISSING','a:2:{i:0;s:9:\"prosilver\";i:1;s:2:\"es\";}'),(1137,0,2,0,0,0,'82.159.104.78',1353355466,'LOG_IMAGESET_LANG_MISSING','a:2:{i:0;s:9:\"prosilver\";i:1;s:2:\"es\";}'),(1138,0,2,0,0,0,'82.159.104.78',1353355509,'LOG_IMAGESET_LANG_MISSING','a:2:{i:0;s:9:\"prosilver\";i:1;s:2:\"es\";}'),(1139,0,2,0,0,0,'82.159.104.78',1353355513,'LOG_IMAGESET_LANG_MISSING','a:2:{i:0;s:9:\"prosilver\";i:1;s:2:\"es\";}'),(1140,0,2,0,0,0,'82.159.104.78',1353355529,'LOG_IMAGESET_LANG_MISSING','a:2:{i:0;s:9:\"prosilver\";i:1;s:2:\"es\";}'),(1141,0,2,0,0,0,'82.159.104.78',1353355535,'LOG_IMAGESET_LANG_MISSING','a:2:{i:0;s:9:\"prosilver\";i:1;s:2:\"es\";}'),(1142,0,2,0,0,0,'82.159.104.78',1353355537,'LOG_IMAGESET_LANG_MISSING','a:2:{i:0;s:9:\"prosilver\";i:1;s:2:\"es\";}'),(1143,0,2,0,0,0,'82.159.104.78',1353355540,'LOG_IMAGESET_LANG_MISSING','a:2:{i:0;s:9:\"prosilver\";i:1;s:2:\"es\";}'),(1144,0,2,0,0,0,'82.159.104.78',1353355553,'LOG_IMAGESET_LANG_MISSING','a:2:{i:0;s:9:\"prosilver\";i:1;s:2:\"es\";}'),(1145,0,2,0,0,0,'82.159.104.78',1353355564,'LOG_IMAGESET_LANG_MISSING','a:2:{i:0;s:9:\"prosilver\";i:1;s:2:\"es\";}'),(1146,0,2,0,0,0,'82.159.104.78',1353355567,'LOG_IMAGESET_LANG_MISSING','a:2:{i:0;s:9:\"prosilver\";i:1;s:2:\"es\";}'),(1147,0,1,0,0,0,'82.159.104.78',1353355568,'LOG_IMAGESET_LANG_MISSING','a:2:{i:0;s:9:\"prosilver\";i:1;s:2:\"es\";}'),(1148,0,1,0,0,0,'82.159.104.78',1353355582,'LOG_IMAGESET_LANG_MISSING','a:2:{i:0;s:9:\"prosilver\";i:1;s:2:\"es\";}'),(1149,0,2,0,0,0,'82.159.104.78',1353355584,'LOG_IMAGESET_LANG_MISSING','a:2:{i:0;s:9:\"prosilver\";i:1;s:2:\"es\";}'),(1150,0,2,0,0,0,'82.159.104.78',1353355584,'LOG_IMAGESET_LANG_MISSING','a:2:{i:0;s:9:\"prosilver\";i:1;s:2:\"es\";}'),(1151,0,2,0,0,0,'82.159.104.78',1353355587,'LOG_IMAGESET_LANG_MISSING','a:2:{i:0;s:9:\"prosilver\";i:1;s:2:\"es\";}'),(1152,0,2,0,0,0,'82.159.104.78',1353355590,'LOG_IMAGESET_LANG_MISSING','a:2:{i:0;s:9:\"prosilver\";i:1;s:2:\"es\";}'),(1153,0,2,0,0,0,'82.159.104.78',1353355595,'LOG_IMAGESET_LANG_MISSING','a:2:{i:0;s:9:\"prosilver\";i:1;s:2:\"es\";}'),(1154,0,2,0,0,0,'82.159.104.78',1353355595,'LOG_ADMIN_AUTH_SUCCESS',''),(1155,0,2,0,0,0,'82.159.104.78',1353355598,'LOG_IMAGESET_LANG_MISSING','a:2:{i:0;s:9:\"prosilver\";i:1;s:2:\"es\";}'),(1156,0,2,0,0,0,'82.159.104.78',1353355603,'LOG_IMAGESET_LANG_MISSING','a:2:{i:0;s:9:\"prosilver\";i:1;s:2:\"es\";}'),(1157,0,2,0,0,0,'82.159.104.78',1353355606,'LOG_IMAGESET_LANG_MISSING','a:2:{i:0;s:9:\"prosilver\";i:1;s:2:\"es\";}'),(1158,0,2,0,0,0,'82.159.104.78',1353355619,'LOG_IMAGESET_LANG_MISSING','a:2:{i:0;s:9:\"prosilver\";i:1;s:2:\"es\";}'),(1159,0,2,0,0,0,'82.159.104.78',1353355621,'LOG_IMAGESET_LANG_MISSING','a:2:{i:0;s:9:\"prosilver\";i:1;s:2:\"es\";}'),(1160,0,2,0,0,0,'82.159.104.78',1353355640,'LOG_IMAGESET_LANG_MISSING','a:2:{i:0;s:9:\"prosilver\";i:1;s:2:\"es\";}'),(1161,0,2,0,0,0,'82.159.104.78',1353355653,'LOG_IMAGESET_LANG_MISSING','a:2:{i:0;s:9:\"prosilver\";i:1;s:2:\"es\";}'),(1162,0,2,0,0,0,'82.159.104.78',1353355658,'LOG_IMAGESET_LANG_MISSING','a:2:{i:0;s:9:\"prosilver\";i:1;s:2:\"es\";}'),(1163,0,2,0,0,0,'82.159.104.78',1353355660,'LOG_IMAGESET_LANG_MISSING','a:2:{i:0;s:9:\"prosilver\";i:1;s:2:\"es\";}'),(1164,0,2,0,0,0,'82.159.104.78',1353355675,'LOG_IMAGESET_LANG_MISSING','a:2:{i:0;s:9:\"prosilver\";i:1;s:2:\"es\";}'),(1165,0,2,0,0,0,'82.159.104.78',1353355679,'LOG_IMAGESET_LANG_MISSING','a:2:{i:0;s:9:\"prosilver\";i:1;s:2:\"es\";}'),(1166,0,2,0,0,0,'82.159.104.78',1353355687,'LOG_IMAGESET_LANG_MISSING','a:2:{i:0;s:9:\"prosilver\";i:1;s:2:\"es\";}'),(1167,0,2,0,0,0,'82.159.104.78',1353355717,'LOG_IMAGESET_LANG_MISSING','a:2:{i:0;s:9:\"prosilver\";i:1;s:2:\"es\";}'),(1168,0,2,0,0,0,'82.159.104.78',1353355739,'LOG_IMAGESET_LANG_MISSING','a:2:{i:0;s:9:\"prosilver\";i:1;s:2:\"es\";}'),(1169,0,2,0,0,0,'82.159.104.78',1353355740,'LOG_IMAGESET_LANG_MISSING','a:2:{i:0;s:9:\"prosilver\";i:1;s:2:\"es\";}'),(1170,0,2,0,0,0,'82.159.104.78',1353355748,'LOG_IMAGESET_LANG_MISSING','a:2:{i:0;s:9:\"prosilver\";i:1;s:2:\"es\";}'),(1171,0,2,0,0,0,'82.159.104.78',1353355755,'LOG_IMAGESET_LANG_MISSING','a:2:{i:0;s:9:\"prosilver\";i:1;s:2:\"es\";}'),(1172,0,2,0,0,0,'82.159.104.78',1353355761,'LOG_IMAGESET_LANG_MISSING','a:2:{i:0;s:9:\"prosilver\";i:1;s:2:\"es\";}'),(1173,0,2,0,0,0,'82.159.104.78',1353355766,'LOG_IMAGESET_LANG_MISSING','a:2:{i:0;s:9:\"prosilver\";i:1;s:2:\"es\";}'),(1174,0,2,0,0,0,'82.159.104.78',1353355993,'LOG_IMAGESET_LANG_MISSING','a:2:{i:0;s:9:\"prosilver\";i:1;s:2:\"es\";}'),(1175,0,2,0,0,0,'82.159.104.78',1353355993,'LOG_ACL_ADD_FORUM_LOCAL_F_','a:2:{i:0;s:1196:\"General, Presentación nuevo usuario, Tiendas/Comercial, Compra/Venta/2ª mano, Entrenamiento/Nutrición, Quedadas, Mundo Web, Hazte oir, Presentación tienda, MTB, Bicicletas, Modalidades, Componentes, Accesorios/Textil, Mecánica, Recomendación compra, Recomendación venta, Venta 2ª mano, Compra 2ª mano, Webs, Blogs, Buscadores, Foros, CARRETERA, BMX, Noticias, Redes Sociales, Normas del foro, URBAN, KIDS, Anuncios - no comercial, ¡ Sólo Ofertas !, Anuncios - comercial, Bicicletas, Componentes, Entrenamiento - General, Entrenamiento - Potencia, Entrenamiento - Pulso, Alimentación, Medicina Deportiva, Control de Peso, Sugerencias a foro.buscobici.com, Problemas/Denuncias en foro.buscobici.com, Textil/Accesorios, Bicicletas, Componentes, Textil/Accesorios, Madrid, Accesorios/Textil, Modalidades, Mecánica, Bicicletas, Componentes, Bicicletas, Componentes, Mecánica, Accesorios/Textil, Modalidades, Bicicletas, Componentes, Mecánica, Accesorios/Textil, Modalidades, Galicia, Asturias, Cantabria, Euskadi/País Vasco, Navarra, Aragón, La Rioja, Catalunya/Cataluña, Islas Baleares, Islas Canarias, Valencia, Murcia, Extremadura, Castilla La Mancha, Castilla y León, Andalucía\";i:1;s:40:\"<span class=\"sep\">Administradores</span>\";}'),(1176,0,2,0,0,0,'82.159.104.78',1353355995,'LOG_IMAGESET_LANG_MISSING','a:2:{i:0;s:9:\"prosilver\";i:1;s:2:\"es\";}'),(1177,0,2,0,0,0,'82.159.104.78',1353356008,'LOG_IMAGESET_LANG_MISSING','a:2:{i:0;s:9:\"prosilver\";i:1;s:2:\"es\";}'),(1178,0,2,0,0,0,'82.159.104.78',1353356084,'LOG_IMAGESET_LANG_MISSING','a:2:{i:0;s:9:\"prosilver\";i:1;s:2:\"es\";}'),(1179,0,2,0,0,0,'82.159.104.78',1353356084,'LOG_ACL_ADD_FORUM_LOCAL_F_','a:2:{i:0;s:1196:\"General, Presentación nuevo usuario, Tiendas/Comercial, Compra/Venta/2ª mano, Entrenamiento/Nutrición, Quedadas, Mundo Web, Hazte oir, Presentación tienda, MTB, Bicicletas, Modalidades, Componentes, Accesorios/Textil, Mecánica, Recomendación compra, Recomendación venta, Venta 2ª mano, Compra 2ª mano, Webs, Blogs, Buscadores, Foros, CARRETERA, BMX, Noticias, Redes Sociales, Normas del foro, URBAN, KIDS, Anuncios - no comercial, ¡ Sólo Ofertas !, Anuncios - comercial, Bicicletas, Componentes, Entrenamiento - General, Entrenamiento - Potencia, Entrenamiento - Pulso, Alimentación, Medicina Deportiva, Control de Peso, Sugerencias a foro.buscobici.com, Problemas/Denuncias en foro.buscobici.com, Textil/Accesorios, Bicicletas, Componentes, Textil/Accesorios, Madrid, Accesorios/Textil, Modalidades, Mecánica, Bicicletas, Componentes, Bicicletas, Componentes, Mecánica, Accesorios/Textil, Modalidades, Bicicletas, Componentes, Mecánica, Accesorios/Textil, Modalidades, Galicia, Asturias, Cantabria, Euskadi/País Vasco, Navarra, Aragón, La Rioja, Catalunya/Cataluña, Islas Baleares, Islas Canarias, Valencia, Murcia, Extremadura, Castilla La Mancha, Castilla y León, Andalucía\";i:1;s:45:\"<span class=\"sep\">Usuarios registrados</span>\";}'),(1180,0,2,0,0,0,'82.159.104.78',1353356086,'LOG_IMAGESET_LANG_MISSING','a:2:{i:0;s:9:\"prosilver\";i:1;s:2:\"es\";}'),(1181,0,1,0,0,0,'82.159.104.78',1353356109,'LOG_IMAGESET_LANG_MISSING','a:2:{i:0;s:9:\"prosilver\";i:1;s:2:\"es\";}'),(1182,0,1,0,0,0,'82.159.104.78',1353356114,'LOG_IMAGESET_LANG_MISSING','a:2:{i:0;s:9:\"prosilver\";i:1;s:2:\"es\";}'),(1183,0,1,0,0,0,'82.159.104.78',1353356119,'LOG_IMAGESET_LANG_MISSING','a:2:{i:0;s:9:\"prosilver\";i:1;s:2:\"es\";}'),(1184,0,54,0,0,0,'82.159.104.78',1353356120,'LOG_IMAGESET_LANG_MISSING','a:2:{i:0;s:9:\"prosilver\";i:1;s:2:\"es\";}'),(1185,0,54,0,0,0,'82.159.104.78',1353356120,'LOG_IMAGESET_LANG_MISSING','a:2:{i:0;s:9:\"prosilver\";i:1;s:2:\"es\";}'),(1186,0,54,0,0,0,'82.159.104.78',1353356123,'LOG_IMAGESET_LANG_MISSING','a:2:{i:0;s:9:\"prosilver\";i:1;s:2:\"es\";}'),(1187,0,54,0,0,0,'82.159.104.78',1353356159,'LOG_IMAGESET_LANG_MISSING','a:2:{i:0;s:9:\"prosilver\";i:1;s:2:\"es\";}'),(1188,0,54,0,0,0,'82.159.104.78',1353356165,'LOG_IMAGESET_LANG_MISSING','a:2:{i:0;s:9:\"prosilver\";i:1;s:2:\"es\";}'),(1189,0,54,0,0,0,'82.159.104.78',1353356168,'LOG_IMAGESET_LANG_MISSING','a:2:{i:0;s:9:\"prosilver\";i:1;s:2:\"es\";}'),(1190,0,54,0,0,0,'82.159.104.78',1353356180,'LOG_IMAGESET_LANG_MISSING','a:2:{i:0;s:9:\"prosilver\";i:1;s:2:\"es\";}'),(1191,0,2,0,0,0,'82.159.104.78',1353356199,'LOG_IMAGESET_LANG_MISSING','a:2:{i:0;s:9:\"prosilver\";i:1;s:2:\"es\";}'),(1192,0,2,0,0,0,'82.159.104.78',1353356201,'LOG_IMAGESET_LANG_MISSING','a:2:{i:0;s:9:\"prosilver\";i:1;s:2:\"es\";}'),(1193,0,2,0,0,0,'82.159.104.78',1353356203,'LOG_IMAGESET_LANG_MISSING','a:2:{i:0;s:9:\"prosilver\";i:1;s:2:\"es\";}'),(1194,0,2,0,0,0,'82.159.104.78',1353356356,'LOG_IMAGESET_LANG_MISSING','a:2:{i:0;s:9:\"prosilver\";i:1;s:2:\"es\";}'),(1195,0,2,0,0,0,'82.159.104.78',1353356485,'LOG_IMAGESET_LANG_MISSING','a:2:{i:0;s:9:\"prosilver\";i:1;s:2:\"es\";}'),(1196,0,2,0,0,0,'82.159.104.78',1353356490,'LOG_IMAGESET_LANG_MISSING','a:2:{i:0;s:9:\"prosilver\";i:1;s:2:\"es\";}'),(1197,0,2,0,0,0,'82.159.104.78',1353356496,'LOG_IMAGESET_LANG_MISSING','a:2:{i:0;s:9:\"prosilver\";i:1;s:2:\"es\";}'),(1198,0,2,0,0,0,'82.159.104.78',1353356496,'LOG_CONFIG_SETTINGS',''),(1199,0,2,0,0,0,'82.159.104.78',1353356977,'LOG_CONFIG_SETTINGS',''),(1200,0,2,0,0,0,'82.159.104.78',1353356978,'LOG_IMAGESET_LANG_MISSING','a:2:{i:0;s:9:\"prosilver\";i:1;s:2:\"es\";}'),(1201,0,54,0,0,0,'82.159.104.78',1353356986,'LOG_IMAGESET_LANG_MISSING','a:2:{i:0;s:9:\"prosilver\";i:1;s:2:\"es\";}'),(1202,0,54,0,0,0,'82.159.104.78',1353356990,'LOG_IMAGESET_LANG_MISSING','a:2:{i:0;s:9:\"prosilver\";i:1;s:2:\"es\";}'),(1203,0,54,0,0,0,'82.159.104.78',1353357118,'LOG_IMAGESET_LANG_MISSING','a:2:{i:0;s:9:\"prosilver\";i:1;s:2:\"es\";}'),(1204,0,54,0,0,0,'82.159.104.78',1353357119,'LOG_IMAGESET_LANG_MISSING','a:2:{i:0;s:9:\"prosilver\";i:1;s:2:\"es\";}'),(1205,0,54,0,0,0,'82.159.104.78',1353357787,'LOG_IMAGESET_LANG_MISSING','a:2:{i:0;s:9:\"prosilver\";i:1;s:2:\"es\";}'),(1206,0,2,0,0,0,'82.159.104.78',1353357804,'LOG_IMAGESET_LANG_MISSING','a:2:{i:0;s:9:\"prosilver\";i:1;s:2:\"es\";}'),(1207,0,2,0,0,0,'82.159.104.78',1353357806,'LOG_IMAGESET_LANG_MISSING','a:2:{i:0;s:9:\"prosilver\";i:1;s:2:\"es\";}'),(1208,0,2,0,0,0,'82.159.104.78',1353357810,'LOG_IMAGESET_LANG_MISSING','a:2:{i:0;s:9:\"prosilver\";i:1;s:2:\"es\";}'),(1209,0,2,0,0,0,'82.159.104.78',1353357810,'LOG_CONFIG_SETTINGS',''),(1210,0,2,0,0,0,'82.159.104.78',1353357811,'LOG_IMAGESET_LANG_MISSING','a:2:{i:0;s:9:\"prosilver\";i:1;s:2:\"es\";}'),(1211,0,2,0,0,0,'82.159.104.78',1353357813,'LOG_IMAGESET_LANG_MISSING','a:2:{i:0;s:9:\"prosilver\";i:1;s:2:\"es\";}'),(1212,0,2,0,0,0,'82.159.104.78',1353357819,'LOG_IMAGESET_LANG_MISSING','a:2:{i:0;s:9:\"prosilver\";i:1;s:2:\"es\";}'),(1213,0,2,0,0,0,'82.159.104.78',1353357831,'LOG_IMAGESET_LANG_MISSING','a:2:{i:0;s:9:\"prosilver\";i:1;s:2:\"es\";}'),(1214,0,2,0,0,0,'82.159.104.78',1353357831,'LOG_STYLE_EDIT_DETAILS','a:1:{i:0;s:9:\"Milky Way\";}'),(1215,0,2,0,0,0,'82.159.104.78',1353357832,'LOG_IMAGESET_LANG_REFRESHED','a:2:{i:0;s:9:\"Milky Way\";i:1;s:2:\"es\";}'),(1216,0,2,0,0,0,'82.159.104.78',1353357995,'LOG_IMAGESET_EDIT','a:1:{i:0;s:9:\"Milky Way\";}'),(1217,0,2,0,0,0,'82.159.104.78',1353358018,'LOG_IMAGESET_EDIT','a:1:{i:0;s:9:\"Milky Way\";}'),(1218,0,2,0,0,0,'82.159.104.78',1353358039,'LOG_IMAGESET_EDIT','a:1:{i:0;s:9:\"Milky Way\";}'),(1219,0,2,0,0,0,'82.159.104.78',1353358084,'LOG_IMAGESET_EDIT','a:1:{i:0;s:9:\"Milky Way\";}'),(1220,0,2,0,0,0,'82.159.104.78',1353358099,'LOG_IMAGESET_EDIT','a:1:{i:0;s:9:\"Milky Way\";}'),(1221,0,2,0,0,0,'82.159.104.78',1353358194,'LOG_IMAGESET_EDIT','a:1:{i:0;s:9:\"Milky Way\";}'),(1222,0,2,0,0,0,'82.159.104.78',1353358251,'LOG_STYLE_EDIT_DETAILS','a:1:{i:0;s:9:\"Milky Way\";}'),(1223,0,2,0,0,0,'82.159.104.78',1353358252,'LOG_IMAGESET_LANG_MISSING','a:2:{i:0;s:9:\"prosilver\";i:1;s:2:\"es\";}'),(1224,0,54,0,0,0,'82.159.104.78',1353358258,'LOG_IMAGESET_LANG_MISSING','a:2:{i:0;s:9:\"prosilver\";i:1;s:2:\"es\";}'),(1225,0,54,0,0,0,'82.159.104.78',1353358351,'LOG_IMAGESET_LANG_REFRESHED','a:2:{i:0;s:9:\"prosilver\";i:1;s:2:\"es\";}'),(1226,0,2,0,0,0,'82.159.104.78',1353358482,'LOG_ACL_ADD_FORUM_LOCAL_F_','a:2:{i:0;s:27:\"Presentación nuevo usuario\";i:1;s:45:\"<span class=\"sep\">Usuarios registrados</span>\";}'),(1227,0,2,0,0,0,'82.159.104.78',1353358534,'LOG_ACL_ADD_GROUP_LOCAL_F_','a:2:{i:0;s:27:\"Presentación nuevo usuario\";i:1;s:45:\"<span class=\"sep\">Usuarios registrados</span>\";}'),(1228,0,2,0,0,0,'82.159.104.78',1353360693,'LOG_CONFIG_SETTINGS',''),(1229,0,2,0,0,0,'82.159.104.78',1353360712,'LOG_CONFIG_SETTINGS',''),(1230,0,2,0,0,0,'82.159.104.78',1353360734,'LOG_ADMIN_AUTH_SUCCESS',''),(1231,0,2,0,0,0,'82.159.104.78',1353360782,'LOG_CONFIG_SETTINGS',''),(1232,0,2,0,0,0,'82.159.104.78',1353361440,'LOG_ADMIN_AUTH_SUCCESS',''),(1233,0,2,0,0,0,'82.159.104.78',1353361931,'LOG_CONFIG_SETTINGS',''),(1234,0,55,0,0,0,'82.159.104.78',1353362057,'LOG_ADMIN_AUTH_SUCCESS',''),(1235,0,55,0,0,0,'82.159.104.78',1353362815,'LOG_ACL_ADD_GROUP_LOCAL_F_','a:2:{i:0;s:7:\"General\";i:1;s:45:\"<span class=\"sep\">Usuarios registrados</span>\";}'),(1236,1,55,2,3,0,'82.159.104.78',1353363713,'LOG_DELETE_TOPIC','a:2:{i:0;s:7:\"Este es\";i:1;s:9:\"sarroutbi\";}'),(1237,1,55,2,4,0,'82.159.104.78',1353363713,'LOG_DELETE_TOPIC','a:2:{i:0;s:6:\"Hola !\";i:1;s:9:\"sarroutbi\";}'),(1238,1,55,2,6,0,'82.159.104.78',1353363713,'LOG_DELETE_TOPIC','a:2:{i:0;s:4:\"Hola\";i:1;s:9:\"sarroutbi\";}'),(1239,1,55,32,5,0,'82.159.104.78',1353363759,'LOG_DELETE_TOPIC','a:2:{i:0;s:6:\"Hola !\";i:1;s:5:\"phpbb\";}'),(1240,0,55,0,0,0,'82.159.104.78',1353364300,'LOG_STYLE_EDIT_DETAILS','a:1:{i:0;s:9:\"Milky Way\";}'),(1241,0,55,0,0,0,'82.159.104.78',1353366423,'LOG_IMAGESET_EDIT','a:1:{i:0;s:9:\"Milky Way\";}'),(1242,0,55,0,0,0,'82.159.104.78',1353366429,'LOG_IMAGESET_EDIT','a:1:{i:0;s:9:\"Milky Way\";}'),(1243,0,55,0,0,0,'82.159.104.78',1353366456,'LOG_IMAGESET_EDIT','a:1:{i:0;s:9:\"Milky Way\";}'),(1244,0,55,0,0,0,'82.159.104.78',1353366695,'LOG_CONFIG_SETTINGS',''),(1245,0,55,0,0,0,'82.159.104.78',1353367378,'LOG_ACL_ADD_USER_GLOBAL_A_','a:1:{i:0;s:5:\"oglok\";}'),(1246,0,2,0,0,0,'82.159.104.78',1353367497,'LOG_ADMIN_AUTH_SUCCESS',''),(1247,0,2,0,0,0,'82.159.104.78',1353367556,'LOG_USERS_ADDED','a:2:{i:0;s:15:\"Administradores\";i:1;s:5:\"oglok\";}'),(1248,1,2,2,0,0,'82.159.104.78',1353367655,'LOG_TOPIC_DISAPPROVED','a:2:{i:0;s:4:\"Hola\";i:1;s:9:\"\n\nWhy not\";}'),(1249,0,2,0,0,0,'82.159.104.78',1353367959,'LOG_ACL_ADD_FORUM_LOCAL_F_','a:2:{i:0;s:8:\"Noticias\";i:1;s:99:\"<span class=\"sep\">Moderadores globales</span>, <span class=\"sep\">Nuevos Usuarios Registrados</span>\";}'),(1250,0,2,0,0,0,'82.159.104.78',1353367985,'LOG_ACL_ADD_FORUM_LOCAL_F_','a:2:{i:0;s:8:\"Noticias\";i:1;s:52:\"<span class=\"sep\">Nuevos Usuarios Registrados</span>\";}'),(1251,0,2,0,0,0,'82.159.104.78',1353368002,'LOG_ACL_ADD_FORUM_LOCAL_F_','a:2:{i:0;s:8:\"Noticias\";i:1;s:45:\"<span class=\"sep\">Moderadores globales</span>\";}'),(1252,0,2,0,0,0,'82.159.104.78',1353368059,'LOG_ACL_ADD_FORUM_LOCAL_F_','a:2:{i:0;s:21:\"Recomendación compra\";i:1;s:99:\"<span class=\"sep\">Moderadores globales</span>, <span class=\"sep\">Nuevos Usuarios Registrados</span>\";}'),(1253,0,2,0,0,0,'82.159.104.78',1353368218,'LOG_FORUM_COPIED_PERMISSIONS','a:2:{i:0;s:8:\"Noticias\";i:1;s:17:\"Tiendas/Comercial\";}'),(1254,0,2,0,0,0,'82.159.104.78',1353368343,'LOG_ACL_ADD_FORUM_LOCAL_F_','a:2:{i:0;s:187:\"Compra/Venta/2ª mano, Recomendación compra, Recomendación venta, Venta 2ª mano, Compra 2ª mano, Bicicletas, Componentes, Textil/Accesorios, Bicicletas, Componentes, Textil/Accesorios\";i:1;s:45:\"<span class=\"sep\">Usuarios registrados</span>\";}'),(1255,0,2,0,0,0,'82.159.104.78',1353368433,'LOG_ACL_ADD_MOD_GLOBAL_M_','a:1:{i:0;s:5:\"oglok\";}'),(1256,0,2,0,0,0,'82.159.104.78',1353368445,'LOG_ACL_ADD_ADMIN_GLOBAL_A_','a:1:{i:0;s:5:\"oglok\";}'),(1257,0,2,0,0,0,'82.159.104.78',1353368665,'LOG_ACL_ADD_FORUM_LOCAL_F_','a:2:{i:0;s:106:\"Tiendas/Comercial, Presentación tienda, Anuncios - no comercial, ¡ Sólo Ofertas !, Anuncios - comercial\";i:1;s:45:\"<span class=\"sep\">Usuarios registrados</span>\";}'),(1258,0,2,0,0,0,'82.159.104.78',1353368688,'LOG_ACL_ADD_FORUM_LOCAL_F_','a:2:{i:0;s:27:\"Presentación nuevo usuario\";i:1;s:45:\"<span class=\"sep\">Usuarios registrados</span>\";}'),(1259,0,2,0,0,0,'82.159.104.78',1353368771,'LOG_ACL_ADD_FORUM_LOCAL_F_','a:2:{i:0;s:57:\"Mundo Web, Webs, Blogs, Buscadores, Foros, Redes Sociales\";i:1;s:45:\"<span class=\"sep\">Usuarios registrados</span>\";}'),(1260,0,55,0,0,0,'82.159.104.78',1353440785,'LOG_ADMIN_AUTH_SUCCESS',''),(1261,1,2,2,9,0,'82.159.104.78',1353441478,'LOG_DELETE_POST','a:2:{i:0;s:13:\"Presentación\";i:1;s:5:\"phpbb\";}'),(1262,0,2,0,0,0,'82.159.104.78',1353441673,'LOG_ADMIN_AUTH_SUCCESS',''),(1263,0,2,0,0,0,'82.159.104.78',1353441989,'LOG_ACL_ADD_FORUM_LOCAL_F_','a:2:{i:0;s:27:\"Presentación nuevo usuario\";i:1;s:52:\"<span class=\"sep\">Nuevos Usuarios Registrados</span>\";}'),(1264,0,2,0,0,0,'82.159.104.78',1353442021,'LOG_ACL_ADD_FORUM_LOCAL_F_','a:2:{i:0;s:7:\"General\";i:1;s:52:\"<span class=\"sep\">Nuevos Usuarios Registrados</span>\";}'),(1265,0,2,0,0,0,'82.159.104.78',1353442030,'LOG_ACL_ADD_FORUM_LOCAL_F_','a:2:{i:0;s:7:\"General\";i:1;s:45:\"<span class=\"sep\">Moderadores globales</span>\";}'),(1266,0,2,0,0,0,'82.159.104.78',1353442062,'LOG_ACL_ADD_FORUM_LOCAL_F_','a:2:{i:0;s:27:\"Presentación nuevo usuario\";i:1;s:45:\"<span class=\"sep\">Usuarios registrados</span>\";}'),(1267,0,2,0,0,0,'82.159.104.78',1353442132,'LOG_ACL_ADD_FORUM_LOCAL_F_','a:2:{i:0;s:15:\"Normas del foro\";i:1;s:45:\"<span class=\"sep\">Moderadores globales</span>\";}'),(1268,0,2,0,0,0,'82.159.104.78',1353442146,'LOG_ACL_ADD_FORUM_LOCAL_F_','a:2:{i:0;s:15:\"Normas del foro\";i:1;s:34:\"<span class=\"sep\">Invitados</span>\";}'),(1269,0,2,0,0,0,'82.159.104.78',1353442156,'LOG_ACL_ADD_FORUM_LOCAL_F_','a:2:{i:0;s:15:\"Normas del foro\";i:1;s:52:\"<span class=\"sep\">Nuevos Usuarios Registrados</span>\";}'),(1270,1,2,2,0,0,'82.159.104.78',1353442271,'LOG_TOPIC_DISAPPROVED','a:2:{i:0;s:14:\"Hola a todos !\";i:1;s:33:\"El mensaje reportado es Off-Topic\";}'),(1271,1,2,29,7,0,'82.159.104.78',1353442289,'LOG_DELETE_TOPIC','a:2:{i:0;s:7:\"Noticia\";i:1;s:9:\"sarroutbi\";}'),(1272,1,2,29,11,0,'82.159.104.78',1353442289,'LOG_DELETE_TOPIC','a:2:{i:0;s:13:\"Nueva noticia\";i:1;s:9:\"sarroutbi\";}'),(1273,1,2,24,13,0,'82.159.104.78',1353442560,'LOG_DELETE_TOPIC','a:2:{i:0;s:7:\"Este es\";i:1;s:9:\"sarroutbi\";}'),(1274,0,2,0,0,0,'82.159.104.78',1353442802,'LOG_FORUM_COPIED_PERMISSIONS','a:2:{i:0;s:21:\"Compra/Venta/2ª mano\";i:1;s:775:\"Entrenamiento/Nutrición, Quedadas, Hazte oir, MTB, Bicicletas, Modalidades, Componentes, Accesorios/Textil, Mecánica, CARRETERA, BMX, URBAN, KIDS, Entrenamiento - General, Entrenamiento - Potencia, Entrenamiento - Pulso, Alimentación, Medicina Deportiva, Control de Peso, Sugerencias a foro.buscobici.com, Problemas/Denuncias en foro.buscobici.com, Madrid, Accesorios/Textil, Modalidades, Mecánica, Bicicletas, Componentes, Bicicletas, Componentes, Mecánica, Accesorios/Textil, Modalidades, Bicicletas, Componentes, Mecánica, Accesorios/Textil, Modalidades, Galicia, Asturias, Cantabria, Euskadi/País Vasco, Navarra, Aragón, La Rioja, Catalunya/Cataluña, Islas Baleares, Islas Canarias, Valencia, Murcia, Extremadura, Castilla La Mancha, Castilla y León, Andalucía\";}'),(1275,0,2,0,0,0,'82.159.104.78',1353445741,'LOG_FORUM_EDIT','a:1:{i:0;s:4:\"Webs\";}'),(1276,0,2,0,0,0,'82.159.104.78',1353445766,'LOG_FORUM_EDIT','a:1:{i:0;s:4:\"Webs\";}'),(1277,0,2,0,0,0,'82.159.104.78',1353445830,'LOG_FORUM_EDIT','a:1:{i:0;s:10:\"Buscadores\";}'),(1278,0,2,0,0,0,'82.159.104.78',1353445896,'LOG_FORUM_EDIT','a:1:{i:0;s:14:\"Redes Sociales\";}'),(1279,0,2,0,0,0,'82.159.104.78',1353445957,'LOG_FORUM_EDIT','a:1:{i:0;s:5:\"Blogs\";}'),(1280,0,2,0,0,0,'82.159.104.78',1353445986,'LOG_FORUM_EDIT','a:1:{i:0;s:5:\"Blogs\";}'),(1281,0,2,0,0,0,'82.159.104.78',1353446068,'LOG_FORUM_EDIT','a:1:{i:0;s:5:\"Foros\";}'),(1282,0,2,0,0,0,'82.159.104.78',1353446363,'LOG_FORUM_ADD','a:1:{i:0;s:27:\"Sugerencias a buscobici.com\";}'),(1283,0,2,0,0,0,'82.159.104.78',1353446363,'LOG_FORUM_COPIED_PERMISSIONS','a:2:{i:0;s:9:\"Hazte oir\";i:1;s:27:\"Sugerencias a buscobici.com\";}'),(1284,0,2,0,0,0,'82.159.104.78',1353446433,'LOG_FORUM_MOVE_UP','a:2:{i:0;s:27:\"Sugerencias a buscobici.com\";i:1;s:41:\"Problemas/Denuncias en foro.buscobici.com\";}'),(1285,0,2,0,0,0,'82.159.104.78',1353446434,'LOG_FORUM_MOVE_UP','a:2:{i:0;s:27:\"Sugerencias a buscobici.com\";i:1;s:32:\"Sugerencias a foro.buscobici.com\";}'),(1286,0,2,0,0,0,'82.159.104.78',1353447836,'LOG_FORUM_EDIT','a:1:{i:0;s:23:\"Entrenamiento - General\";}'),(1287,0,2,0,0,0,'82.159.104.78',1353447853,'LOG_FORUM_EDIT','a:1:{i:0;s:24:\"Entrenamiento - Potencia\";}'),(1288,0,2,0,0,0,'82.159.104.78',1353447874,'LOG_FORUM_EDIT','a:1:{i:0;s:21:\"Entrenamiento - Pulso\";}'),(1289,0,2,0,0,0,'82.159.104.78',1353448018,'LOG_FORUM_EDIT','a:1:{i:0;s:13:\"Alimentación\";}'),(1290,0,2,0,0,0,'82.159.104.78',1353448040,'LOG_FORUM_DEL_POSTS','a:1:{i:0;s:18:\"Medicina Deportiva\";}'),(1291,0,2,0,0,0,'82.159.104.78',1353448101,'LOG_FORUM_EDIT','a:1:{i:0;s:15:\"Control de Peso\";}'),(1292,0,2,0,0,0,'82.159.104.78',1353448285,'LOG_FORUM_EDIT','a:1:{i:0;s:41:\"Sugerencias al buscador www.buscobici.com\";}'),(1293,0,2,0,0,0,'82.159.104.78',1353452136,'LOG_IMAGESET_EDIT','a:1:{i:0;s:9:\"Milky Way\";}'),(1294,0,2,0,0,0,'82.159.104.78',1353452141,'LOG_IMAGESET_EDIT','a:1:{i:0;s:9:\"Milky Way\";}'),(1295,0,2,0,0,0,'82.159.104.78',1353452781,'LOG_IMAGESET_EDIT','a:1:{i:0;s:9:\"Milky Way\";}'),(1296,0,2,0,0,0,'82.159.104.78',1353452790,'LOG_IMAGESET_EDIT','a:1:{i:0;s:9:\"Milky Way\";}'),(1297,0,2,0,0,0,'82.159.104.78',1353452810,'LOG_IMAGESET_EDIT','a:1:{i:0;s:9:\"Milky Way\";}'),(1298,0,2,0,0,0,'82.159.104.78',1353453059,'LOG_IMAGESET_EDIT','a:1:{i:0;s:9:\"Milky Way\";}'),(1299,0,2,0,0,0,'82.159.104.78',1353453075,'LOG_IMAGESET_EDIT','a:1:{i:0;s:9:\"Milky Way\";}'),(1300,0,2,0,0,0,'82.159.104.78',1353453173,'LOG_IMAGESET_EDIT','a:1:{i:0;s:9:\"Milky Way\";}'),(1301,0,2,0,0,0,'82.159.104.78',1353453206,'LOG_IMAGESET_EDIT','a:1:{i:0;s:9:\"Milky Way\";}'),(1302,0,55,0,0,0,'82.159.104.78',1353453294,'LOG_ADMIN_AUTH_SUCCESS',''),(1303,0,55,0,0,0,'82.159.104.78',1353453318,'LOG_IMAGESET_EDIT','a:1:{i:0;s:9:\"Milky Way\";}'),(1304,0,55,0,0,0,'82.159.104.78',1353453337,'LOG_IMAGESET_EDIT','a:1:{i:0;s:9:\"Milky Way\";}'),(1305,0,55,0,0,0,'82.159.104.78',1353453559,'LOG_IMAGESET_EDIT','a:1:{i:0;s:9:\"Milky Way\";}'),(1306,0,55,0,0,0,'82.159.104.78',1353453602,'LOG_IMAGESET_EDIT','a:1:{i:0;s:9:\"Milky Way\";}'),(1307,0,55,0,0,0,'82.159.104.78',1353454057,'LOG_ADMIN_AUTH_SUCCESS',''),(1308,0,55,0,0,0,'82.159.104.78',1353617917,'LOG_ADMIN_AUTH_SUCCESS',''),(1309,0,55,0,0,0,'82.159.104.78',1353617957,'LOG_FORUM_ADD','a:1:{i:0;s:31:\"buscobici.com - Actualizaciones\";}'),(1310,0,55,0,0,0,'82.159.104.78',1353617957,'LOG_FORUM_COPIED_PERMISSIONS','a:2:{i:0;s:15:\"Normas del foro\";i:1;s:31:\"buscobici.com - Actualizaciones\";}'),(1311,0,55,0,0,0,'82.159.104.78',1353617972,'LOG_FORUM_MOVE_UP','a:2:{i:0;s:31:\"buscobici.com - Actualizaciones\";i:1;s:8:\"Noticias\";}'),(1312,0,55,0,0,0,'82.159.104.78',1353617973,'LOG_FORUM_MOVE_UP','a:2:{i:0;s:31:\"buscobici.com - Actualizaciones\";i:1;s:27:\"Presentación nuevo usuario\";}'),(1313,0,55,0,0,0,'82.159.104.78',1353618053,'LOG_FORUM_EDIT','a:1:{i:0;s:31:\"buscobici.com - Actualizaciones\";}'),(1314,0,55,0,0,0,'82.159.104.78',1353619297,'LOG_ADMIN_AUTH_SUCCESS',''),(1315,0,55,0,0,0,'82.159.104.78',1353619340,'LOG_FORUM_EDIT','a:1:{i:0;s:31:\"buscobici.com - Actualizaciones\";}'),(1316,0,55,0,0,0,'82.159.104.78',1353619379,'LOG_FORUM_EDIT','a:1:{i:0;s:31:\"buscobici.com - Actualizaciones\";}'),(1317,0,55,0,0,0,'82.159.104.78',1353619399,'LOG_FORUM_EDIT','a:1:{i:0;s:31:\"buscobici.com - Actualizaciones\";}'),(1318,0,55,0,0,0,'82.159.104.78',1353619415,'LOG_FORUM_EDIT','a:1:{i:0;s:31:\"buscobici.com - Actualizaciones\";}'),(1319,0,55,0,0,0,'82.159.104.78',1353621788,'LOG_ACL_ADD_USER_GLOBAL_A_','a:1:{i:0;s:5:\"oglok\";}'),(1320,0,55,0,0,0,'82.159.104.78',1353621808,'LOG_ACL_ADD_USER_GLOBAL_U_','a:1:{i:0;s:5:\"oglok\";}'),(1321,0,55,0,0,0,'82.159.104.78',1353621827,'LOG_ACL_ADD_USER_GLOBAL_U_','a:1:{i:0;s:5:\"oglok\";}'),(1322,0,2,0,0,0,'82.159.104.78',1353621890,'LOG_ADMIN_AUTH_SUCCESS',''),(1323,0,2,0,0,0,'82.159.104.78',1353621931,'LOG_GROUP_UPDATED','a:1:{i:0;s:15:\"Administradores\";}'),(1324,0,2,0,0,0,'82.159.104.78',1353621951,'LOG_GROUP_REMOVE','a:2:{i:0;s:15:\"Administradores\";i:1;s:5:\"oglok\";}'),(1325,0,55,0,0,0,'82.159.104.78',1353622341,'LOG_ADMIN_AUTH_FAIL',''),(1326,0,55,0,0,0,'82.159.104.78',1353622345,'LOG_ADMIN_AUTH_SUCCESS',''),(1327,0,55,0,0,0,'82.159.104.78',1353622499,'LOG_FORUM_EDIT','a:1:{i:0;s:18:\"¡ Sólo Ofertas !\";}'),(1328,0,55,0,0,0,'82.159.104.78',1353628974,'LOG_FORUM_EDIT','a:1:{i:0;s:31:\"buscobici.com - Actualizaciones\";}'),(1329,0,55,0,0,0,'82.159.104.78',1353629086,'LOG_FORUM_EDIT','a:1:{i:0;s:8:\"INFANTIL\";}'),(1330,0,55,0,0,0,'82.159.104.78',1353629128,'LOG_FORUM_ADD','a:1:{i:0;s:10:\"Bicicletas\";}'),(1331,0,55,0,0,0,'82.159.104.78',1353629128,'LOG_FORUM_COPIED_PERMISSIONS','a:2:{i:0;s:10:\"Bicicletas\";i:1;s:10:\"Bicicletas\";}'),(1332,0,55,0,0,0,'82.159.104.78',1353629243,'LOG_FORUM_ADD','a:1:{i:0;s:11:\"Componentes\";}'),(1333,0,55,0,0,0,'82.159.104.78',1353629243,'LOG_FORUM_COPIED_PERMISSIONS','a:2:{i:0;s:10:\"Bicicletas\";i:1;s:11:\"Componentes\";}'),(1334,0,55,0,0,0,'82.159.104.78',1353629266,'LOG_FORUM_ADD','a:1:{i:0;s:9:\"Mecánica\";}'),(1335,0,55,0,0,0,'82.159.104.78',1353629266,'LOG_FORUM_COPIED_PERMISSIONS','a:2:{i:0;s:10:\"Bicicletas\";i:1;s:9:\"Mecánica\";}'),(1336,0,55,0,0,0,'82.159.104.78',1353629294,'LOG_FORUM_ADD','a:1:{i:0;s:17:\"Textil/Accesorios\";}'),(1337,0,55,0,0,0,'82.159.104.78',1353629294,'LOG_FORUM_COPIED_PERMISSIONS','a:2:{i:0;s:10:\"Bicicletas\";i:1;s:17:\"Textil/Accesorios\";}'),(1338,0,55,0,0,0,'82.159.104.78',1353629343,'LOG_FORUM_ADD','a:1:{i:0;s:11:\"Modalidades\";}'),(1339,0,55,0,0,0,'82.159.104.78',1353629343,'LOG_FORUM_COPIED_PERMISSIONS','a:2:{i:0;s:11:\"Componentes\";i:1;s:11:\"Modalidades\";}'),(1340,0,55,0,0,0,'82.159.104.78',1353629365,'LOG_FORUM_EDIT','a:1:{i:0;s:17:\"Accesorios/Textil\";}'),(1341,0,55,0,0,0,'82.159.104.78',1353629427,'LOG_FORUM_ADD','a:1:{i:0;s:9:\"Off-Topic\";}'),(1342,0,55,0,0,0,'82.159.104.78',1353629427,'LOG_FORUM_COPIED_PERMISSIONS','a:2:{i:0;s:41:\"Problemas/Denuncias en foro.buscobici.com\";i:1;s:9:\"Off-Topic\";}'),(1343,0,55,0,0,0,'82.159.104.78',1353629509,'LOG_FORUM_ADD','a:1:{i:0;s:9:\"Off-Topic\";}'),(1344,0,55,0,0,0,'82.159.104.78',1353629509,'LOG_FORUM_COPIED_PERMISSIONS','a:2:{i:0;s:41:\"Sugerencias al buscador www.buscobici.com\";i:1;s:9:\"Off-Topic\";}'),(1345,0,55,0,0,0,'82.159.104.78',1353629525,'LOG_FORUM_DEL_POSTS','a:1:{i:0;s:9:\"Off-Topic\";}'),(1346,0,55,0,0,0,'82.159.104.78',1353629646,'LOG_FORUM_EDIT','a:1:{i:0;s:41:\"Sugerencias al buscador www.buscobici.com\";}'),(1347,0,55,0,0,0,'82.159.104.78',1353629695,'LOG_FORUM_EDIT','a:1:{i:0;s:9:\"Off-Topic\";}'),(1348,0,55,0,0,0,'82.159.104.78',1353629760,'LOG_FORUM_EDIT','a:1:{i:0;s:32:\"Sugerencias a foro.buscobici.com\";}'),(1349,0,55,0,0,0,'82.159.104.78',1353629775,'LOG_FORUM_EDIT','a:1:{i:0;s:9:\"Off-Topic\";}'),(1350,0,55,0,0,0,'82.159.104.78',1353629815,'LOG_FORUM_EDIT','a:1:{i:0;s:41:\"Problemas/Denuncias en foro.buscobici.com\";}'),(1351,0,55,0,0,0,'82.159.104.78',1353671771,'LOG_ADMIN_AUTH_SUCCESS',''),(1352,0,55,0,0,0,'82.159.104.78',1353671871,'LOG_FORUM_EDIT','a:1:{i:0;s:18:\"¡ Sólo Ofertas !\";}'),(1353,1,59,2,20,0,'62.42.5.67',1353691004,'LOG_DELETE_TOPIC','a:2:{i:0;s:24:\"DominguerosMTB Cantabria\";i:1;s:10:\"6QLiencres\";}'),(1354,1,59,70,21,0,'77.227.148.196',1353702313,'LOG_DELETE_TOPIC','a:2:{i:0;s:28:\"Re: DominguerosMTB Cantabria\";i:1;s:10:\"6QLiencres\";}'),(1355,1,55,27,19,0,'82.159.104.78',1353845250,'LOG_MOVE','a:2:{i:0;s:4:\"Webs\";i:1;s:5:\"Foros\";}'),(1356,1,55,27,19,0,'82.159.104.78',1353845380,'LOG_DELETE_POST','a:2:{i:0;s:28:\"Re: DominguerosMTB Cantabria\";i:1;s:10:\"6QLiencres\";}'),(1357,0,55,0,0,0,'82.159.104.78',1354869829,'LOG_ADMIN_AUTH_SUCCESS',''),(1358,0,55,0,0,0,'82.159.104.78',1354871092,'LOG_ACL_DEL_FORUM_LOCAL_F_','a:2:{i:0;s:71:\"MTB, Bicicletas, Modalidades, Componentes, Accesorios/Textil, Mecánica\";i:1;s:173:\"<span class=\"sep\">Invitados</span>, <span class=\"sep\">Usuarios registrados</span>, <span class=\"sep\">Usuarios APPCO (COPPA) registrados</span>, <span class=\"sep\">Bots</span>\";}'),(1359,0,55,0,0,0,'82.159.104.78',1354871355,'LOG_ACL_DEL_FORUM_LOCAL_F_','a:2:{i:0;s:77:\"CARRETERA, Bicicletas, Componentes, Mecánica, Accesorios/Textil, Modalidades\";i:1;s:173:\"<span class=\"sep\">Invitados</span>, <span class=\"sep\">Usuarios registrados</span>, <span class=\"sep\">Usuarios APPCO (COPPA) registrados</span>, <span class=\"sep\">Bots</span>\";}'),(1360,0,55,0,0,0,'82.159.104.78',1354871387,'LOG_ACL_DEL_FORUM_LOCAL_F_','a:2:{i:0;s:71:\"BMX, Bicicletas, Componentes, Mecánica, Accesorios/Textil, Modalidades\";i:1;s:173:\"<span class=\"sep\">Invitados</span>, <span class=\"sep\">Usuarios registrados</span>, <span class=\"sep\">Usuarios APPCO (COPPA) registrados</span>, <span class=\"sep\">Bots</span>\";}'),(1361,0,55,0,0,0,'82.159.104.78',1354871411,'LOG_ACL_DEL_FORUM_LOCAL_F_','a:2:{i:0;s:73:\"URBAN, Bicicletas, Componentes, Mecánica, Accesorios/Textil, Modalidades\";i:1;s:173:\"<span class=\"sep\">Invitados</span>, <span class=\"sep\">Usuarios registrados</span>, <span class=\"sep\">Usuarios APPCO (COPPA) registrados</span>, <span class=\"sep\">Bots</span>\";}'),(1362,0,55,0,0,0,'82.159.104.78',1354871438,'LOG_ACL_DEL_FORUM_LOCAL_F_','a:2:{i:0;s:76:\"INFANTIL, Bicicletas, Componentes, Mecánica, Accesorios/Textil, Modalidades\";i:1;s:173:\"<span class=\"sep\">Invitados</span>, <span class=\"sep\">Usuarios registrados</span>, <span class=\"sep\">Usuarios APPCO (COPPA) registrados</span>, <span class=\"sep\">Bots</span>\";}'),(1363,0,55,0,0,0,'82.159.104.78',1354875353,'LOG_FORUM_ADD','a:1:{i:0;s:10:\"Mundo Bici\";}'),(1364,0,55,0,0,0,'82.159.104.78',1354875353,'LOG_FORUM_COPIED_PERMISSIONS','a:2:{i:0;s:9:\"Mundo Web\";i:1;s:10:\"Mundo Bici\";}'),(1365,0,55,0,0,0,'82.159.104.78',1354875361,'LOG_FORUM_MOVE_UP','a:2:{i:0;s:10:\"Mundo Bici\";i:1;s:9:\"Hazte oir\";}'),(1366,0,55,0,0,0,'82.159.104.78',1354875366,'LOG_FORUM_MOVE_UP','a:2:{i:0;s:10:\"Mundo Bici\";i:1;s:8:\"Quedadas\";}'),(1367,0,55,0,0,0,'82.159.104.78',1354875538,'LOG_FORUM_MOVE_UP','a:2:{i:0;s:10:\"Mundo Bici\";i:1;s:8:\"INFANTIL\";}'),(1368,0,55,0,0,0,'82.159.104.78',1354875543,'LOG_FORUM_MOVE_UP','a:2:{i:0;s:10:\"Mundo Bici\";i:1;s:5:\"URBAN\";}'),(1369,0,55,0,0,0,'82.159.104.78',1354875547,'LOG_FORUM_MOVE_UP','a:2:{i:0;s:10:\"Mundo Bici\";i:1;s:3:\"BMX\";}'),(1370,0,55,0,0,0,'82.159.104.78',1354875550,'LOG_FORUM_MOVE_UP','a:2:{i:0;s:10:\"Mundo Bici\";i:1;s:9:\"CARRETERA\";}'),(1371,0,55,0,0,0,'82.159.104.78',1354875554,'LOG_FORUM_MOVE_UP','a:2:{i:0;s:10:\"Mundo Bici\";i:1;s:3:\"MTB\";}'),(1372,0,55,0,0,0,'82.159.104.78',1354875607,'LOG_FORUM_ADD','a:1:{i:0;s:10:\"Bicicletas\";}'),(1373,0,55,0,0,0,'82.159.104.78',1354875607,'LOG_FORUM_COPIED_PERMISSIONS','a:2:{i:0;s:10:\"Bicicletas\";i:1;s:10:\"Bicicletas\";}'),(1374,0,55,0,0,0,'82.159.104.78',1354875645,'LOG_FORUM_ADD','a:1:{i:0;s:11:\"Componentes\";}'),(1375,0,55,0,0,0,'82.159.104.78',1354875645,'LOG_FORUM_COPIED_PERMISSIONS','a:2:{i:0;s:10:\"Bicicletas\";i:1;s:11:\"Componentes\";}'),(1376,0,55,0,0,0,'82.159.104.78',1354875714,'LOG_FORUM_EDIT','a:1:{i:0;s:10:\"Mundo Bici\";}'),(1377,0,55,0,0,0,'82.159.104.78',1354876001,'LOG_ACL_ADD_FORUM_LOCAL_F_','a:2:{i:0;s:10:\"Bicicletas\";i:1;s:213:\"<span class=\"sep\">Invitados</span>, <span class=\"sep\">Usuarios registrados</span>, <span class=\"sep\">Moderadores globales</span>, <span class=\"sep\">Bots</span>, <span class=\"sep\">Nuevos Usuarios Registrados</span>\";}'),(1378,0,55,0,0,0,'82.159.104.78',1354876071,'LOG_FORUM_COPIED_PERMISSIONS','a:2:{i:0;s:10:\"Bicicletas\";i:1;s:11:\"Componentes\";}'),(1379,0,55,0,0,0,'82.159.104.78',1354876471,'LOG_FORUM_ADD','a:1:{i:0;s:9:\"Mecánica\";}'),(1380,0,55,0,0,0,'82.159.104.78',1354876471,'LOG_FORUM_COPIED_PERMISSIONS','a:2:{i:0;s:11:\"Componentes\";i:1;s:9:\"Mecánica\";}'),(1381,0,55,0,0,0,'82.159.104.78',1354876605,'LOG_FORUM_ADD','a:1:{i:0;s:23:\"Restauración y Pintura\";}'),(1382,0,55,0,0,0,'82.159.104.78',1354876605,'LOG_FORUM_COPIED_PERMISSIONS','a:2:{i:0;s:9:\"Mecánica\";i:1;s:23:\"Restauración y Pintura\";}'),(1383,0,55,0,0,0,'82.159.104.78',1354876665,'LOG_FORUM_ADD','a:1:{i:0;s:3:\"MTB\";}'),(1384,0,55,0,0,0,'82.159.104.78',1354876665,'LOG_FORUM_COPIED_PERMISSIONS','a:2:{i:0;s:23:\"Restauración y Pintura\";i:1;s:3:\"MTB\";}'),(1385,0,55,0,0,0,'82.159.104.78',1354876714,'LOG_FORUM_EDIT','a:1:{i:0;s:10:\"Mundo Bici\";}'),(1386,0,55,0,0,0,'82.159.104.78',1354876757,'LOG_FORUM_ADD','a:1:{i:0;s:19:\"Textil y Accesorios\";}'),(1387,0,55,0,0,0,'82.159.104.78',1354876757,'LOG_FORUM_COPIED_PERMISSIONS','a:2:{i:0;s:23:\"Restauración y Pintura\";i:1;s:19:\"Textil y Accesorios\";}'),(1388,0,55,0,0,0,'82.159.104.78',1354876778,'LOG_FORUM_MOVE_DOWN','a:2:{i:0;s:3:\"MTB\";i:1;s:19:\"Textil y Accesorios\";}'),(1389,0,55,0,0,0,'82.159.104.78',1354876859,'LOG_FORUM_ADD','a:1:{i:0;s:9:\"CARRETERA\";}'),(1390,0,55,0,0,0,'82.159.104.78',1354876859,'LOG_FORUM_COPIED_PERMISSIONS','a:2:{i:0;s:3:\"MTB\";i:1;s:9:\"CARRETERA\";}'),(1391,0,55,0,0,0,'82.159.104.78',1354876958,'LOG_FORUM_ADD','a:1:{i:0;s:5:\"URBAN\";}'),(1392,0,55,0,0,0,'82.159.104.78',1354876958,'LOG_FORUM_COPIED_PERMISSIONS','a:2:{i:0;s:9:\"CARRETERA\";i:1;s:5:\"URBAN\";}'),(1393,0,55,0,0,0,'82.159.104.78',1354877116,'LOG_FORUM_ADD','a:1:{i:0;s:3:\"BMX\";}'),(1394,0,55,0,0,0,'82.159.104.78',1354877116,'LOG_FORUM_COPIED_PERMISSIONS','a:2:{i:0;s:3:\"MTB\";i:1;s:3:\"BMX\";}'),(1395,0,55,0,0,0,'82.159.104.78',1354877137,'LOG_FORUM_ADD','a:1:{i:0;s:8:\"INFANTIL\";}'),(1396,0,55,0,0,0,'82.159.104.78',1354877137,'LOG_FORUM_COPIED_PERMISSIONS','a:2:{i:0;s:3:\"BMX\";i:1;s:8:\"INFANTIL\";}'),(1397,0,55,0,0,0,'82.159.104.78',1354877420,'LOG_FORUM_EDIT','a:1:{i:0;s:10:\"Bicicletas\";}'),(1398,0,55,0,0,0,'82.159.104.78',1354877462,'LOG_FORUM_EDIT','a:1:{i:0;s:11:\"Componentes\";}'),(1399,0,55,0,0,0,'82.159.104.78',1354877511,'LOG_FORUM_EDIT','a:1:{i:0;s:9:\"Mecánica\";}'),(1400,0,55,0,0,0,'82.159.104.78',1354877511,'LOG_FORUM_COPIED_PERMISSIONS','a:2:{i:0;s:11:\"Componentes\";i:1;s:9:\"Mecánica\";}'),(1401,0,55,0,0,0,'82.159.104.78',1354877572,'LOG_FORUM_EDIT','a:1:{i:0;s:23:\"Restauración y Pintura\";}'),(1402,0,55,0,0,0,'82.159.104.78',1354877628,'LOG_FORUM_EDIT','a:1:{i:0;s:19:\"Textil y Accesorios\";}'),(1403,0,55,0,0,0,'82.159.104.78',1354877676,'LOG_FORUM_EDIT','a:1:{i:0;s:3:\"MTB\";}'),(1404,0,55,0,0,0,'82.159.104.78',1354877786,'LOG_FORUM_EDIT','a:1:{i:0;s:17:\"CARRETERA - PISTA\";}'),(1405,0,55,0,0,0,'82.159.104.78',1354877848,'LOG_FORUM_EDIT','a:1:{i:0;s:5:\"URBAN\";}'),(1406,0,55,0,0,0,'82.159.104.78',1354877874,'LOG_FORUM_EDIT','a:1:{i:0;s:3:\"BMX\";}'),(1407,0,55,0,0,0,'82.159.104.78',1354877914,'LOG_FORUM_EDIT','a:1:{i:0;s:8:\"INFANTIL\";}'),(1408,0,55,0,0,0,'82.159.104.78',1354879961,'LOG_FORUM_MOVE_UP','a:2:{i:0;s:10:\"Mundo Bici\";i:1;s:24:\"Entrenamiento/Nutrición\";}'),(1409,0,55,0,0,0,'82.159.104.78',1354880096,'LOG_ACL_DEL_FORUM_LOCAL_F_','a:2:{i:0;s:229:\"Quedadas, Madrid, Galicia, Asturias, Cantabria, Euskadi/País Vasco, Navarra, Aragón, La Rioja, Catalunya/Cataluña, Islas Baleares, Islas Canarias, Valencia, Murcia, Extremadura, Castilla La Mancha, Castilla y León, Andalucía\";i:1;s:173:\"<span class=\"sep\">Invitados</span>, <span class=\"sep\">Usuarios registrados</span>, <span class=\"sep\">Usuarios APPCO (COPPA) registrados</span>, <span class=\"sep\">Bots</span>\";}'),(1410,0,55,0,0,0,'82.159.104.78',1354883478,'LOG_CONFIG_SERVER',''),(1411,0,55,0,0,0,'82.159.104.78',1354883513,'LOG_CONFIG_SERVER',''),(1412,0,55,0,0,0,'82.159.104.78',1354884560,'LOG_FORUM_DEL_POSTS','a:1:{i:0;s:10:\"Bicicletas\";}'),(1413,0,55,0,0,0,'82.159.104.78',1354884565,'LOG_FORUM_DEL_POSTS','a:1:{i:0;s:11:\"Componentes\";}'),(1414,0,55,0,0,0,'82.159.104.78',1354884570,'LOG_FORUM_DEL_POSTS','a:1:{i:0;s:17:\"Textil/Accesorios\";}'),(1415,0,55,0,0,0,'82.159.104.78',1354884669,'LOG_FORUM_DEL_POSTS','a:1:{i:0;s:10:\"Bicicletas\";}'),(1416,0,55,0,0,0,'82.159.104.78',1354884674,'LOG_FORUM_DEL_POSTS','a:1:{i:0;s:11:\"Componentes\";}'),(1417,0,55,0,0,0,'82.159.104.78',1354884680,'LOG_FORUM_DEL_POSTS','a:1:{i:0;s:17:\"Textil/Accesorios\";}'),(1418,0,55,0,0,0,'82.159.104.78',1354884873,'LOG_FORUM_EDIT','a:1:{i:0;s:14:\"Venta 2ª mano\";}');
/*!40000 ALTER TABLE `phpbb_log` ENABLE KEYS */;
UNLOCK TABLES;

--
-- Table structure for table `phpbb_login_attempts`
--

DROP TABLE IF EXISTS `phpbb_login_attempts`;
CREATE TABLE `phpbb_login_attempts` (
  `attempt_ip` varchar(40) collate utf8_bin NOT NULL default '',
  `attempt_browser` varchar(150) collate utf8_bin NOT NULL default '',
  `attempt_forwarded_for` varchar(255) collate utf8_bin NOT NULL default '',
  `attempt_time` int(11) unsigned NOT NULL default '0',
  `user_id` mediumint(8) unsigned NOT NULL default '0',
  `username` varchar(255) collate utf8_bin NOT NULL default '0',
  `username_clean` varchar(255) collate utf8_bin NOT NULL default '0',
  KEY `att_ip` (`attempt_ip`,`attempt_time`),
  KEY `att_for` (`attempt_forwarded_for`,`attempt_time`),
  KEY `att_time` (`attempt_time`),
  KEY `user_id` (`user_id`)
) ENGINE=MyISAM DEFAULT CHARSET=utf8 COLLATE=utf8_bin;

--
-- Dumping data for table `phpbb_login_attempts`
--

LOCK TABLES `phpbb_login_attempts` WRITE;
/*!40000 ALTER TABLE `phpbb_login_attempts` DISABLE KEYS */;
/*!40000 ALTER TABLE `phpbb_login_attempts` ENABLE KEYS */;
UNLOCK TABLES;

--
-- Table structure for table `phpbb_moderator_cache`
--

DROP TABLE IF EXISTS `phpbb_moderator_cache`;
CREATE TABLE `phpbb_moderator_cache` (
  `forum_id` mediumint(8) unsigned NOT NULL default '0',
  `user_id` mediumint(8) unsigned NOT NULL default '0',
  `username` varchar(255) collate utf8_bin NOT NULL default '',
  `group_id` mediumint(8) unsigned NOT NULL default '0',
  `group_name` varchar(255) collate utf8_bin NOT NULL default '',
  `display_on_index` tinyint(1) unsigned NOT NULL default '1',
  KEY `disp_idx` (`display_on_index`),
  KEY `forum_id` (`forum_id`)
) ENGINE=MyISAM DEFAULT CHARSET=utf8 COLLATE=utf8_bin;

--
-- Dumping data for table `phpbb_moderator_cache`
--

LOCK TABLES `phpbb_moderator_cache` WRITE;
/*!40000 ALTER TABLE `phpbb_moderator_cache` DISABLE KEYS */;
INSERT INTO `phpbb_moderator_cache` VALUES (0,55,'buscobici.com',0,'',1),(0,56,'oglok',0,'',1);
/*!40000 ALTER TABLE `phpbb_moderator_cache` ENABLE KEYS */;
UNLOCK TABLES;

--
-- Table structure for table `phpbb_modules`
--

DROP TABLE IF EXISTS `phpbb_modules`;
CREATE TABLE `phpbb_modules` (
  `module_id` mediumint(8) unsigned NOT NULL auto_increment,
  `module_enabled` tinyint(1) unsigned NOT NULL default '1',
  `module_display` tinyint(1) unsigned NOT NULL default '1',
  `module_basename` varchar(255) collate utf8_bin NOT NULL default '',
  `module_class` varchar(10) collate utf8_bin NOT NULL default '',
  `parent_id` mediumint(8) unsigned NOT NULL default '0',
  `left_id` mediumint(8) unsigned NOT NULL default '0',
  `right_id` mediumint(8) unsigned NOT NULL default '0',
  `module_langname` varchar(255) collate utf8_bin NOT NULL default '',
  `module_mode` varchar(255) collate utf8_bin NOT NULL default '',
  `module_auth` varchar(255) collate utf8_bin NOT NULL default '',
  PRIMARY KEY  (`module_id`),
  KEY `left_right_id` (`left_id`,`right_id`),
  KEY `module_enabled` (`module_enabled`),
  KEY `class_left_id` (`module_class`,`left_id`)
) ENGINE=MyISAM AUTO_INCREMENT=199 DEFAULT CHARSET=utf8 COLLATE=utf8_bin;

--
-- Dumping data for table `phpbb_modules`
--

LOCK TABLES `phpbb_modules` WRITE;
/*!40000 ALTER TABLE `phpbb_modules` DISABLE KEYS */;
INSERT INTO `phpbb_modules` VALUES (1,1,1,'','acp',0,1,64,'ACP_CAT_GENERAL','',''),(2,1,1,'','acp',1,4,17,'ACP_QUICK_ACCESS','',''),(3,1,1,'','acp',1,18,41,'ACP_BOARD_CONFIGURATION','',''),(4,1,1,'','acp',1,42,49,'ACP_CLIENT_COMMUNICATION','',''),(5,1,1,'','acp',1,50,63,'ACP_SERVER_CONFIGURATION','',''),(6,1,1,'','acp',0,65,84,'ACP_CAT_FORUMS','',''),(7,1,1,'','acp',6,66,71,'ACP_MANAGE_FORUMS','',''),(8,1,1,'','acp',6,72,83,'ACP_FORUM_BASED_PERMISSIONS','',''),(9,1,1,'','acp',0,85,110,'ACP_CAT_POSTING','',''),(10,1,1,'','acp',9,86,99,'ACP_MESSAGES','',''),(11,1,1,'','acp',9,100,109,'ACP_ATTACHMENTS','',''),(12,1,1,'','acp',0,111,166,'ACP_CAT_USERGROUP','',''),(13,1,1,'','acp',12,112,145,'ACP_CAT_USERS','',''),(14,1,1,'','acp',12,146,153,'ACP_GROUPS','',''),(15,1,1,'','acp',12,154,165,'ACP_USER_SECURITY','',''),(16,1,1,'','acp',0,167,216,'ACP_CAT_PERMISSIONS','',''),(17,1,1,'','acp',16,170,179,'ACP_GLOBAL_PERMISSIONS','',''),(18,1,1,'','acp',16,180,191,'ACP_FORUM_BASED_PERMISSIONS','',''),(19,1,1,'','acp',16,192,201,'ACP_PERMISSION_ROLES','',''),(20,1,1,'','acp',16,202,215,'ACP_PERMISSION_MASKS','',''),(21,1,1,'','acp',0,217,230,'ACP_CAT_STYLES','',''),(22,1,1,'','acp',21,218,221,'ACP_STYLE_MANAGEMENT','',''),(23,1,1,'','acp',21,222,229,'ACP_STYLE_COMPONENTS','',''),(24,1,1,'','acp',0,231,250,'ACP_CAT_MAINTENANCE','',''),(25,1,1,'','acp',24,232,241,'ACP_FORUM_LOGS','',''),(26,1,1,'','acp',24,242,249,'ACP_CAT_DATABASE','',''),(27,1,1,'','acp',0,251,276,'ACP_CAT_SYSTEM','',''),(28,1,1,'','acp',27,252,255,'ACP_AUTOMATION','',''),(29,1,1,'','acp',27,256,267,'ACP_GENERAL_TASKS','',''),(30,1,1,'','acp',27,268,275,'ACP_MODULE_MANAGEMENT','',''),(31,1,1,'','acp',0,277,278,'ACP_CAT_DOT_MODS','',''),(32,1,1,'attachments','acp',3,19,20,'ACP_ATTACHMENT_SETTINGS','attach','acl_a_attach'),(33,1,1,'attachments','acp',11,101,102,'ACP_ATTACHMENT_SETTINGS','attach','acl_a_attach'),(34,1,1,'attachments','acp',11,103,104,'ACP_MANAGE_EXTENSIONS','extensions','acl_a_attach'),(35,1,1,'attachments','acp',11,105,106,'ACP_EXTENSION_GROUPS','ext_groups','acl_a_attach'),(36,1,1,'attachments','acp',11,107,108,'ACP_ORPHAN_ATTACHMENTS','orphan','acl_a_attach'),(37,1,1,'ban','acp',15,155,156,'ACP_BAN_EMAILS','email','acl_a_ban'),(38,1,1,'ban','acp',15,157,158,'ACP_BAN_IPS','ip','acl_a_ban'),(39,1,1,'ban','acp',15,159,160,'ACP_BAN_USERNAMES','user','acl_a_ban'),(40,1,1,'bbcodes','acp',10,87,88,'ACP_BBCODES','bbcodes','acl_a_bbcode'),(41,1,1,'board','acp',3,21,22,'ACP_BOARD_SETTINGS','settings','acl_a_board'),(42,1,1,'board','acp',3,23,24,'ACP_BOARD_FEATURES','features','acl_a_board'),(43,1,1,'board','acp',3,25,26,'ACP_AVATAR_SETTINGS','avatar','acl_a_board'),(44,1,1,'board','acp',3,27,28,'ACP_MESSAGE_SETTINGS','message','acl_a_board'),(45,1,1,'board','acp',10,89,90,'ACP_MESSAGE_SETTINGS','message','acl_a_board'),(46,1,1,'board','acp',3,29,30,'ACP_POST_SETTINGS','post','acl_a_board'),(47,1,1,'board','acp',10,91,92,'ACP_POST_SETTINGS','post','acl_a_board'),(48,1,1,'board','acp',3,31,32,'ACP_SIGNATURE_SETTINGS','signature','acl_a_board'),(49,1,1,'board','acp',3,33,34,'ACP_FEED_SETTINGS','feed','acl_a_board'),(50,1,1,'board','acp',3,35,36,'ACP_REGISTER_SETTINGS','registration','acl_a_board'),(51,1,1,'board','acp',4,43,44,'ACP_AUTH_SETTINGS','auth','acl_a_server'),(52,1,1,'board','acp',4,45,46,'ACP_EMAIL_SETTINGS','email','acl_a_server'),(53,1,1,'board','acp',5,51,52,'ACP_COOKIE_SETTINGS','cookie','acl_a_server'),(54,1,1,'board','acp',5,53,54,'ACP_SERVER_SETTINGS','server','acl_a_server'),(55,1,1,'board','acp',5,55,56,'ACP_SECURITY_SETTINGS','security','acl_a_server'),(56,1,1,'board','acp',5,57,58,'ACP_LOAD_SETTINGS','load','acl_a_server'),(57,1,1,'bots','acp',29,257,258,'ACP_BOTS','bots','acl_a_bots'),(58,1,1,'captcha','acp',3,37,38,'ACP_VC_SETTINGS','visual','acl_a_board'),(59,1,0,'captcha','acp',3,39,40,'ACP_VC_CAPTCHA_DISPLAY','img','acl_a_board'),(60,1,1,'database','acp',26,243,244,'ACP_BACKUP','backup','acl_a_backup'),(61,1,1,'database','acp',26,245,246,'ACP_RESTORE','restore','acl_a_backup'),(62,1,1,'disallow','acp',15,161,162,'ACP_DISALLOW_USERNAMES','usernames','acl_a_names'),(63,1,1,'email','acp',29,259,260,'ACP_MASS_EMAIL','email','acl_a_email && cfg_email_enable'),(64,1,1,'forums','acp',7,67,68,'ACP_MANAGE_FORUMS','manage','acl_a_forum'),(65,1,1,'groups','acp',14,147,148,'ACP_GROUPS_MANAGE','manage','acl_a_group'),(66,1,1,'icons','acp',10,93,94,'ACP_ICONS','icons','acl_a_icons'),(67,1,1,'icons','acp',10,95,96,'ACP_SMILIES','smilies','acl_a_icons'),(68,1,1,'inactive','acp',13,115,116,'ACP_INACTIVE_USERS','list','acl_a_user'),(69,1,1,'jabber','acp',4,47,48,'ACP_JABBER_SETTINGS','settings','acl_a_jabber'),(70,1,1,'language','acp',29,261,262,'ACP_LANGUAGE_PACKS','lang_packs','acl_a_language'),(71,1,1,'logs','acp',25,233,234,'ACP_ADMIN_LOGS','admin','acl_a_viewlogs'),(72,1,1,'logs','acp',25,235,236,'ACP_MOD_LOGS','mod','acl_a_viewlogs'),(73,1,1,'logs','acp',25,237,238,'ACP_USERS_LOGS','users','acl_a_viewlogs'),(74,1,1,'logs','acp',25,239,240,'ACP_CRITICAL_LOGS','critical','acl_a_viewlogs'),(75,1,1,'main','acp',1,2,3,'ACP_INDEX','main',''),(76,1,1,'modules','acp',30,269,270,'ACP','acp','acl_a_modules'),(77,1,1,'modules','acp',30,271,272,'UCP','ucp','acl_a_modules'),(78,1,1,'modules','acp',30,273,274,'MCP','mcp','acl_a_modules'),(79,1,1,'permission_roles','acp',19,193,194,'ACP_ADMIN_ROLES','admin_roles','acl_a_roles && acl_a_aauth'),(80,1,1,'permission_roles','acp',19,195,196,'ACP_USER_ROLES','user_roles','acl_a_roles && acl_a_uauth'),(81,1,1,'permission_roles','acp',19,197,198,'ACP_MOD_ROLES','mod_roles','acl_a_roles && acl_a_mauth'),(82,1,1,'permission_roles','acp',19,199,200,'ACP_FORUM_ROLES','forum_roles','acl_a_roles && acl_a_fauth'),(83,1,1,'permissions','acp',16,168,169,'ACP_PERMISSIONS','intro','acl_a_authusers || acl_a_authgroups || acl_a_viewauth'),(84,1,0,'permissions','acp',20,203,204,'ACP_PERMISSION_TRACE','trace','acl_a_viewauth'),(85,1,1,'permissions','acp',18,181,182,'ACP_FORUM_PERMISSIONS','setting_forum_local','acl_a_fauth && (acl_a_authusers || acl_a_authgroups)'),(86,1,1,'permissions','acp',18,183,184,'ACP_FORUM_PERMISSIONS_COPY','setting_forum_copy','acl_a_fauth && acl_a_authusers && acl_a_authgroups && acl_a_mauth'),(87,1,1,'permissions','acp',18,185,186,'ACP_FORUM_MODERATORS','setting_mod_local','acl_a_mauth && (acl_a_authusers || acl_a_authgroups)'),(88,1,1,'permissions','acp',17,171,172,'ACP_USERS_PERMISSIONS','setting_user_global','acl_a_authusers && (acl_a_aauth || acl_a_mauth || acl_a_uauth)'),(89,1,1,'permissions','acp',13,117,118,'ACP_USERS_PERMISSIONS','setting_user_global','acl_a_authusers && (acl_a_aauth || acl_a_mauth || acl_a_uauth)'),(90,1,1,'permissions','acp',18,187,188,'ACP_USERS_FORUM_PERMISSIONS','setting_user_local','acl_a_authusers && (acl_a_mauth || acl_a_fauth)'),(91,1,1,'permissions','acp',13,119,120,'ACP_USERS_FORUM_PERMISSIONS','setting_user_local','acl_a_authusers && (acl_a_mauth || acl_a_fauth)'),(92,1,1,'permissions','acp',17,173,174,'ACP_GROUPS_PERMISSIONS','setting_group_global','acl_a_authgroups && (acl_a_aauth || acl_a_mauth || acl_a_uauth)'),(93,1,1,'permissions','acp',14,149,150,'ACP_GROUPS_PERMISSIONS','setting_group_global','acl_a_authgroups && (acl_a_aauth || acl_a_mauth || acl_a_uauth)'),(94,1,1,'permissions','acp',18,189,190,'ACP_GROUPS_FORUM_PERMISSIONS','setting_group_local','acl_a_authgroups && (acl_a_mauth || acl_a_fauth)'),(95,1,1,'permissions','acp',14,151,152,'ACP_GROUPS_FORUM_PERMISSIONS','setting_group_local','acl_a_authgroups && (acl_a_mauth || acl_a_fauth)'),(96,1,1,'permissions','acp',17,175,176,'ACP_ADMINISTRATORS','setting_admin_global','acl_a_aauth && (acl_a_authusers || acl_a_authgroups)'),(97,1,1,'permissions','acp',17,177,178,'ACP_GLOBAL_MODERATORS','setting_mod_global','acl_a_mauth && (acl_a_authusers || acl_a_authgroups)'),(98,1,1,'permissions','acp',20,205,206,'ACP_VIEW_ADMIN_PERMISSIONS','view_admin_global','acl_a_viewauth'),(99,1,1,'permissions','acp',20,207,208,'ACP_VIEW_USER_PERMISSIONS','view_user_global','acl_a_viewauth'),(100,1,1,'permissions','acp',20,209,210,'ACP_VIEW_GLOBAL_MOD_PERMISSIONS','view_mod_global','acl_a_viewauth'),(101,1,1,'permissions','acp',20,211,212,'ACP_VIEW_FORUM_MOD_PERMISSIONS','view_mod_local','acl_a_viewauth'),(102,1,1,'permissions','acp',20,213,214,'ACP_VIEW_FORUM_PERMISSIONS','view_forum_local','acl_a_viewauth'),(103,1,1,'php_info','acp',29,263,264,'ACP_PHP_INFO','info','acl_a_phpinfo'),(104,1,1,'profile','acp',13,121,122,'ACP_CUSTOM_PROFILE_FIELDS','profile','acl_a_profile'),(105,1,1,'prune','acp',7,69,70,'ACP_PRUNE_FORUMS','forums','acl_a_prune'),(106,1,1,'prune','acp',15,163,164,'ACP_PRUNE_USERS','users','acl_a_userdel'),(107,1,1,'ranks','acp',13,123,124,'ACP_MANAGE_RANKS','ranks','acl_a_ranks'),(108,1,1,'reasons','acp',29,265,266,'ACP_MANAGE_REASONS','main','acl_a_reasons'),(109,1,1,'search','acp',5,59,60,'ACP_SEARCH_SETTINGS','settings','acl_a_search'),(110,1,1,'search','acp',26,247,248,'ACP_SEARCH_INDEX','index','acl_a_search'),(111,1,1,'send_statistics','acp',5,61,62,'ACP_SEND_STATISTICS','send_statistics','acl_a_server'),(112,1,1,'styles','acp',22,219,220,'ACP_STYLES','style','acl_a_styles'),(113,1,1,'styles','acp',23,223,224,'ACP_TEMPLATES','template','acl_a_styles'),(114,1,1,'styles','acp',23,225,226,'ACP_THEMES','theme','acl_a_styles'),(115,1,1,'styles','acp',23,227,228,'ACP_IMAGESETS','imageset','acl_a_styles'),(116,1,1,'update','acp',28,253,254,'ACP_VERSION_CHECK','version_check','acl_a_board'),(117,1,1,'users','acp',13,113,114,'ACP_MANAGE_USERS','overview','acl_a_user'),(118,1,0,'users','acp',13,125,126,'ACP_USER_FEEDBACK','feedback','acl_a_user'),(119,1,0,'users','acp',13,127,128,'ACP_USER_WARNINGS','warnings','acl_a_user'),(120,1,0,'users','acp',13,129,130,'ACP_USER_PROFILE','profile','acl_a_user'),(121,1,0,'users','acp',13,131,132,'ACP_USER_PREFS','prefs','acl_a_user'),(122,1,0,'users','acp',13,133,134,'ACP_USER_AVATAR','avatar','acl_a_user'),(123,1,0,'users','acp',13,135,136,'ACP_USER_RANK','rank','acl_a_user'),(124,1,0,'users','acp',13,137,138,'ACP_USER_SIG','sig','acl_a_user'),(125,1,0,'users','acp',13,139,140,'ACP_USER_GROUPS','groups','acl_a_user && acl_a_group'),(126,1,0,'users','acp',13,141,142,'ACP_USER_PERM','perm','acl_a_user && acl_a_viewauth'),(127,1,0,'users','acp',13,143,144,'ACP_USER_ATTACH','attach','acl_a_user'),(128,1,1,'words','acp',10,97,98,'ACP_WORDS','words','acl_a_words'),(129,1,1,'users','acp',2,5,6,'ACP_MANAGE_USERS','overview','acl_a_user'),(130,1,1,'groups','acp',2,7,8,'ACP_GROUPS_MANAGE','manage','acl_a_group'),(131,1,1,'forums','acp',2,9,10,'ACP_MANAGE_FORUMS','manage','acl_a_forum'),(132,1,1,'logs','acp',2,11,12,'ACP_MOD_LOGS','mod','acl_a_viewlogs'),(133,1,1,'bots','acp',2,13,14,'ACP_BOTS','bots','acl_a_bots'),(134,1,1,'php_info','acp',2,15,16,'ACP_PHP_INFO','info','acl_a_phpinfo'),(135,1,1,'permissions','acp',8,73,74,'ACP_FORUM_PERMISSIONS','setting_forum_local','acl_a_fauth && (acl_a_authusers || acl_a_authgroups)'),(136,1,1,'permissions','acp',8,75,76,'ACP_FORUM_PERMISSIONS_COPY','setting_forum_copy','acl_a_fauth && acl_a_authusers && acl_a_authgroups && acl_a_mauth'),(137,1,1,'permissions','acp',8,77,78,'ACP_FORUM_MODERATORS','setting_mod_local','acl_a_mauth && (acl_a_authusers || acl_a_authgroups)'),(138,1,1,'permissions','acp',8,79,80,'ACP_USERS_FORUM_PERMISSIONS','setting_user_local','acl_a_authusers && (acl_a_mauth || acl_a_fauth)'),(139,1,1,'permissions','acp',8,81,82,'ACP_GROUPS_FORUM_PERMISSIONS','setting_group_local','acl_a_authgroups && (acl_a_mauth || acl_a_fauth)'),(140,1,1,'','mcp',0,1,10,'MCP_MAIN','',''),(141,1,1,'','mcp',0,11,18,'MCP_QUEUE','',''),(142,1,1,'','mcp',0,19,32,'MCP_REPORTS','',''),(143,1,1,'','mcp',0,33,38,'MCP_NOTES','',''),(144,1,1,'','mcp',0,39,48,'MCP_WARN','',''),(145,1,1,'','mcp',0,49,56,'MCP_LOGS','',''),(146,1,1,'','mcp',0,57,64,'MCP_BAN','',''),(147,1,1,'ban','mcp',146,58,59,'MCP_BAN_USERNAMES','user','acl_m_ban'),(148,1,1,'ban','mcp',146,60,61,'MCP_BAN_IPS','ip','acl_m_ban'),(149,1,1,'ban','mcp',146,62,63,'MCP_BAN_EMAILS','email','acl_m_ban'),(150,1,1,'logs','mcp',145,50,51,'MCP_LOGS_FRONT','front','acl_m_ || aclf_m_'),(151,1,1,'logs','mcp',145,52,53,'MCP_LOGS_FORUM_VIEW','forum_logs','acl_m_,$id'),(152,1,1,'logs','mcp',145,54,55,'MCP_LOGS_TOPIC_VIEW','topic_logs','acl_m_,$id'),(153,1,1,'main','mcp',140,2,3,'MCP_MAIN_FRONT','front',''),(154,1,1,'main','mcp',140,4,5,'MCP_MAIN_FORUM_VIEW','forum_view','acl_m_,$id'),(155,1,1,'main','mcp',140,6,7,'MCP_MAIN_TOPIC_VIEW','topic_view','acl_m_,$id'),(156,1,1,'main','mcp',140,8,9,'MCP_MAIN_POST_DETAILS','post_details','acl_m_,$id || (!$id && aclf_m_)'),(157,1,1,'notes','mcp',143,34,35,'MCP_NOTES_FRONT','front',''),(158,1,1,'notes','mcp',143,36,37,'MCP_NOTES_USER','user_notes',''),(159,1,1,'pm_reports','mcp',142,20,21,'MCP_PM_REPORTS_OPEN','pm_reports','aclf_m_report'),(160,1,1,'pm_reports','mcp',142,22,23,'MCP_PM_REPORTS_CLOSED','pm_reports_closed','aclf_m_report'),(161,1,1,'pm_reports','mcp',142,24,25,'MCP_PM_REPORT_DETAILS','pm_report_details','aclf_m_report'),(162,1,1,'queue','mcp',141,12,13,'MCP_QUEUE_UNAPPROVED_TOPICS','unapproved_topics','aclf_m_approve'),(163,1,1,'queue','mcp',141,14,15,'MCP_QUEUE_UNAPPROVED_POSTS','unapproved_posts','aclf_m_approve'),(164,1,1,'queue','mcp',141,16,17,'MCP_QUEUE_APPROVE_DETAILS','approve_details','acl_m_approve,$id || (!$id && aclf_m_approve)'),(165,1,1,'reports','mcp',142,26,27,'MCP_REPORTS_OPEN','reports','aclf_m_report'),(166,1,1,'reports','mcp',142,28,29,'MCP_REPORTS_CLOSED','reports_closed','aclf_m_report'),(167,1,1,'reports','mcp',142,30,31,'MCP_REPORT_DETAILS','report_details','acl_m_report,$id || (!$id && aclf_m_report)'),(168,1,1,'warn','mcp',144,40,41,'MCP_WARN_FRONT','front','aclf_m_warn'),(169,1,1,'warn','mcp',144,42,43,'MCP_WARN_LIST','list','aclf_m_warn'),(170,1,1,'warn','mcp',144,44,45,'MCP_WARN_USER','warn_user','aclf_m_warn'),(171,1,1,'warn','mcp',144,46,47,'MCP_WARN_POST','warn_post','acl_m_warn && acl_f_read,$id'),(172,1,1,'','ucp',0,1,12,'UCP_MAIN','',''),(173,1,1,'','ucp',0,13,22,'UCP_PROFILE','',''),(174,1,1,'','ucp',0,23,30,'UCP_PREFS','',''),(175,1,1,'','ucp',0,31,42,'UCP_PM','',''),(176,1,1,'','ucp',0,43,48,'UCP_USERGROUPS','',''),(177,1,1,'','ucp',0,49,54,'UCP_ZEBRA','',''),(178,1,1,'attachments','ucp',172,10,11,'UCP_MAIN_ATTACHMENTS','attachments','acl_u_attach'),(179,1,1,'groups','ucp',176,44,45,'UCP_USERGROUPS_MEMBER','membership',''),(180,1,1,'groups','ucp',176,46,47,'UCP_USERGROUPS_MANAGE','manage',''),(181,1,1,'main','ucp',172,2,3,'UCP_MAIN_FRONT','front',''),(182,1,1,'main','ucp',172,4,5,'UCP_MAIN_SUBSCRIBED','subscribed',''),(183,1,1,'main','ucp',172,6,7,'UCP_MAIN_BOOKMARKS','bookmarks','cfg_allow_bookmarks'),(184,1,1,'main','ucp',172,8,9,'UCP_MAIN_DRAFTS','drafts',''),(185,1,0,'pm','ucp',175,32,33,'UCP_PM_VIEW','view','cfg_allow_privmsg'),(186,1,1,'pm','ucp',175,34,35,'UCP_PM_COMPOSE','compose','cfg_allow_privmsg'),(187,1,1,'pm','ucp',175,36,37,'UCP_PM_DRAFTS','drafts','cfg_allow_privmsg'),(188,1,1,'pm','ucp',175,38,39,'UCP_PM_OPTIONS','options','cfg_allow_privmsg'),(189,1,0,'pm','ucp',175,40,41,'UCP_PM_POPUP_TITLE','popup','cfg_allow_privmsg'),(190,1,1,'prefs','ucp',174,24,25,'UCP_PREFS_PERSONAL','personal',''),(191,1,1,'prefs','ucp',174,26,27,'UCP_PREFS_POST','post',''),(192,1,1,'prefs','ucp',174,28,29,'UCP_PREFS_VIEW','view',''),(193,1,1,'profile','ucp',173,14,15,'UCP_PROFILE_PROFILE_INFO','profile_info',''),(194,1,1,'profile','ucp',173,16,17,'UCP_PROFILE_SIGNATURE','signature',''),(195,1,1,'profile','ucp',173,18,19,'UCP_PROFILE_AVATAR','avatar','cfg_allow_avatar && (cfg_allow_avatar_local || cfg_allow_avatar_remote || cfg_allow_avatar_upload || cfg_allow_avatar_remote_upload)'),(196,1,1,'profile','ucp',173,20,21,'UCP_PROFILE_REG_DETAILS','reg_details',''),(197,1,1,'zebra','ucp',177,50,51,'UCP_ZEBRA_FRIENDS','friends',''),(198,1,1,'zebra','ucp',177,52,53,'UCP_ZEBRA_FOES','foes','');
/*!40000 ALTER TABLE `phpbb_modules` ENABLE KEYS */;
UNLOCK TABLES;

--
-- Table structure for table `phpbb_poll_options`
--

DROP TABLE IF EXISTS `phpbb_poll_options`;
CREATE TABLE `phpbb_poll_options` (
  `poll_option_id` tinyint(4) NOT NULL default '0',
  `topic_id` mediumint(8) unsigned NOT NULL default '0',
  `poll_option_text` text collate utf8_bin NOT NULL,
  `poll_option_total` mediumint(8) unsigned NOT NULL default '0',
  KEY `poll_opt_id` (`poll_option_id`),
  KEY `topic_id` (`topic_id`)
) ENGINE=MyISAM DEFAULT CHARSET=utf8 COLLATE=utf8_bin;

--
-- Dumping data for table `phpbb_poll_options`
--

LOCK TABLES `phpbb_poll_options` WRITE;
/*!40000 ALTER TABLE `phpbb_poll_options` DISABLE KEYS */;
/*!40000 ALTER TABLE `phpbb_poll_options` ENABLE KEYS */;
UNLOCK TABLES;

--
-- Table structure for table `phpbb_poll_votes`
--

DROP TABLE IF EXISTS `phpbb_poll_votes`;
CREATE TABLE `phpbb_poll_votes` (
  `topic_id` mediumint(8) unsigned NOT NULL default '0',
  `poll_option_id` tinyint(4) NOT NULL default '0',
  `vote_user_id` mediumint(8) unsigned NOT NULL default '0',
  `vote_user_ip` varchar(40) collate utf8_bin NOT NULL default '',
  KEY `topic_id` (`topic_id`),
  KEY `vote_user_id` (`vote_user_id`),
  KEY `vote_user_ip` (`vote_user_ip`)
) ENGINE=MyISAM DEFAULT CHARSET=utf8 COLLATE=utf8_bin;

--
-- Dumping data for table `phpbb_poll_votes`
--

LOCK TABLES `phpbb_poll_votes` WRITE;
/*!40000 ALTER TABLE `phpbb_poll_votes` DISABLE KEYS */;
/*!40000 ALTER TABLE `phpbb_poll_votes` ENABLE KEYS */;
UNLOCK TABLES;

--
-- Table structure for table `phpbb_posts`
--

DROP TABLE IF EXISTS `phpbb_posts`;
CREATE TABLE `phpbb_posts` (
  `post_id` mediumint(8) unsigned NOT NULL auto_increment,
  `topic_id` mediumint(8) unsigned NOT NULL default '0',
  `forum_id` mediumint(8) unsigned NOT NULL default '0',
  `poster_id` mediumint(8) unsigned NOT NULL default '0',
  `icon_id` mediumint(8) unsigned NOT NULL default '0',
  `poster_ip` varchar(40) collate utf8_bin NOT NULL default '',
  `post_time` int(11) unsigned NOT NULL default '0',
  `post_approved` tinyint(1) unsigned NOT NULL default '1',
  `post_reported` tinyint(1) unsigned NOT NULL default '0',
  `enable_bbcode` tinyint(1) unsigned NOT NULL default '1',
  `enable_smilies` tinyint(1) unsigned NOT NULL default '1',
  `enable_magic_url` tinyint(1) unsigned NOT NULL default '1',
  `enable_sig` tinyint(1) unsigned NOT NULL default '1',
  `post_username` varchar(255) collate utf8_bin NOT NULL default '',
  `post_subject` varchar(255) character set utf8 collate utf8_unicode_ci NOT NULL default '',
  `post_text` mediumtext collate utf8_bin NOT NULL,
  `post_checksum` varchar(32) collate utf8_bin NOT NULL default '',
  `post_attachment` tinyint(1) unsigned NOT NULL default '0',
  `bbcode_bitfield` varchar(255) collate utf8_bin NOT NULL default '',
  `bbcode_uid` varchar(8) collate utf8_bin NOT NULL default '',
  `post_postcount` tinyint(1) unsigned NOT NULL default '1',
  `post_edit_time` int(11) unsigned NOT NULL default '0',
  `post_edit_reason` varchar(255) collate utf8_bin NOT NULL default '',
  `post_edit_user` mediumint(8) unsigned NOT NULL default '0',
  `post_edit_count` smallint(4) unsigned NOT NULL default '0',
  `post_edit_locked` tinyint(1) unsigned NOT NULL default '0',
  PRIMARY KEY  (`post_id`),
  KEY `forum_id` (`forum_id`),
  KEY `topic_id` (`topic_id`),
  KEY `poster_ip` (`poster_ip`),
  KEY `poster_id` (`poster_id`),
  KEY `post_approved` (`post_approved`),
  KEY `post_username` (`post_username`),
  KEY `tid_post_time` (`topic_id`,`post_time`)
) ENGINE=MyISAM AUTO_INCREMENT=42 DEFAULT CHARSET=utf8 COLLATE=utf8_bin;

--
-- Dumping data for table `phpbb_posts`
--

LOCK TABLES `phpbb_posts` WRITE;
/*!40000 ALTER TABLE `phpbb_posts` DISABLE KEYS */;
INSERT INTO `phpbb_posts` VALUES (14,14,29,54,0,'82.159.104.78',1353443837,1,0,1,1,1,1,'','Contador: &quot;El recorrido del Giro se ajusta bastante a mí&quot;','Es lo que ha declarado el ciclista de Pinto. Sin tener clarificadas aún las grandes etapas en las que correrá, Alberto Contador admite que no descarta ninguna opción:\n\n&quot;El Giro tiene un recorrido que se ajusta bastante bien a mí. No voy a descartar ninguna de las tres grandes hasta analizar el recorrido de todas. Con el Giro y la Vuelta tan separados en el tiempo, decantarse por las dos es la opción más sencilla. Ya lo hice en 2008&quot;\n\nPuede verse la entrevista entera en el siguiente enlace:\n\n<!-- m --><a class=\"postlink\" href=\"http://www.cyclingnews.com/features/alberto-contador-exclusive-my-only-intention-is-to-win\">http://www.cyclingnews.com/features/alb ... -is-to-win</a><!-- m -->','8ce6bf7ce6c07cdef1aba1487ac3ee2f',0,'','1yu09pdw',1,0,'',0,0,0),(12,12,2,54,0,'82.159.104.78',1353442172,1,0,1,1,1,1,'','Hola a todos los usuarios del foro','Me presento.\n\nMe llamo Sergio.\n\nCiudad: Pinto (Madrid)\nBicicleta: Rockrider 2012 8.2 (MTB)\n\nUn saludo.','2ada4c6e0eb5b168c452681ed3e6a7cd',0,'','1fte5wpd',1,0,'',0,0,0),(15,15,32,55,0,'82.159.104.78',1353454743,1,0,1,1,1,1,'','Normas del foro','Al ingresar en &quot;foro.buscobici.com&quot; (de aquí en adelante &quot;nosotros&quot;, &quot;nos&quot;, &quot;nuestro&quot;, &quot;foro.buscobici.com&quot;, &quot;http://www.buscobici.com/forum&quot;), acuerda estar legalmente sometido a los siguientes términos. En caso contrario por favor no se registre y/o use &quot;foro.buscobici.com&quot;. Podemos cambiar estos términos en cualquier momento e intentaríamos avisarle, sin embargo sería prudente que los revisase por su cuenta periódicamente. Seguir registrado a &quot;foro.buscobici.com&quot; después de esos cambios significa que acuerda estar legalmente sometido a esos nuevos términos tal como fueron actualizados y/o reformados.\n\nNuestros foros están desarrollados por phpBB (de aquí en adelante &quot;ellos&quot;, &quot;sus&quot;, &quot;software phpBB&quot;, &quot;www.phpbb.com&quot;, &quot;phpBB Group&quot;, &quot;phpBB Teams&quot;) el cual es una solución liberada bajo la &quot;Licencia Pública General (General Public License en inglés)&quot; (de aquí en adelante &quot;GPL&quot;) y puede ser descargada de <!-- m --><a class=\"postlink\" href=\"http://www.phpbb.com\">http://www.phpbb.com</a><!-- m -->. \nEl software phpBB solamente facilita discusiones basadas en Internet y la GPL estrictamente los excluye de lo que aprobamos y/o desaprobamos como conductas y/o contenido permisible. Para más información sobre phpBB, por favor visite: <!-- m --><a class=\"postlink\" href=\"http://www.phpbb.com/\">http://www.phpbb.com/</a><!-- m -->.\n\nAcuerda no enviar ningun contenido abusivo, obsceno, vulgar, difamatorio, indecente, amenazante, sexual o cualquier otro material que pueda violar cualquier ley de su país, el país donde &quot;foro.buscobici.com&quot; está instalado o Leyes Internacionales. Hacer eso provocará que sea inmediata y permanentemente expulsado y, si lo creemos oportuno, con notificación a su Proveedor de Servicios de Internet. Las direcciones IP de todos los envíos son registradas como ayuda para reforzar estas condiciones. Acuerda que &quot;foro.buscobici.com&quot; tiene derecho a eliminar, editar, mover o cerrar cualquier tema en cualquier momento que lo creamos conveniente. Como usuario acuerda que cualquier información que haya ingresado será almacenada en una base de datos. Dado que esta información no será compartida con ninguna tercera parte sin su consentimiento, ni &quot;foro.buscobici.com&quot; ni phpBB podrán considerarse responsables por cualquier intento de hacking que conlleve a que los datos sean comprometidos.','f9818a4248addfdbc98da72aea94eb44',0,'','30cz0vgo',1,0,'',0,0,0),(16,16,29,55,0,'82.159.104.78',1353621066,1,0,1,1,1,1,'','Mark Cavendish: &quot;Estoy relativamente bien&quot;','Mark Cavendish ha declarado que está &quot;relativamente bien&quot; tras sufrir una colisión con un coche mientras entrenaba en Italia.\n\nCavendish, ganador del Mundial de Ciclismo en Carretera en el año 2011, y con residencia en Italia, comentó el lunes a sus seguidores de Twitter lo siguiente:\n\n&quot;Me estampé contra la parte trasera de un coche que se frenó de golpe mientras estaba entrenando. No fue un buen día. Aparte de un brazo magullado, estoy relativamente bien. Por si a alguien le interesa.&quot;\n\nMark Cavendish has said he is “relatively ok” after colliding with a car while training in Italy.\n\nCavendish, the 2011 world road race champion, who has a home in Tuscany, told his Twitter followers on Monday: “Went &amp; hit the back of a car that slammed on today in training. Wasn’t ideal. Apart from a bruised arm, I’m relatively ok. If anyone cares.”','b6deb06075d4006983d90f60cd8c5f21',0,'','3owy2oqc',1,0,'',0,0,0),(17,17,36,58,0,'79.146.22.177',1353660263,1,0,1,1,1,1,'','Bielas XTR','Bielas XTR a 350€ quedan sólo 2\n\n<!-- m --><a class=\"postlink\" href=\"http://www.ciclosnico.com/tienda/product.php?id_product=25\">http://www.ciclosnico.com/tienda/produc ... product=25</a><!-- m -->','05cfbe340db70733a94f5b175acd18c9',0,'','6i8qpp6m',1,0,'',0,0,0),(18,18,13,58,0,'79.146.22.177',1353661712,1,0,1,1,1,1,'','Ciclos Nico','Muy buenas,\nCiclos Nico tienda especializada en ciclismo desde 1956 (ayer) por fin tiene su web.\nRecomendamos que preguntéis precio, sobre todo de bicis del año actual, en este caso 2013 las del 2012 ya están rebajadas.\n\nSi necesitáis algún producto de nuestras marcas, y no lo veis en la web, no dudéis en poneros en contacto con nosotros como por ejemplo Shimano, ya que intentamos poner los productos que tenemos en tienda física para dar mejor servicio en los envíos.\n\n<!-- m --><a class=\"postlink\" href=\"http://www.ciclosnico.com/tienda/\">http://www.ciclosnico.com/tienda/</a><!-- m -->\n\nUn saludo','a47ccb8de5f743487f26812a3ff5016e',0,'','2wmwgpji',1,0,'',0,0,0),(19,19,27,59,0,'62.42.5.67',1353688977,1,0,1,1,1,1,'','DominguerosMTB Cantabria','Somos un grupo de amantes de la bici de montaña que nos unimos los domingos por la mañana para realizar una ruta desde algun punto de nuestra región.\n\nNuestras obligaciones familiares o nuestra disponibilidad nos hs hecho un hueco solo este día, de forma que lo aprovechamos al máximo, quedando en nuestro foro para la siguiente ruta todos aquellos domingueros o todo aquel que quiera venir con nosotros.\n\nUn cordial saludo.\n\nFran\nAdministrador\n\ndominguerosmtb.foroactivo.com','41c68706f1e10c6d8c0c763ba326d9a2',0,'','2ejhpnoo',1,0,'',0,0,0),(24,22,2,55,0,'82.159.104.78',1353845116,1,0,1,1,1,1,'','Re: presentacion','Hola. Bienvenido al foro.\n\nNo eres la primera persona que hace una petición del estilo.\n\n¿Qué te parece incluir un foro &quot;Pintura / Restauración&quot; en cada una de las categorías (MTB, Carretera, etc.)?\n\nUn saludo','0a21945159fb048dd69067d26b6faaeb',0,'','1kzessgb',1,0,'',0,0,0),(25,23,85,55,0,'82.159.104.78',1353854751,1,0,1,1,1,1,'','buscobici.com - Actualización de Base de Datos','Hola.\n\nSe ha actualizado la base de datos de [url:1wga8bag]http&#58;//www&#46;buscobici&#46;com[/url:1wga8bag] para recoger las actualizaciones de las tiendas.\n\nUn saludo','e6b31e6deea3f21c9932a8451b015952',0,'EA==','1wga8bag',1,0,'',0,0,0),(23,22,2,60,0,'81.36.33.170',1353833100,1,0,1,1,1,1,'','presentacion','hola a todos,soy de valencia,propietario de una lapierre x-control 210 y uno de mis tantos hobbys es pintar bicis,me gustaria me aconsejarais en que seccion seria mejor poner un post donde dar consejos de pintura y al mismo tiempo colgar mis trabajos para que se me conozca un poco mas.\nalgunos ya me conoceran por el foro mtb donde ya tengo un post,pero viendo como esta el tema en el foro mtb no se lo que durara.\nsaludos.','379519ad1dadb26c3a95ab086bbc1aca',0,'','1ymn1xz8',1,0,'',0,0,0),(26,24,29,55,0,'82.159.104.78',1353857218,1,0,1,1,1,1,'','Juan José Lobato: feliz tras su fichaje por el Euskaltel','Juan José Lobato ficha por Euskaltel-Euskadi para la temporada 2013. El ciclista gaditano ha declarado: &quot;Estoy feliz tras fichar por un equipo de \'Liga de Campeones\'&quot;\n\n<!-- m --><a class=\"postlink\" href=\"http://www.esciclismo.com/ampliada.asp?Id=24053\">http://www.esciclismo.com/ampliada.asp?Id=24053</a><!-- m -->','bc802585fa090f577449c6a96910bc84',0,'','230pt7py',1,0,'',0,0,0),(27,25,20,61,0,'82.159.104.78',1353857695,1,0,1,1,1,1,'','Compra MTB-Rígida, presupuesto: 1000 euros','Hola.\n\nMe gustaría comprar una MTB rígida. Mi presupuesto es de en torno a 1000 euros.\n\n¿Qué me recomendáis? ¿Conocéis alguna oferta que merezca realemente la pena?\n\nUn saludo.','c0a89e321cc668f6290c0654c7042a72',0,'','2d726n0x',1,0,'',0,0,0),(28,25,20,55,0,'82.159.104.78',1353858745,1,0,1,1,1,1,'','Re: Compra MTB-Rígida, presupuesto: 1000 euros','Hola. Para mí, por ese precio la mejor es la Trek 6700. La tienes en Bicimania por 1039 euros:\n\n[url:2kjpxu1k]http&#58;//bicimania&#46;com/trek-6700-disc-2012-p-6228&#46;html[/url:2kjpxu1k]\n\nRock Shox Reba, Cambio Deore XT y Bielas XT. Precio imbatible, sinceramente.\n\nDe todas formas, te dejo un listado con más modelos, obentidos a través de [url:2kjpxu1k]http&#58;//www&#46;buscobici&#46;com[/url:2kjpxu1k]:\n\n[url:2kjpxu1k]http&#58;//www&#46;mammoth&#46;es/producto/bicicletas/specialized/rockhopper-pro-2012[/url:2kjpxu1k]\n[url:2kjpxu1k]http&#58;//www&#46;chainreactioncycles&#46;com/Models&#46;aspx?ModelID=81012[/url:2kjpxu1k]\n[url:2kjpxu1k]http&#58;//www&#46;chainreactioncycles&#46;com/Models&#46;aspx?ModelID=83492[/url:2kjpxu1k]\n[url:2kjpxu1k]http&#58;//www&#46;bikeos&#46;com/index&#46;php/bicicletas/mountain-bike/bicicleta-monta-a-scott-scale-50-2012&#46;html[/url:2kjpxu1k]\n[url:2kjpxu1k]http&#58;//www&#46;bicispasaje&#46;es/orbea-2013/orbea-alma-29er-h60&#46;html[/url:2kjpxu1k]\n[url:2kjpxu1k]http&#58;//www&#46;bicispasaje&#46;es/orbea-2013/orbea-alma-h60&#46;html[/url:2kjpxu1k]\n[url:2kjpxu1k]http&#58;//www&#46;bicicletasgil&#46;com/producto/Orbea-Alma-29-h60[/url:2kjpxu1k]\n[url:2kjpxu1k]http&#58;//www&#46;bicicletasgil&#46;com/producto/Orbea-Alma-h60[/url:2kjpxu1k]\n[url:2kjpxu1k]http&#58;//www&#46;mammoth&#46;es/producto/bicicletas/orbea/alma-29-h60[/url:2kjpxu1k]\n[url:2kjpxu1k]http&#58;//www&#46;mammoth&#46;es/producto/bicicletas/orbea/alma-h60[/url:2kjpxu1k]\n[url:2kjpxu1k]http&#58;//www&#46;mammoth&#46;es/producto/bicicletas/cube-bikes/ltd-race-2012[/url:2kjpxu1k]\n[url:2kjpxu1k]http&#58;//bicimania&#46;com/specialized-jett-2013-p-6784&#46;html[/url:2kjpxu1k]\n[url:2kjpxu1k]http&#58;//www&#46;buhobike&#46;com/productos/orbea-alma-29-h60-2013[/url:2kjpxu1k]\n[url:2kjpxu1k]http&#58;//www&#46;buhobike&#46;com/productos/orbea-alma-h60-2013[/url:2kjpxu1k]\n[url:2kjpxu1k]http&#58;//www&#46;buhobike&#46;com/productos/lapierre-pro-race-100-2013[/url:2kjpxu1k]\n[url:2kjpxu1k]http&#58;//www&#46;buhobike&#46;com/productos/lapierre-pro-race-100-l-2013[/url:2kjpxu1k]\n[url:2kjpxu1k]http&#58;//www&#46;buhobike&#46;com/productos/lapierre-raid-fx-2013[/url:2kjpxu1k]\n[url:2kjpxu1k]http&#58;//www&#46;calmera&#46;es/producto&#46;asp?id=3319[/url:2kjpxu1k]\n[url:2kjpxu1k]http&#58;//www&#46;calmera&#46;es/producto&#46;asp?id=3331[/url:2kjpxu1k]\n[url:2kjpxu1k]http&#58;//www&#46;calmera&#46;es/producto&#46;asp?id=3334[/url:2kjpxu1k]\n[url:2kjpxu1k]http&#58;//www&#46;bikestocks&#46;es/b2c/index&#46;php?page=pp_producto&#46;php&amp;amp;md=0&amp;amp;ref=BIG&#46;NINE&#46;TFS&#46;500-D&#46;2013[/url:2kjpxu1k]\n[url:2kjpxu1k]http&#58;//www&#46;bikestocks&#46;es/b2c/index&#46;php?page=pp_producto&#46;php&amp;amp;md=0&amp;amp;ref=3290[/url:2kjpxu1k]\n[url:2kjpxu1k]http&#58;//bicimania&#46;com/cannondale-trail-2012-p-6418&#46;html[/url:2kjpxu1k]\n[url:2kjpxu1k]http&#58;//bicimania&#46;com/cannondale-trail-29er-2012-p-6424&#46;html[/url:2kjpxu1k]\n[url:2kjpxu1k]http&#58;//bicimania&#46;com/cannondale-trail-womens-2012-p-6428&#46;html[/url:2kjpxu1k]\n[url:2kjpxu1k]http&#58;//www&#46;bicispasaje&#46;es/cube-2013/cube-ltd-26&#46;html[/url:2kjpxu1k]\n[url:2kjpxu1k]http&#58;//www&#46;mammoth&#46;es/producto/bicicletas/specialized/jett[/url:2kjpxu1k]\n[url:2kjpxu1k]http&#58;//www&#46;mammoth&#46;es/producto/bicicletas/cube-bikes/ltd[/url:2kjpxu1k]\n[url:2kjpxu1k]http&#58;//www&#46;probike&#46;com/bicicletas/mtb/bicicleta-specialized-jett-29-mujer-2013&#46;html[/url:2kjpxu1k]\n[url:2kjpxu1k]http&#58;//www&#46;buhobike&#46;com/productos/lapierre-tecnic-fs-900-2011[/url:2kjpxu1k]\n[url:2kjpxu1k]http&#58;//www&#46;chainreactioncycles&#46;com/Models&#46;aspx?ModelID=75491[/url:2kjpxu1k]\n[url:2kjpxu1k]http&#58;//www&#46;chainreactioncycles&#46;com/Models&#46;aspx?ModelID=65860[/url:2kjpxu1k]\n[url:2kjpxu1k]http&#58;//www&#46;chainreactioncycles&#46;com/Models&#46;aspx?ModelID=78088[/url:2kjpxu1k]\n[url:2kjpxu1k]http&#58;//www&#46;chainreactioncycles&#46;com/Models&#46;aspx?ModelID=75501[/url:2kjpxu1k]\n[url:2kjpxu1k]http&#58;//www&#46;chainreactioncycles&#46;com/Models&#46;aspx?ModelID=93946[/url:2kjpxu1k]\n[url:2kjpxu1k]http&#58;//bicimania&#46;com/trek-6700-disc-2012-p-6228&#46;html[/url:2kjpxu1k]\n[url:2kjpxu1k]http&#58;//bicimania&#46;com/trek-xcaliber-2012-p-6271&#46;html[/url:2kjpxu1k]\n\nUn saludo !','f4ecdc1392e4d24ed6d1d1ea565095bd',0,'EA==','2kjpxu1k',1,0,'',0,0,0),(29,25,20,61,0,'82.159.104.78',1353859515,1,0,1,1,1,1,'','Re: Compra MTB-Rígida, presupuesto: 1000 euros','[quote=&quot;buscobici.com&quot;:3eokegx4]Hola. Para mí, por ese precio la mejor es la Trek 6700. La tienes en Bicimania por 1039 euros:\n\n[url:3eokegx4]http&#58;//bicimania&#46;com/trek-6700-disc-2012-p-6228&#46;html[/url:3eokegx4]\n\nRock Shox Reba, Cambio Deore XT y Bielas XT. Precio imbatible, sinceramente.\n\nDe todas formas, te dejo un listado con más modelos, obentidos a través de [url:3eokegx4]http&#58;//www&#46;buscobici&#46;com[/url:3eokegx4]:\n\n[url:3eokegx4]http&#58;//www&#46;mammoth&#46;es/producto/bicicletas/specialized/rockhopper-pro-2012[/url:3eokegx4]\n[url:3eokegx4]http&#58;//www&#46;chainreactioncycles&#46;com/Models&#46;aspx?ModelID=81012[/url:3eokegx4]\n[url:3eokegx4]http&#58;//www&#46;chainreactioncycles&#46;com/Models&#46;aspx?ModelID=83492[/url:3eokegx4]\n[url:3eokegx4]http&#58;//www&#46;bikeos&#46;com/index&#46;php/bicicletas/mountain-bike/bicicleta-monta-a-scott-scale-50-2012&#46;html[/url:3eokegx4]\n[url:3eokegx4]http&#58;//www&#46;bicispasaje&#46;es/orbea-2013/orbea-alma-29er-h60&#46;html[/url:3eokegx4]\n[url:3eokegx4]http&#58;//www&#46;bicispasaje&#46;es/orbea-2013/orbea-alma-h60&#46;html[/url:3eokegx4]\n[url:3eokegx4]http&#58;//www&#46;bicicletasgil&#46;com/producto/Orbea-Alma-29-h60[/url:3eokegx4]\n[url:3eokegx4]http&#58;//www&#46;bicicletasgil&#46;com/producto/Orbea-Alma-h60[/url:3eokegx4]\n[url:3eokegx4]http&#58;//www&#46;mammoth&#46;es/producto/bicicletas/orbea/alma-29-h60[/url:3eokegx4]\n[url:3eokegx4]http&#58;//www&#46;mammoth&#46;es/producto/bicicletas/orbea/alma-h60[/url:3eokegx4]\n[url:3eokegx4]http&#58;//www&#46;mammoth&#46;es/producto/bicicletas/cube-bikes/ltd-race-2012[/url:3eokegx4]\n[url:3eokegx4]http&#58;//bicimania&#46;com/specialized-jett-2013-p-6784&#46;html[/url:3eokegx4]\n[url:3eokegx4]http&#58;//www&#46;buhobike&#46;com/productos/orbea-alma-29-h60-2013[/url:3eokegx4]\n[url:3eokegx4]http&#58;//www&#46;buhobike&#46;com/productos/orbea-alma-h60-2013[/url:3eokegx4]\n[url:3eokegx4]http&#58;//www&#46;buhobike&#46;com/productos/lapierre-pro-race-100-2013[/url:3eokegx4]\n[url:3eokegx4]http&#58;//www&#46;buhobike&#46;com/productos/lapierre-pro-race-100-l-2013[/url:3eokegx4]\n[url:3eokegx4]http&#58;//www&#46;buhobike&#46;com/productos/lapierre-raid-fx-2013[/url:3eokegx4]\n[url:3eokegx4]http&#58;//www&#46;calmera&#46;es/producto&#46;asp?id=3319[/url:3eokegx4]\n[url:3eokegx4]http&#58;//www&#46;calmera&#46;es/producto&#46;asp?id=3331[/url:3eokegx4]\n[url:3eokegx4]http&#58;//www&#46;calmera&#46;es/producto&#46;asp?id=3334[/url:3eokegx4]\n[url:3eokegx4]http&#58;//www&#46;bikestocks&#46;es/b2c/index&#46;php?page=pp_producto&#46;php&amp;amp;md=0&amp;amp;ref=BIG&#46;NINE&#46;TFS&#46;500-D&#46;2013[/url:3eokegx4]\n[url:3eokegx4]http&#58;//www&#46;bikestocks&#46;es/b2c/index&#46;php?page=pp_producto&#46;php&amp;amp;md=0&amp;amp;ref=3290[/url:3eokegx4]\n[url:3eokegx4]http&#58;//bicimania&#46;com/cannondale-trail-2012-p-6418&#46;html[/url:3eokegx4]\n[url:3eokegx4]http&#58;//bicimania&#46;com/cannondale-trail-29er-2012-p-6424&#46;html[/url:3eokegx4]\n[url:3eokegx4]http&#58;//bicimania&#46;com/cannondale-trail-womens-2012-p-6428&#46;html[/url:3eokegx4]\n[url:3eokegx4]http&#58;//www&#46;bicispasaje&#46;es/cube-2013/cube-ltd-26&#46;html[/url:3eokegx4]\n[url:3eokegx4]http&#58;//www&#46;mammoth&#46;es/producto/bicicletas/specialized/jett[/url:3eokegx4]\n[url:3eokegx4]http&#58;//www&#46;mammoth&#46;es/producto/bicicletas/cube-bikes/ltd[/url:3eokegx4]\n[url:3eokegx4]http&#58;//www&#46;probike&#46;com/bicicletas/mtb/bicicleta-specialized-jett-29-mujer-2013&#46;html[/url:3eokegx4]\n[url:3eokegx4]http&#58;//www&#46;buhobike&#46;com/productos/lapierre-tecnic-fs-900-2011[/url:3eokegx4]\n[url:3eokegx4]http&#58;//www&#46;chainreactioncycles&#46;com/Models&#46;aspx?ModelID=75491[/url:3eokegx4]\n[url:3eokegx4]http&#58;//www&#46;chainreactioncycles&#46;com/Models&#46;aspx?ModelID=65860[/url:3eokegx4]\n[url:3eokegx4]http&#58;//www&#46;chainreactioncycles&#46;com/Models&#46;aspx?ModelID=78088[/url:3eokegx4]\n[url:3eokegx4]http&#58;//www&#46;chainreactioncycles&#46;com/Models&#46;aspx?ModelID=75501[/url:3eokegx4]\n[url:3eokegx4]http&#58;//www&#46;chainreactioncycles&#46;com/Models&#46;aspx?ModelID=93946[/url:3eokegx4]\n[url:3eokegx4]http&#58;//bicimania&#46;com/trek-6700-disc-2012-p-6228&#46;html[/url:3eokegx4]\n[url:3eokegx4]http&#58;//bicimania&#46;com/trek-xcaliber-2012-p-6271&#46;html[/url:3eokegx4]\n\nUn saludo ![/quote:3eokegx4]\n\nVaya, cuánta información !\n\nMuchas gracias !!!','eafd829619384583c643c99e6574e981',0,'kA==','3eokegx4',1,0,'',0,0,0),(30,25,20,59,0,'62.42.5.67',1353865502,1,0,1,1,1,1,'','Re: Compra MTB-Rígida, presupuesto: 1000 euros','Pues con 1000 euros me compraría una de gama superior de segunda mano, que las venden como nuevas los caprichosos con dinero. <!-- s:D --><img src=\"{SMILIES_PATH}/icon_e_biggrin.gif\" alt=\":D\" title=\"Very Happy\" /><!-- s:D -->\n\nUn ejemplo solamente:\n\n<!-- m --><a class=\"postlink\" href=\"http://www.foromtb.com/showthread.php/943488-Vendo-scott-scale-30-carbono-900-euros-talla-L\">http://www.foromtb.com/showthread.php/9 ... os-talla-L</a><!-- m -->','3edcd1d3ada3bfa628ac8de92e6bd66c',0,'','ukz1dz7t',1,0,'',0,0,0),(31,22,2,60,0,'81.36.33.170',1353868066,1,0,1,1,1,1,'','Re: presentacion','estaria bien pero un poco complicado tener que estar mirando cada una de las secciones,sereia mejor un solo post para todos, no?,y que la gente exponga sus dudas,ademas habria que explicar las tipicas preguntas en cada uno de los post y de la otra forma queda todo aclarado en uno solo.','f5221a1f356788e2ad616214560c359e',0,'','21wi4ph2',1,0,'',0,0,0),(32,25,20,60,0,'81.36.33.170',1353868291,1,0,1,1,1,1,'','Re: Compra MTB-Rígida, presupuesto: 1000 euros','yo tambien buscaria algo de segunda mano de gama mas alta,las hay en muy buen estado.','d238a68702a0dcc6f54ce7cc7aa509fe',0,'','hm721m05',1,0,'',0,0,0),(33,26,13,60,0,'81.36.33.170',1353868919,1,0,1,1,1,1,'','AEROTEC,bicis personalizadas','taller de pintura especializado en bicis y motos.\npresupuesto sin compromiso.\n[url:s99t2ad4]http&#58;//aerotecg&#46;blogspot&#46;com&#46;es/[/url:s99t2ad4]','87e3d56a5debf22dc55794fdfee9bdee',0,'EA==','s99t2ad4',1,0,'',0,0,0),(34,22,2,55,0,'82.159.104.78',1353962731,1,0,1,1,1,1,'','Re: presentacion','Entonces, ¿recomiendas una única categoría de restauración / pintura ? \n\nRealmente ... ¿ es lo mismo restaurar una bicicleta MTB, que una de Carretera, que una Fixie ?\n\nYo no estoy tan seguro. \n\nAdemás, de ser así, habría que cambiar toda la estructura del foro (ojo, no me estoy negando, simplemente analizando pros y contras de lo que podría suponer tu propuesta).\n\nSegún tu propuesta, ¿qué estructura pasaría a tener el foro entonces? \nUna única categoría, de tipo &quot;bicicletas&quot;, por ejemplo, en la que cuelgan modalidades (MTB, Road, etc), mecánica, bicicletas, componentes, etc.etc.\n\nNo acabo de verlo claro.\n\nComéntame tus opiniones.','0c276b32a69e37e44ae453fae9358d7f',0,'','2ytp4je4',1,0,'',0,0,0),(35,22,2,60,0,'81.36.33.170',1354050849,1,0,1,1,1,1,'','Re: presentacion','yo lo pondria en seccion mecanica el problema esque tambien teneis una mecanica para cada bici,a la hora de pintar el proceso es el mismo ya sea mtb,carretera,bmx etc...\ndecapado,lijado,imprimacion,color,logos y lacado.\nno se exactamente donde lo ubicaria.\nsi quereis lo ponemos como vosotros habeis comentado,yo ire respondiendo en la medida de lo posible.','30606ab6266f8b08ab5072a2fe642da1',0,'','28a2dr5i',1,0,'',0,0,0),(36,27,20,62,0,'83.41.5.51',1354480550,1,0,1,1,1,1,'','Para empezar','[color=#0040BF:27h97un7]Buenas tardes a todos.\nLlevo dos años practicando spinnig para bajar peso y ahora he decidido comprarme una de montaña para hacer un poco de ruteo.\n\nHe sondeado el mercado de segunda mano y he recoletado un par de ofertas para que me aconsejeis.\n\nMuchas gracias a todos por vuestro interes.\n\nLa ofertas son:\n\nBH LIBERTY SEGUROS LX, DISCO (300€)\nCuadro de aluminio de alta resistencia, frenos hidraulicos con discos y manetas formula oro, horquilla con bloqueo en el manillar, cambios shimano LX. Tiene cuentakilometros y luces trasera y delantera. Ruedas mavic disc con cubiertas maxxis nuevas. Costo 790 hace dos años. (Segun informa el vendedor)\n\nGT AVALANCHE 3. 0 (150€)\nse vende gt avalanche 3. 0 en perfecto estado, llantas 26 pulgadas, cuadro talla M, para personas de 1, 70 a 1, 80 mas o menos.\n\nBICICLETA DE MONTAñA GT 2010 (350€)\nGT autpost año 2010 seminueva la vendo por no cojerla orquilla es rock shock 100mm de rrecorrido montada entera en shimano deore esta bici nueva ronda unos 600 euros\n\nBICICLETA GT , AVALANCHE 1, 0 TALLA M (260€)\nVendo bicicleta GT Avalanche 1. 0 en málaga capital, pintada en tricapa solo hace un mes por un taller y bien echo. . Ruedas Mavis con discos XT y neumáticos continental Race para carretera y frenos hidrauliscos shimano, esta nueva, pinte el cuadro por un capricho pero esta preciosa.\n\n\nEn fin, soy de Málaga  y espero vuestros consejos, también a la hora de ir a probarla.\nEn principio, me he fijado el tope en 300€\n\nSaludos y muchas muchas gracias. <!-- s:D --><img src=\"{SMILIES_PATH}/icon_e_biggrin.gif\" alt=\":D\" title=\"Very Happy\" /><!-- s:D -->  <!-- s:D --><img src=\"{SMILIES_PATH}/icon_e_biggrin.gif\" alt=\":D\" title=\"Very Happy\" /><!-- s:D -->  <!-- s:D --><img src=\"{SMILIES_PATH}/icon_e_biggrin.gif\" alt=\":D\" title=\"Very Happy\" /><!-- s:D --> \n[color=#0040BF][/color:27h97un7][/color]','278188607076f465599d405e54bb2f64',0,'Ag==','27h97un7',1,0,'',0,0,0),(37,27,20,61,0,'82.159.104.78',1354626218,1,0,1,1,1,1,'','Re: Para empezar','Buenas. \n\nComo recomendación general, comentarte que [b:zadeatu2]lo mejor es que te sientas cómodo sobre la bici[/b:zadeatu2]. \n\nLuego, fíjate también en las sensaciones a la hora de bajar y de frenar, puesto que así probarás básicamente tanto la horquilla como los frenos.\n\nCon la información que has subido, no puedo darte una opinión cerrada, ya que falta información para todos los modelos. \n\nObviamente, elegiría entre la BH y la GT (ambas en torno a 300 euros, si no me equivoco). En concreto, la BH, es suficiente para empezar (cambio SLX, horquilla con bloqueo en manillar, frenos hidraúlicos).\n\nUn saludo','5e9d91d865a634ccfa08364ce382111d',0,'QA==','zadeatu2',1,0,'',0,0,0),(38,23,85,55,0,'82.159.104.78',1354818522,1,0,1,1,1,1,'','Re: buscobici.com - Actualización de Base de Datos','Se añade la colección de bicicletas de BiciEscapa ([url:mj13w9ho]http&#58;//www&#46;biciescapa&#46;com/[/url:mj13w9ho]) a la base de datos de [url:mj13w9ho]http&#58;//www&#46;buscobici&#46;com/[/url:mj13w9ho]\n\nCon esta, son ya 16 tiendas adheridas a la página:\n\nBicicletas Gil\nBicicletas Pasaje\nBicimania\nBicimarket\nBiciEscapa\nBikeOS\nBikeStocks\nBuhoBike\nCalmera\nChain Reaction\nCiclos Nico\nMammoth\nProbike\nProbikeShop\nSanferbike\nTomasDomingo\n\nEsperemos que os ayude en la difícil tarea de la búsqueda de vuestra bici soñada.\n\nUn saludo.','4d12fd0f9c01ec94b06e30eecc4ee518',0,'EA==','mj13w9ho',1,0,'',0,0,0),(39,28,21,61,0,'82.159.104.78',1354878661,1,0,1,1,1,1,'','Rockrider 8.2 2012 - Recomendación venta de segunda mano','Hola. Quiero vender una RockRider 8.1 del año 2012. La compré en verano. Está como nueva. \n\n    [b:pbizwohm]Cuadro[/b:pbizwohm]: aluminio 6061 T6 doble grosor; geometría racing; 1,850 kg en la talla M.Resistente y ligera. Su geometría ofrece la relación ideal escalada / descenso.\n\n    [b:pbizwohm]Horquilla[/b:pbizwohm] / Suspensión Nueva horquilla Rock Shox RECON Silver TK 100 mm Remote Lock-Out en el manillar. Ajuste eficaz del rebote y bloqueo con solo medio giro de palanca.\n\n    [b:pbizwohm]Transmisión[/b:pbizwohm] Desviador SRAM X - 7\n    [b:pbizwohm]Cambio[/b:pbizwohm] SRAM X - 7;\n    [b:pbizwohm]Palancas[/b:pbizwohm] tipo Push pull Sram X7.\n\n    [b:pbizwohm]Pedalier / Casete[/b:pbizwohm] Pedalier Shimano Deore M590 22x32x44\n    [b:pbizwohm]casete[/b:pbizwohm] SRAM PG950 11x32 9 velocidades\n\n    [b:pbizwohm]Frenos[/b:pbizwohm] Frenos de disco hidráulicos Avid ELIXIR 3, rotores de 160 mm; Potencia y progresividad en cualquier circunstancia\n\n    [b:pbizwohm]Manillar/Potencia/Dirección[/b:pbizwohm] Manillar elevado Rockrider Comp 600/ 640mm; potencia Rockrider Comp. Manillar y potencia oversize, más resistente y más ligera. La posición más elevada mejora el control y la comodidad sin pérdida de rendimiento.\n\n    [b:pbizwohm]Ruedas[/b:pbizwohm] Llantas Rockrider Comp 32 radios by Rigida. Bujes JT D041/D142, radios de acero inoxidable 2 mm. Rodamientos estancos.\n\n    [b:pbizwohm]Sillín/Tija[/b:pbizwohm] de sillín Nuevo sillín Rockrider MTB comp by vélo; Tija de sillín Rockrider\n\n    [b:pbizwohm]Pedales[/b:pbizwohm] Pedales automáticos Wellgo 823 WPD.\n\n¿Por cuánto la venderíais? \n\nUn saludo.','c4a09ec3effa6f2671d8942a548863f8',0,'QA==','pbizwohm',1,0,'',0,0,0),(40,29,29,61,0,'82.159.104.78',1354880541,1,0,1,1,1,1,'','Wiggins: Mejor deportista británico del año','[b:2z5zzjlc]Wiggins, ganador del Tour de Francia y campeón olímpico de Contrarreloj en Londres 2012, ha sido declarado el mejor deportista británico del año[/b:2z5zzjlc].\n\nSe ha impuesto al mediofondista [b:2z5zzjlc]Mo Farah[/b:2z5zzjlc] y al ganador del US Open [b:2z5zzjlc]Andy Murray[/b:2z5zzjlc].\n\nMás información:\n[url:2z5zzjlc]http&#58;//www&#46;elconfidencial&#46;com/deportes/2012/12/07/wiggins-mejor-deportista-britanico-del-ano-110737/[/url:2z5zzjlc]','e6c84305ae3942728c0aed6fcc2a9720',0,'UA==','2z5zzjlc',1,0,'',0,0,0),(41,30,23,61,0,'82.159.104.78',1354884766,1,0,1,1,1,1,'','Compro bicicleta Giant xtc 1 composite 2012','Hola.\n\nEstoy interesado en comprar la Giant xtc1 del año 2012. Pagaría hasta 1500 euros (depende un poco del estado en el que esté).\n\nUn saludo','489a35e9b899a127c1075076d89a90ec',0,'','3jmp145l',1,0,'',0,0,0);
/*!40000 ALTER TABLE `phpbb_posts` ENABLE KEYS */;
UNLOCK TABLES;

--
-- Table structure for table `phpbb_privmsgs`
--

DROP TABLE IF EXISTS `phpbb_privmsgs`;
CREATE TABLE `phpbb_privmsgs` (
  `msg_id` mediumint(8) unsigned NOT NULL auto_increment,
  `root_level` mediumint(8) unsigned NOT NULL default '0',
  `author_id` mediumint(8) unsigned NOT NULL default '0',
  `icon_id` mediumint(8) unsigned NOT NULL default '0',
  `author_ip` varchar(40) collate utf8_bin NOT NULL default '',
  `message_time` int(11) unsigned NOT NULL default '0',
  `enable_bbcode` tinyint(1) unsigned NOT NULL default '1',
  `enable_smilies` tinyint(1) unsigned NOT NULL default '1',
  `enable_magic_url` tinyint(1) unsigned NOT NULL default '1',
  `enable_sig` tinyint(1) unsigned NOT NULL default '1',
  `message_subject` varchar(255) collate utf8_bin NOT NULL default '',
  `message_text` mediumtext collate utf8_bin NOT NULL,
  `message_edit_reason` varchar(255) collate utf8_bin NOT NULL default '',
  `message_edit_user` mediumint(8) unsigned NOT NULL default '0',
  `message_attachment` tinyint(1) unsigned NOT NULL default '0',
  `bbcode_bitfield` varchar(255) collate utf8_bin NOT NULL default '',
  `bbcode_uid` varchar(8) collate utf8_bin NOT NULL default '',
  `message_edit_time` int(11) unsigned NOT NULL default '0',
  `message_edit_count` smallint(4) unsigned NOT NULL default '0',
  `to_address` text collate utf8_bin NOT NULL,
  `bcc_address` text collate utf8_bin NOT NULL,
  `message_reported` tinyint(1) unsigned NOT NULL default '0',
  PRIMARY KEY  (`msg_id`),
  KEY `author_ip` (`author_ip`),
  KEY `message_time` (`message_time`),
  KEY `author_id` (`author_id`),
  KEY `root_level` (`root_level`)
) ENGINE=MyISAM AUTO_INCREMENT=8 DEFAULT CHARSET=utf8 COLLATE=utf8_bin;

--
-- Dumping data for table `phpbb_privmsgs`
--

LOCK TABLES `phpbb_privmsgs` WRITE;
/*!40000 ALTER TABLE `phpbb_privmsgs` DISABLE KEYS */;
INSERT INTO `phpbb_privmsgs` VALUES (1,0,2,0,'82.159.104.78',1353196260,1,1,1,1,'Bienvenido al foro !','Hola! Bienvenido al foro de buscobici.com\n\nEsperamos poder ayudarte en todas tus dudas.\n\nUn saludo !!!','',0,0,'','3ltgex0m',0,0,'u_54','',0),(2,0,2,0,'82.159.104.78',1353234613,1,1,1,1,'Hola !','Hola !','',0,0,'','1rb1vkfl',0,0,'u_55','',0),(3,0,54,0,'82.159.104.78',1353448439,1,1,1,1,'Prueba de mensaje','Hola Ricky. Esto es una prueba de un mensaje privado.\n\nUn saludo !!!','',0,0,'','u51r8i0z',0,0,'u_56','',0),(4,0,59,0,'62.42.5.67',1353690496,1,1,1,1,'Re: Normas del foro','Buenas!! Me confundí al crear un tema, me lo puedes mover de Webs a Foros??\n\nSoy Fran, administrador de dominguerosmtb.\n\nGracias y un saludo','',0,0,'','1tv2mhjx',0,0,'u_55','',0),(5,4,55,0,'82.159.104.78',1353845314,1,1,1,1,'Re: Normas del foro','Hola Fran.\n\nYa lo tienes movido. \n\nGracias y bienvenido !','',0,0,'','2t3gpglq',0,0,'u_59','',0),(6,0,55,0,'82.159.104.78',1353847809,1,1,1,1,'Ya lo tienes','Hola. Bienvenido al foro.\n\nYa te he movido tu post al hilo de &quot;Foros&quot;.\n\nUn saludo y gracias por visitar [url:1vytsv22]http&#58;//foro&#46;buscobici&#46;com[/url:1vytsv22] !','',0,0,'EA==','1vytsv22',1353847831,1,'u_59','',0),(7,0,55,0,'82.159.104.78',1354878309,1,1,1,1,'Categoría: Pintura y Rest','Hola aerotec.\n\nAl final, he modificado la estructura del foro, para que exista una categoría única (&quot;Mundo Bici&quot;) y dentro de ellas las categorías más comunes (Bicicletas, Mecánica, [b:r46euj72]Restauración y Pintura[/b:r46euj72], etc.).\n\nPuedes utilizar la que te interese para tu tienda de la forma que creas conveniente.\n\nUn saludo','',0,0,'QA==','r46euj72',0,0,'u_60','',0);
/*!40000 ALTER TABLE `phpbb_privmsgs` ENABLE KEYS */;
UNLOCK TABLES;

--
-- Table structure for table `phpbb_privmsgs_folder`
--

DROP TABLE IF EXISTS `phpbb_privmsgs_folder`;
CREATE TABLE `phpbb_privmsgs_folder` (
  `folder_id` mediumint(8) unsigned NOT NULL auto_increment,
  `user_id` mediumint(8) unsigned NOT NULL default '0',
  `folder_name` varchar(255) collate utf8_bin NOT NULL default '',
  `pm_count` mediumint(8) unsigned NOT NULL default '0',
  PRIMARY KEY  (`folder_id`),
  KEY `user_id` (`user_id`)
) ENGINE=MyISAM DEFAULT CHARSET=utf8 COLLATE=utf8_bin;

--
-- Dumping data for table `phpbb_privmsgs_folder`
--

LOCK TABLES `phpbb_privmsgs_folder` WRITE;
/*!40000 ALTER TABLE `phpbb_privmsgs_folder` DISABLE KEYS */;
/*!40000 ALTER TABLE `phpbb_privmsgs_folder` ENABLE KEYS */;
UNLOCK TABLES;

--
-- Table structure for table `phpbb_privmsgs_rules`
--

DROP TABLE IF EXISTS `phpbb_privmsgs_rules`;
CREATE TABLE `phpbb_privmsgs_rules` (
  `rule_id` mediumint(8) unsigned NOT NULL auto_increment,
  `user_id` mediumint(8) unsigned NOT NULL default '0',
  `rule_check` mediumint(8) unsigned NOT NULL default '0',
  `rule_connection` mediumint(8) unsigned NOT NULL default '0',
  `rule_string` varchar(255) collate utf8_bin NOT NULL default '',
  `rule_user_id` mediumint(8) unsigned NOT NULL default '0',
  `rule_group_id` mediumint(8) unsigned NOT NULL default '0',
  `rule_action` mediumint(8) unsigned NOT NULL default '0',
  `rule_folder_id` int(11) NOT NULL default '0',
  PRIMARY KEY  (`rule_id`),
  KEY `user_id` (`user_id`)
) ENGINE=MyISAM DEFAULT CHARSET=utf8 COLLATE=utf8_bin;

--
-- Dumping data for table `phpbb_privmsgs_rules`
--

LOCK TABLES `phpbb_privmsgs_rules` WRITE;
/*!40000 ALTER TABLE `phpbb_privmsgs_rules` DISABLE KEYS */;
/*!40000 ALTER TABLE `phpbb_privmsgs_rules` ENABLE KEYS */;
UNLOCK TABLES;

--
-- Table structure for table `phpbb_privmsgs_to`
--

DROP TABLE IF EXISTS `phpbb_privmsgs_to`;
CREATE TABLE `phpbb_privmsgs_to` (
  `msg_id` mediumint(8) unsigned NOT NULL default '0',
  `user_id` mediumint(8) unsigned NOT NULL default '0',
  `author_id` mediumint(8) unsigned NOT NULL default '0',
  `pm_deleted` tinyint(1) unsigned NOT NULL default '0',
  `pm_new` tinyint(1) unsigned NOT NULL default '1',
  `pm_unread` tinyint(1) unsigned NOT NULL default '1',
  `pm_replied` tinyint(1) unsigned NOT NULL default '0',
  `pm_marked` tinyint(1) unsigned NOT NULL default '0',
  `pm_forwarded` tinyint(1) unsigned NOT NULL default '0',
  `folder_id` int(11) NOT NULL default '0',
  KEY `msg_id` (`msg_id`),
  KEY `author_id` (`author_id`),
  KEY `usr_flder_id` (`user_id`,`folder_id`)
) ENGINE=MyISAM DEFAULT CHARSET=utf8 COLLATE=utf8_bin;

--
-- Dumping data for table `phpbb_privmsgs_to`
--

LOCK TABLES `phpbb_privmsgs_to` WRITE;
/*!40000 ALTER TABLE `phpbb_privmsgs_to` DISABLE KEYS */;
INSERT INTO `phpbb_privmsgs_to` VALUES (1,54,2,0,0,0,0,0,0,0),(1,2,2,0,0,0,0,0,0,-1),(3,56,54,0,1,1,0,0,0,-3),(2,2,2,0,0,0,0,0,0,-1),(3,54,54,0,0,0,0,0,0,-2),(4,55,59,0,0,0,1,0,0,0),(4,59,59,0,0,0,0,0,0,-1),(5,59,55,0,0,0,0,0,0,0),(5,55,55,0,0,0,0,0,0,-1),(6,59,55,0,0,0,0,0,0,0),(6,55,55,0,0,0,0,0,0,-1),(7,60,55,0,1,1,0,0,0,-3),(7,55,55,0,0,0,0,0,0,-2);
/*!40000 ALTER TABLE `phpbb_privmsgs_to` ENABLE KEYS */;
UNLOCK TABLES;

--
-- Table structure for table `phpbb_profile_fields`
--

DROP TABLE IF EXISTS `phpbb_profile_fields`;
CREATE TABLE `phpbb_profile_fields` (
  `field_id` mediumint(8) unsigned NOT NULL auto_increment,
  `field_name` varchar(255) collate utf8_bin NOT NULL default '',
  `field_type` tinyint(4) NOT NULL default '0',
  `field_ident` varchar(20) collate utf8_bin NOT NULL default '',
  `field_length` varchar(20) collate utf8_bin NOT NULL default '',
  `field_minlen` varchar(255) collate utf8_bin NOT NULL default '',
  `field_maxlen` varchar(255) collate utf8_bin NOT NULL default '',
  `field_novalue` varchar(255) collate utf8_bin NOT NULL default '',
  `field_default_value` varchar(255) collate utf8_bin NOT NULL default '',
  `field_validation` varchar(20) collate utf8_bin NOT NULL default '',
  `field_required` tinyint(1) unsigned NOT NULL default '0',
  `field_show_novalue` tinyint(1) unsigned NOT NULL default '0',
  `field_show_on_reg` tinyint(1) unsigned NOT NULL default '0',
  `field_show_on_vt` tinyint(1) unsigned NOT NULL default '0',
  `field_show_profile` tinyint(1) unsigned NOT NULL default '0',
  `field_hide` tinyint(1) unsigned NOT NULL default '0',
  `field_no_view` tinyint(1) unsigned NOT NULL default '0',
  `field_active` tinyint(1) unsigned NOT NULL default '0',
  `field_order` mediumint(8) unsigned NOT NULL default '0',
  PRIMARY KEY  (`field_id`),
  KEY `fld_type` (`field_type`),
  KEY `fld_ordr` (`field_order`)
) ENGINE=MyISAM DEFAULT CHARSET=utf8 COLLATE=utf8_bin;

--
-- Dumping data for table `phpbb_profile_fields`
--

LOCK TABLES `phpbb_profile_fields` WRITE;
/*!40000 ALTER TABLE `phpbb_profile_fields` DISABLE KEYS */;
/*!40000 ALTER TABLE `phpbb_profile_fields` ENABLE KEYS */;
UNLOCK TABLES;

--
-- Table structure for table `phpbb_profile_fields_data`
--

DROP TABLE IF EXISTS `phpbb_profile_fields_data`;
CREATE TABLE `phpbb_profile_fields_data` (
  `user_id` mediumint(8) unsigned NOT NULL default '0',
  PRIMARY KEY  (`user_id`)
) ENGINE=MyISAM DEFAULT CHARSET=utf8 COLLATE=utf8_bin;

--
-- Dumping data for table `phpbb_profile_fields_data`
--

LOCK TABLES `phpbb_profile_fields_data` WRITE;
/*!40000 ALTER TABLE `phpbb_profile_fields_data` DISABLE KEYS */;
/*!40000 ALTER TABLE `phpbb_profile_fields_data` ENABLE KEYS */;
UNLOCK TABLES;

--
-- Table structure for table `phpbb_profile_fields_lang`
--

DROP TABLE IF EXISTS `phpbb_profile_fields_lang`;
CREATE TABLE `phpbb_profile_fields_lang` (
  `field_id` mediumint(8) unsigned NOT NULL default '0',
  `lang_id` mediumint(8) unsigned NOT NULL default '0',
  `option_id` mediumint(8) unsigned NOT NULL default '0',
  `field_type` tinyint(4) NOT NULL default '0',
  `lang_value` varchar(255) collate utf8_bin NOT NULL default '',
  PRIMARY KEY  (`field_id`,`lang_id`,`option_id`)
) ENGINE=MyISAM DEFAULT CHARSET=utf8 COLLATE=utf8_bin;

--
-- Dumping data for table `phpbb_profile_fields_lang`
--

LOCK TABLES `phpbb_profile_fields_lang` WRITE;
/*!40000 ALTER TABLE `phpbb_profile_fields_lang` DISABLE KEYS */;
/*!40000 ALTER TABLE `phpbb_profile_fields_lang` ENABLE KEYS */;
UNLOCK TABLES;

--
-- Table structure for table `phpbb_profile_lang`
--

DROP TABLE IF EXISTS `phpbb_profile_lang`;
CREATE TABLE `phpbb_profile_lang` (
  `field_id` mediumint(8) unsigned NOT NULL default '0',
  `lang_id` mediumint(8) unsigned NOT NULL default '0',
  `lang_name` varchar(255) collate utf8_bin NOT NULL default '',
  `lang_explain` text collate utf8_bin NOT NULL,
  `lang_default_value` varchar(255) collate utf8_bin NOT NULL default '',
  PRIMARY KEY  (`field_id`,`lang_id`)
) ENGINE=MyISAM DEFAULT CHARSET=utf8 COLLATE=utf8_bin;

--
-- Dumping data for table `phpbb_profile_lang`
--

LOCK TABLES `phpbb_profile_lang` WRITE;
/*!40000 ALTER TABLE `phpbb_profile_lang` DISABLE KEYS */;
/*!40000 ALTER TABLE `phpbb_profile_lang` ENABLE KEYS */;
UNLOCK TABLES;

--
-- Table structure for table `phpbb_ranks`
--

DROP TABLE IF EXISTS `phpbb_ranks`;
CREATE TABLE `phpbb_ranks` (
  `rank_id` mediumint(8) unsigned NOT NULL auto_increment,
  `rank_title` varchar(255) collate utf8_bin NOT NULL default '',
  `rank_min` mediumint(8) unsigned NOT NULL default '0',
  `rank_special` tinyint(1) unsigned NOT NULL default '0',
  `rank_image` varchar(255) collate utf8_bin NOT NULL default '',
  PRIMARY KEY  (`rank_id`)
) ENGINE=MyISAM AUTO_INCREMENT=2 DEFAULT CHARSET=utf8 COLLATE=utf8_bin;

--
-- Dumping data for table `phpbb_ranks`
--

LOCK TABLES `phpbb_ranks` WRITE;
/*!40000 ALTER TABLE `phpbb_ranks` DISABLE KEYS */;
INSERT INTO `phpbb_ranks` VALUES (1,'Site Admin',0,1,'');
/*!40000 ALTER TABLE `phpbb_ranks` ENABLE KEYS */;
UNLOCK TABLES;

--
-- Table structure for table `phpbb_reports`
--

DROP TABLE IF EXISTS `phpbb_reports`;
CREATE TABLE `phpbb_reports` (
  `report_id` mediumint(8) unsigned NOT NULL auto_increment,
  `reason_id` smallint(4) unsigned NOT NULL default '0',
  `post_id` mediumint(8) unsigned NOT NULL default '0',
  `pm_id` mediumint(8) unsigned NOT NULL default '0',
  `user_id` mediumint(8) unsigned NOT NULL default '0',
  `user_notify` tinyint(1) unsigned NOT NULL default '0',
  `report_closed` tinyint(1) unsigned NOT NULL default '0',
  `report_time` int(11) unsigned NOT NULL default '0',
  `report_text` mediumtext collate utf8_bin NOT NULL,
  PRIMARY KEY  (`report_id`),
  KEY `post_id` (`post_id`),
  KEY `pm_id` (`pm_id`)
) ENGINE=MyISAM DEFAULT CHARSET=utf8 COLLATE=utf8_bin;

--
-- Dumping data for table `phpbb_reports`
--

LOCK TABLES `phpbb_reports` WRITE;
/*!40000 ALTER TABLE `phpbb_reports` DISABLE KEYS */;
/*!40000 ALTER TABLE `phpbb_reports` ENABLE KEYS */;
UNLOCK TABLES;

--
-- Table structure for table `phpbb_reports_reasons`
--

DROP TABLE IF EXISTS `phpbb_reports_reasons`;
CREATE TABLE `phpbb_reports_reasons` (
  `reason_id` smallint(4) unsigned NOT NULL auto_increment,
  `reason_title` varchar(255) collate utf8_bin NOT NULL default '',
  `reason_description` mediumtext collate utf8_bin NOT NULL,
  `reason_order` smallint(4) unsigned NOT NULL default '0',
  PRIMARY KEY  (`reason_id`)
) ENGINE=MyISAM AUTO_INCREMENT=5 DEFAULT CHARSET=utf8 COLLATE=utf8_bin;

--
-- Dumping data for table `phpbb_reports_reasons`
--

LOCK TABLES `phpbb_reports_reasons` WRITE;
/*!40000 ALTER TABLE `phpbb_reports_reasons` DISABLE KEYS */;
INSERT INTO `phpbb_reports_reasons` VALUES (1,'warez','The post contains links to illegal or pirated software.',1),(2,'spam','The reported post has the only purpose to advertise for a website or another product.',2),(3,'off_topic','The reported post is off topic.',3),(4,'other','The reported post does not fit into any other category, please use the further information field.',4);
/*!40000 ALTER TABLE `phpbb_reports_reasons` ENABLE KEYS */;
UNLOCK TABLES;

--
-- Table structure for table `phpbb_search_results`
--

DROP TABLE IF EXISTS `phpbb_search_results`;
CREATE TABLE `phpbb_search_results` (
  `search_key` varchar(32) collate utf8_bin NOT NULL default '',
  `search_time` int(11) unsigned NOT NULL default '0',
  `search_keywords` mediumtext collate utf8_bin NOT NULL,
  `search_authors` mediumtext collate utf8_bin NOT NULL,
  PRIMARY KEY  (`search_key`)
) ENGINE=MyISAM DEFAULT CHARSET=utf8 COLLATE=utf8_bin;

--
-- Dumping data for table `phpbb_search_results`
--

LOCK TABLES `phpbb_search_results` WRITE;
/*!40000 ALTER TABLE `phpbb_search_results` DISABLE KEYS */;
/*!40000 ALTER TABLE `phpbb_search_results` ENABLE KEYS */;
UNLOCK TABLES;

--
-- Table structure for table `phpbb_search_wordlist`
--

DROP TABLE IF EXISTS `phpbb_search_wordlist`;
CREATE TABLE `phpbb_search_wordlist` (
  `word_id` mediumint(8) unsigned NOT NULL auto_increment,
  `word_text` varchar(255) collate utf8_bin NOT NULL default '',
  `word_common` tinyint(1) unsigned NOT NULL default '0',
  `word_count` mediumint(8) unsigned NOT NULL default '0',
  PRIMARY KEY  (`word_id`),
  UNIQUE KEY `wrd_txt` (`word_text`),
  KEY `wrd_cnt` (`word_count`)
) ENGINE=MyISAM AUTO_INCREMENT=995 DEFAULT CHARSET=utf8 COLLATE=utf8_bin;

--
-- Dumping data for table `phpbb_search_wordlist`
--

LOCK TABLES `phpbb_search_wordlist` WRITE;
/*!40000 ALTER TABLE `phpbb_search_wordlist` DISABLE KEYS */;
INSERT INTO `phpbb_search_wordlist` VALUES (1,'this',0,0),(2,'example',0,0),(3,'post',0,2),(4,'your',0,0),(5,'phpbb3',0,0),(6,'installation',0,0),(7,'everything',0,0),(8,'seems',0,0),(9,'working',0,0),(10,'you',0,0),(11,'may',0,0),(12,'delete',0,0),(13,'like',0,0),(14,'and',0,0),(15,'continue',0,0),(16,'set',0,0),(17,'board',0,0),(18,'during',0,0),(19,'the',0,1),(20,'process',0,0),(21,'first',0,0),(22,'category',0,0),(23,'forum',0,1),(24,'are',0,0),(25,'assigned',0,0),(26,'appropriate',0,0),(27,'permissions',0,0),(28,'for',0,0),(29,'predefined',0,0),(30,'usergroups',0,0),(31,'administrators',0,0),(32,'bots',0,0),(33,'global',0,0),(34,'moderators',0,0),(35,'guests',0,0),(36,'registered',0,0),(37,'users',0,0),(38,'coppa',0,0),(39,'also',0,0),(40,'choose',0,0),(41,'not',0,0),(42,'forget',0,0),(43,'assign',0,0),(44,'all',0,0),(45,'these',0,0),(46,'new',0,0),(47,'categories',0,0),(48,'forums',0,0),(49,'create',0,0),(50,'recommended',0,0),(51,'rename',0,0),(52,'copy',0,0),(53,'from',0,1),(54,'while',0,1),(55,'creating',0,0),(56,'have',0,0),(57,'fun',0,0),(58,'welcome',0,0),(69,'llamo',0,1),(68,'noticia',0,2),(67,'hola',0,10),(66,'este',0,2),(65,'tema',0,3),(64,'nuevo',0,2),(63,'foro',0,7),(62,'del',0,11),(61,'normas',0,1),(60,'las',0,9),(59,'aquí',0,1),(70,'sergio',0,1),(71,'soy',0,2),(72,'bicicleta',0,6),(73,'rockrider',0,3),(74,'2011',0,3),(75,'modalidad',0,0),(76,'mtb',0,14),(77,'saludo',0,12),(78,'presentación',0,0),(79,'presento',0,1),(80,'2012',0,9),(81,'todos',0,7),(82,'esta',0,4),(83,'una',0,13),(84,'nueva',0,2),(85,'que',0,15),(86,'publico',0,0),(87,'hoy',0,0),(88,'usuario',0,1),(89,'ciudad',0,1),(90,'pinto',0,2),(91,'madrid',0,1),(92,'web',0,1),(93,'los',0,7),(94,'usuarios',0,1),(95,'declarado',0,4),(96,'ciclista',0,2),(97,'sin',0,4),(98,'tener',0,3),(99,'clarificadas',0,1),(100,'aún',0,1),(101,'grandes',0,1),(102,'etapas',0,1),(103,'correrá',0,1),(104,'alberto',0,1),(105,'contador',0,2),(106,'admite',0,1),(107,'descarta',0,1),(108,'ninguna',0,2),(109,'opción',0,1),(110,'giro',0,3),(111,'tiene',0,4),(112,'recorrido',0,2),(113,'ajusta',0,2),(114,'bastante',0,2),(115,'bien',0,5),(116,'voy',0,1),(117,'descartar',0,1),(118,'tres',0,1),(119,'hasta',0,2),(120,'analizar',0,1),(121,'todas',0,3),(122,'con',0,12),(123,'vuelta',0,1),(124,'tan',0,2),(125,'separados',0,1),(126,'tiempo',0,2),(127,'decantarse',0,1),(128,'por',0,13),(129,'dos',0,2),(130,'más',0,6),(131,'sencilla',0,1),(132,'hice',0,1),(133,'2008',0,1),(134,'puede',0,2),(135,'verse',0,1),(136,'entrevista',0,1),(137,'entera',0,2),(138,'siguiente',0,3),(139,'enlace',0,1),(140,'http',0,12),(141,'www',0,11),(142,'cyclingnews',0,1),(143,'com',0,15),(144,'features',0,1),(145,'alb',0,1),(146,'win',0,1),(147,'ingresar',0,1),(148,'buscobici',0,7),(149,'adelante',0,1),(150,'nosotros',0,3),(151,'nos',0,2),(152,'nuestro',0,2),(153,'acuerda',0,1),(154,'estar',0,2),(155,'legalmente',0,1),(156,'sometido',0,1),(157,'siguientes',0,1),(158,'términos',0,1),(159,'caso',0,2),(160,'contrario',0,1),(161,'favor',0,1),(162,'registre',0,1),(163,'use',0,1),(164,'podemos',0,1),(165,'cambiar',0,2),(166,'estos',0,1),(167,'cualquier',0,2),(168,'momento',0,1),(169,'intentaríamos',0,1),(170,'avisarle',0,1),(171,'embargo',0,1),(172,'sería',0,1),(173,'prudente',0,1),(174,'revisase',0,1),(175,'cuenta',0,1),(176,'periódicamente',0,1),(177,'seguir',0,1),(178,'registrado',0,1),(179,'después',0,1),(180,'esos',0,1),(181,'cambios',0,2),(182,'significa',0,1),(183,'nuevos',0,1),(184,'tal',0,1),(185,'como',0,7),(186,'fueron',0,1),(187,'actualizados',0,1),(188,'reformados',0,1),(189,'nuestros',0,1),(190,'foros',0,1),(191,'están',0,2),(192,'desarrollados',0,1),(193,'phpbb',0,1),(194,'ellos',0,1),(195,'sus',0,3),(196,'software',0,1),(197,'group',0,1),(198,'teams',0,1),(199,'cual',0,1),(200,'solución',0,1),(201,'liberada',0,1),(202,'bajo',0,1),(203,'licencia',0,1),(204,'pública',0,1),(205,'general',0,2),(206,'public',0,1),(207,'license',0,1),(208,'inglés',0,1),(209,'gpl',0,1),(210,'ser',0,2),(211,'descargada',0,1),(212,'solamente',0,2),(213,'facilita',0,1),(214,'discusiones',0,1),(215,'basadas',0,1),(216,'internet',0,1),(217,'estrictamente',0,1),(218,'excluye',0,1),(219,'aprobamos',0,1),(220,'desaprobamos',0,1),(221,'conductas',0,1),(222,'contenido',0,1),(223,'permisible',0,1),(224,'para',0,14),(225,'información',0,4),(226,'sobre',0,3),(227,'visite',0,1),(228,'enviar',0,1),(229,'ningun',0,1),(230,'abusivo',0,1),(231,'obsceno',0,1),(232,'vulgar',0,1),(233,'difamatorio',0,1),(234,'indecente',0,1),(235,'amenazante',0,1),(236,'sexual',0,1),(237,'otro',0,1),(238,'material',0,1),(239,'pueda',0,1),(240,'violar',0,1),(241,'ley',0,1),(242,'país',0,1),(243,'donde',0,3),(244,'está',0,3),(245,'instalado',0,1),(246,'leyes',0,1),(247,'internacionales',0,1),(248,'hacer',0,2),(249,'eso',0,1),(250,'provocará',0,1),(251,'sea',0,2),(252,'inmediata',0,1),(253,'permanentemente',0,1),(254,'expulsado',0,1),(255,'creemos',0,1),(256,'oportuno',0,1),(257,'notificación',0,1),(258,'proveedor',0,1),(259,'servicios',0,1),(260,'direcciones',0,1),(261,'envíos',0,2),(262,'son',0,3),(263,'registradas',0,1),(264,'ayuda',0,1),(265,'reforzar',0,1),(266,'estas',0,1),(267,'condiciones',0,1),(268,'derecho',0,1),(269,'eliminar',0,1),(270,'editar',0,1),(271,'mover',0,1),(272,'cerrar',0,1),(273,'creamos',0,1),(274,'conveniente',0,1),(275,'haya',0,1),(276,'ingresado',0,1),(277,'será',0,1),(278,'almacenada',0,1),(279,'base',0,5),(280,'datos',0,5),(281,'dado',0,1),(282,'compartida',0,1),(283,'tercera',0,1),(284,'parte',0,2),(285,'consentimiento',0,1),(286,'podrán',0,1),(287,'considerarse',0,1),(288,'responsables',0,1),(289,'intento',0,1),(290,'hacking',0,1),(291,'conlleve',0,1),(292,'sean',0,1),(293,'comprometidos',0,1),(294,'mark',0,2),(295,'cavendish',0,2),(296,'relativamente',0,2),(297,'tras',0,3),(298,'sufrir',0,1),(299,'colisión',0,1),(300,'coche',0,1),(301,'mientras',0,1),(302,'entrenaba',0,1),(303,'italia',0,1),(304,'ganador',0,2),(305,'mundial',0,1),(306,'ciclismo',0,2),(307,'carretera',0,5),(308,'año',0,7),(309,'residencia',0,1),(310,'comentó',0,1),(311,'lunes',0,1),(312,'seguidores',0,1),(313,'twitter',0,1),(314,'estampé',0,1),(315,'contra',0,1),(316,'trasera',0,2),(317,'frenó',0,1),(318,'golpe',0,1),(319,'estaba',0,1),(320,'entrenando',0,1),(321,'fue',0,1),(322,'buen',0,2),(323,'día',0,2),(324,'aparte',0,1),(325,'brazo',0,1),(326,'magullado',0,1),(327,'estoy',0,5),(328,'alguien',0,1),(329,'interesa',0,1),(330,'has',0,2),(331,'said',0,1),(332,'relatively',0,1),(333,'after',0,1),(334,'colliding',0,1),(335,'with',0,1),(336,'car',0,1),(337,'training',0,1),(338,'italy',0,1),(339,'world',0,1),(340,'road',0,2),(341,'race',0,4),(342,'champion',0,1),(343,'who',0,1),(344,'home',0,1),(345,'tuscany',0,1),(346,'told',0,1),(347,'his',0,1),(348,'followers',0,1),(349,'monday',0,1),(350,'went',0,1),(351,'hit',0,1),(352,'back',0,1),(353,'that',0,1),(354,'slammed',0,1),(355,'today',0,1),(356,'wasn',0,1),(357,'ideal',0,2),(358,'apart',0,1),(359,'bruised',0,1),(360,'arm',0,1),(361,'anyone',0,1),(362,'cares',0,1),(363,'bielas',0,4),(364,'xtr',0,2),(365,'350',0,2),(366,'quedan',0,1),(367,'sólo',0,1),(368,'ciclosnico',0,2),(369,'tienda',0,2),(370,'produc',0,1),(371,'product',0,1),(372,'muy',0,2),(373,'buenas',0,3),(374,'ciclos',0,3),(375,'nico',0,3),(376,'especializada',0,1),(377,'desde',0,2),(378,'1956',0,1),(379,'ayer',0,1),(380,'fin',0,2),(381,'recomendamos',0,1),(382,'preguntéis',0,1),(383,'precio',0,3),(384,'todo',0,3),(385,'bicis',0,4),(386,'actual',0,1),(387,'2013',0,4),(388,'rebajadas',0,1),(389,'necesitáis',0,1),(390,'algún',0,1),(391,'producto',0,3),(392,'nuestras',0,2),(393,'marcas',0,1),(394,'veis',0,1),(395,'dudéis',0,1),(396,'poneros',0,1),(397,'contacto',0,1),(398,'ejemplo',0,3),(399,'shimano',0,3),(400,'intentamos',0,1),(401,'poner',0,2),(402,'productos',0,3),(403,'tenemos',0,1),(404,'física',0,1),(405,'dar',0,2),(406,'mejor',0,8),(407,'servicio',0,1),(408,'somos',0,1),(409,'grupo',0,1),(410,'amantes',0,1),(411,'bici',0,5),(412,'montaña',0,2),(413,'unimos',0,1),(414,'domingos',0,1),(415,'mañana',0,1),(416,'realizar',0,1),(417,'ruta',0,1),(418,'algun',0,1),(419,'punto',0,1),(420,'nuestra',0,1),(421,'región',0,1),(422,'obligaciones',0,1),(423,'familiares',0,1),(424,'disponibilidad',0,1),(425,'hecho',0,1),(426,'hueco',0,1),(427,'solo',0,4),(428,'forma',0,2),(429,'aprovechamos',0,1),(430,'máximo',0,1),(431,'quedando',0,1),(432,'aquellos',0,1),(433,'domingueros',0,1),(434,'aquel',0,1),(435,'quiera',0,1),(436,'venir',0,1),(437,'cordial',0,1),(438,'fran',0,1),(439,'administrador',0,1),(440,'dominguerosmtb',0,2),(441,'foroactivo',0,1),(442,'cantabria',0,1),(443,'dominguero',0,0),(444,'estáis',0,0),(445,'invitados',0,0),(446,'cualquiera',0,0),(447,'rutas',0,0),(448,'domingueras',0,0),(449,'lugar',0,0),(450,'cercanías',0,0),(451,'specialized',0,2),(452,'stumpjumper',0,0),(453,'expert',0,0),(454,'carbon',0,0),(473,'lapierre',0,3),(474,'control',0,2),(472,'propietario',0,1),(471,'valencia',0,1),(455,'gracias',0,2),(456,'pero',0,3),(457,'deja',0,0),(458,'llover',0,0),(459,'parece',0,1),(460,'sabado',0,0),(461,'cosa',0,0),(462,'despejada',0,0),(463,'hemos',0,0),(464,'quedado',0,0),(465,'sarón',0,0),(466,'junto',0,0),(467,'campo',0,0),(468,'futbol',0,0),(469,'quieran',0,0),(470,'apuntar',0,0),(475,'210',0,1),(476,'uno',0,2),(477,'mis',0,1),(478,'tantos',0,1),(479,'hobbys',0,1),(480,'pintar',0,2),(481,'gustaria',0,1),(482,'aconsejarais',0,1),(483,'seccion',0,2),(484,'seria',0,1),(485,'consejos',0,2),(486,'pintura',0,4),(487,'mismo',0,3),(488,'colgar',0,1),(489,'trabajos',0,1),(490,'conozca',0,1),(491,'poco',0,4),(492,'mas',0,3),(493,'algunos',0,1),(494,'conoceran',0,1),(495,'tengo',0,1),(496,'viendo',0,1),(497,'durara',0,1),(498,'saludos',0,2),(499,'presentacion',0,5),(500,'bienvenido',0,1),(501,'eres',0,1),(502,'primera',0,1),(503,'persona',0,1),(504,'hace',0,2),(505,'petición',0,1),(506,'estilo',0,1),(507,'qué',0,3),(508,'incluir',0,1),(509,'restauración',0,2),(510,'cada',0,3),(511,'categorías',0,1),(512,'etc',0,3),(513,'actualizado',0,1),(514,'recoger',0,1),(515,'actualizaciones',0,1),(516,'tiendas',0,2),(517,'actualización',0,2),(518,'juan',0,2),(519,'josé',0,2),(520,'lobato',0,2),(521,'ficha',0,1),(522,'euskaltel',0,2),(523,'euskadi',0,1),(524,'temporada',0,1),(525,'gaditano',0,1),(526,'feliz',0,2),(527,'fichar',0,1),(528,'equipo',0,1),(529,'liga',0,1),(530,'campeones',0,1),(531,'esciclismo',0,1),(532,'ampliada',0,1),(533,'asp',0,3),(534,'24053',0,1),(535,'fichaje',0,1),(536,'gustaría',0,1),(537,'comprar',0,2),(538,'rígida',0,6),(539,'presupuesto',0,7),(540,'torno',0,2),(541,'1000',0,7),(542,'euros',0,12),(543,'recomendáis',0,1),(544,'conocéis',0,1),(545,'alguna',0,1),(546,'oferta',0,1),(547,'merezca',0,1),(548,'realemente',0,1),(549,'pena',0,1),(550,'compra',0,5),(551,'ese',0,2),(552,'trek',0,2),(553,'6700',0,2),(554,'tienes',0,2),(555,'bicimania',0,3),(556,'1039',0,2),(557,'disc',0,3),(558,'6228',0,2),(559,'html',0,2),(560,'rock',0,4),(561,'shox',0,3),(562,'reba',0,2),(563,'cambio',0,4),(564,'deore',0,4),(565,'imbatible',0,2),(566,'sinceramente',0,2),(567,'formas',0,2),(568,'dejo',0,2),(569,'listado',0,2),(570,'modelos',0,3),(571,'obentidos',0,2),(572,'través',0,2),(573,'mammoth',0,3),(574,'bicicletas',0,4),(575,'rockhopper',0,2),(576,'pro',0,2),(577,'chainreactioncycles',0,2),(578,'models',0,2),(579,'aspx',0,2),(580,'modelid',0,2),(581,'81012',0,2),(582,'83492',0,2),(583,'bikeos',0,3),(584,'index',0,2),(585,'php',0,3),(586,'mountain',0,2),(587,'bike',0,2),(588,'monta',0,2),(589,'scott',0,2),(590,'scale',0,2),(591,'bicispasaje',0,2),(592,'orbea',0,2),(593,'alma',0,2),(594,'29er',0,2),(595,'h60',0,2),(596,'bicicletasgil',0,2),(597,'cube',0,2),(598,'bikes',0,2),(599,'ltd',0,2),(600,'jett',0,2),(601,'6784',0,2),(602,'buhobike',0,3),(603,'100',0,3),(604,'raid',0,2),(605,'calmera',0,3),(606,'3319',0,2),(607,'3331',0,2),(608,'3334',0,2),(609,'bikestocks',0,3),(610,'b2c',0,2),(611,'page',0,2),(612,'amp',0,2),(613,'ref',0,2),(614,'big',0,2),(615,'nine',0,2),(616,'tfs',0,2),(617,'500',0,2),(618,'3290',0,2),(619,'cannondale',0,2),(620,'trail',0,2),(621,'6418',0,2),(622,'6424',0,2),(623,'womens',0,2),(624,'6428',0,2),(625,'probike',0,3),(626,'mujer',0,2),(627,'tecnic',0,2),(628,'900',0,2),(629,'75491',0,2),(630,'65860',0,2),(631,'78088',0,2),(632,'75501',0,2),(633,'93946',0,2),(634,'xcaliber',0,2),(635,'6271',0,2),(636,'vaya',0,1),(637,'cuánta',0,1),(638,'muchas',0,2),(639,'pues',0,1),(640,'compraría',0,1),(641,'gama',0,2),(642,'superior',0,1),(643,'segunda',0,4),(644,'mano',0,4),(645,'venden',0,1),(646,'nuevas',0,2),(647,'lis',0,0),(648,'caprichosos',0,1),(649,'dinero',0,1),(650,'foromtb',0,1),(651,'showthread',0,1),(652,'talla',0,3),(653,'estaria',0,1),(654,'complicado',0,1),(655,'mirando',0,1),(656,'secciones',0,1),(657,'sereia',0,1),(658,'gente',0,1),(659,'exponga',0,1),(660,'dudas',0,1),(661,'ademas',0,1),(662,'habria',0,1),(663,'explicar',0,1),(664,'tipicas',0,1),(665,'preguntas',0,1),(666,'otra',0,1),(667,'queda',0,1),(668,'aclarado',0,1),(669,'tambien',0,2),(670,'buscaria',0,1),(671,'algo',0,1),(672,'alta',0,2),(673,'hay',0,1),(674,'estado',0,3),(675,'taller',0,2),(676,'especializado',0,1),(677,'motos',0,1),(678,'compromiso',0,1),(679,'aerotecg',0,1),(680,'blogspot',0,1),(681,'aerotec',0,1),(682,'personalizadas',0,1),(683,'entonces',0,1),(684,'recomiendas',0,1),(685,'única',0,1),(686,'categoría',0,1),(687,'realmente',0,1),(688,'restaurar',0,1),(689,'fixie',0,1),(690,'seguro',0,1),(691,'además',0,1),(692,'así',0,2),(693,'habría',0,1),(694,'toda',0,1),(695,'estructura',0,1),(696,'ojo',0,1),(697,'negando',0,1),(698,'simplemente',0,1),(699,'analizando',0,1),(700,'pros',0,1),(701,'contras',0,1),(702,'podría',0,1),(703,'suponer',0,1),(704,'propuesta',0,1),(705,'según',0,1),(706,'pasaría',0,1),(707,'tipo',0,2),(708,'cuelgan',0,1),(709,'modalidades',0,1),(710,'mecánica',0,1),(711,'componentes',0,1),(712,'acabo',0,1),(713,'verlo',0,1),(714,'claro',0,1),(715,'coméntame',0,1),(716,'tus',0,1),(717,'opiniones',0,1),(718,'pondria',0,1),(719,'mecanica',0,1),(720,'problema',0,1),(721,'esque',0,1),(722,'teneis',0,1),(723,'hora',0,3),(724,'proceso',0,1),(725,'bmx',0,1),(726,'decapado',0,1),(727,'lijado',0,1),(728,'imprimacion',0,1),(729,'color',0,2),(730,'logos',0,1),(731,'lacado',0,1),(732,'exactamente',0,1),(733,'ubicaria',0,1),(734,'quereis',0,1),(735,'ponemos',0,1),(736,'vosotros',0,1),(737,'habeis',0,1),(738,'comentado',0,1),(739,'ire',0,1),(740,'respondiendo',0,1),(741,'medida',0,1),(742,'posible',0,1),(743,'tardes',0,1),(744,'llevo',0,1),(745,'años',0,1),(746,'practicando',0,1),(747,'spinnig',0,1),(748,'bajar',0,2),(749,'peso',0,1),(750,'ahora',0,1),(751,'decidido',0,1),(752,'comprarme',0,1),(753,'ruteo',0,1),(754,'sondeado',0,1),(755,'mercado',0,1),(756,'recoletado',0,1),(757,'par',0,1),(758,'ofertas',0,1),(759,'aconsejeis',0,1),(760,'vuestro',0,1),(761,'interes',0,1),(762,'liberty',0,1),(763,'seguros',0,1),(764,'disco',0,2),(765,'300',0,2),(766,'cuadro',0,2),(767,'aluminio',0,2),(768,'resistencia',0,1),(769,'frenos',0,3),(770,'hidraulicos',0,1),(771,'discos',0,1),(772,'manetas',0,1),(773,'formula',0,1),(774,'oro',0,1),(775,'horquilla',0,3),(776,'bloqueo',0,3),(777,'manillar',0,3),(778,'cuentakilometros',0,1),(779,'luces',0,1),(780,'delantera',0,1),(781,'ruedas',0,2),(782,'mavic',0,1),(783,'cubiertas',0,1),(784,'maxxis',0,1),(785,'costo',0,1),(786,'790',0,1),(787,'segun',0,1),(788,'informa',0,1),(789,'vendedor',0,1),(790,'avalanche',0,1),(791,'150',0,1),(792,'vende',0,1),(793,'perfecto',0,1),(794,'llantas',0,2),(795,'pulgadas',0,1),(796,'personas',0,1),(797,'menos',0,1),(798,'2010',0,1),(799,'autpost',0,1),(800,'seminueva',0,1),(801,'vendo',0,1),(802,'cojerla',0,1),(803,'orquilla',0,1),(804,'shock',0,1),(805,'100mm',0,1),(806,'rrecorrido',0,1),(807,'montada',0,1),(808,'ronda',0,1),(809,'unos',0,1),(810,'600',0,2),(811,'260',0,1),(812,'málaga',0,1),(813,'capital',0,1),(814,'pintada',0,1),(815,'tricapa',0,1),(816,'mes',0,1),(817,'echo',0,1),(818,'mavis',0,1),(819,'neumáticos',0,1),(820,'continental',0,1),(821,'hidrauliscos',0,1),(822,'pinte',0,1),(823,'capricho',0,1),(824,'preciosa',0,1),(825,'espero',0,1),(826,'vuestros',0,1),(827,'también',0,2),(828,'probarla',0,1),(829,'principio',0,1),(830,'fijado',0,1),(831,'tope',0,1),(832,'empezar',0,3),(833,'recomendación',0,2),(834,'comentarte',0,1),(835,'sientas',0,1),(836,'cómodo',0,1),(837,'luego',0,1),(838,'fíjate',0,1),(839,'sensaciones',0,1),(840,'frenar',0,1),(841,'puesto',0,1),(842,'probarás',0,1),(843,'básicamente',0,1),(844,'tanto',0,1),(845,'subido',0,1),(846,'puedo',0,1),(847,'darte',0,1),(848,'opinión',0,1),(849,'cerrada',0,1),(850,'falta',0,1),(851,'obviamente',0,1),(852,'elegiría',0,1),(853,'entre',0,1),(854,'ambas',0,1),(855,'equivoco',0,1),(856,'concreto',0,1),(857,'suficiente',0,1),(858,'slx',0,1),(859,'hidraúlicos',0,1),(860,'añade',0,1),(861,'colección',0,1),(862,'biciescapa',0,1),(863,'adheridas',0,1),(864,'página',0,1),(865,'gil',0,1),(866,'pasaje',0,1),(867,'bicimarket',0,1),(868,'chain',0,1),(869,'reaction',0,1),(870,'probikeshop',0,1),(871,'sanferbike',0,1),(872,'tomasdomingo',0,1),(873,'esperemos',0,1),(874,'ayude',0,1),(875,'difícil',0,1),(876,'tarea',0,1),(877,'búsqueda',0,1),(878,'vuestra',0,1),(879,'soñada',0,1),(880,'quiero',0,1),(881,'vender',0,1),(882,'compré',0,1),(883,'verano',0,1),(884,'6061',0,1),(885,'doble',0,1),(886,'grosor',0,1),(887,'geometría',0,1),(888,'racing',0,1),(889,'850',0,1),(890,'resistente',0,1),(891,'ligera',0,1),(892,'ofrece',0,1),(893,'relación',0,1),(894,'escalada',0,1),(895,'descenso',0,1),(896,'suspensión',0,1),(897,'recon',0,1),(898,'silver',0,1),(899,'remote',0,1),(900,'lock',0,1),(901,'out',0,1),(902,'ajuste',0,1),(903,'eficaz',0,1),(904,'rebote',0,1),(905,'medio',0,1),(906,'palanca',0,1),(907,'transmisión',0,1),(908,'desviador',0,1),(909,'sram',0,1),(910,'palancas',0,1),(911,'push',0,1),(912,'pull',0,1),(913,'pedalier',0,1),(914,'casete',0,1),(915,'m590',0,1),(916,'22x32x44',0,1),(917,'pg950',0,1),(918,'11x32',0,1),(919,'velocidades',0,1),(920,'hidráulicos',0,1),(921,'avid',0,1),(922,'elixir',0,1),(923,'rotores',0,1),(924,'160',0,1),(925,'potencia',0,1),(926,'progresividad',0,1),(927,'circunstancia',0,1),(928,'dirección',0,1),(929,'elevado',0,1),(930,'comp',0,1),(931,'640mm',0,1),(932,'oversize',0,1),(933,'posición',0,1),(934,'elevada',0,1),(935,'mejora',0,1),(936,'comodidad',0,1),(937,'pérdida',0,1),(938,'rendimiento',0,1),(939,'radios',0,1),(940,'rigida',0,1),(941,'bujes',0,1),(942,'d041',0,1),(943,'d142',0,1),(944,'acero',0,1),(945,'inoxidable',0,1),(946,'rodamientos',0,1),(947,'estancos',0,1),(948,'neumático',0,0),(949,'michelin',0,0),(950,'country',0,0),(951,'sillín',0,1),(952,'tija',0,1),(953,'vélo',0,1),(954,'pedales',0,1),(955,'automáticos',0,1),(956,'wellgo',0,1),(957,'823',0,1),(958,'wpd',0,1),(959,'seguridad',0,0),(960,'mayor',0,0),(961,'cuánto',0,1),(962,'venderíais',0,1),(963,'venta',0,1),(964,'wiggins',0,2),(965,'tour',0,1),(966,'francia',0,1),(967,'campeón',0,1),(968,'olímpico',0,1),(969,'contrarreloj',0,1),(970,'londres',0,1),(971,'sido',0,1),(972,'deportista',0,2),(973,'británico',0,2),(974,'impuesto',0,1),(975,'mediofondista',0,1),(976,'farah',0,1),(977,'open',0,1),(978,'andy',0,1),(979,'murray',0,1),(980,'elconfidencial',0,1),(981,'deportes',0,1),(982,'britanico',0,1),(983,'ano',0,1),(984,'110737',0,1),(985,'interesado',0,1),(986,'giant',0,2),(987,'xtc1',0,1),(988,'pagaría',0,1),(989,'1500',0,1),(990,'depende',0,1),(991,'esté',0,1),(992,'compro',0,1),(993,'xtc',0,1),(994,'composite',0,1);
/*!40000 ALTER TABLE `phpbb_search_wordlist` ENABLE KEYS */;
UNLOCK TABLES;

--
-- Table structure for table `phpbb_search_wordmatch`
--

DROP TABLE IF EXISTS `phpbb_search_wordmatch`;
CREATE TABLE `phpbb_search_wordmatch` (
  `post_id` mediumint(8) unsigned NOT NULL default '0',
  `word_id` mediumint(8) unsigned NOT NULL default '0',
  `title_match` tinyint(1) unsigned NOT NULL default '0',
  UNIQUE KEY `unq_mtch` (`word_id`,`post_id`,`title_match`),
  KEY `word_id` (`word_id`),
  KEY `post_id` (`post_id`)
) ENGINE=MyISAM DEFAULT CHARSET=utf8 COLLATE=utf8_bin;

--
-- Dumping data for table `phpbb_search_wordmatch`
--

LOCK TABLES `phpbb_search_wordmatch` WRITE;
/*!40000 ALTER TABLE `phpbb_search_wordmatch` DISABLE KEYS */;
INSERT INTO `phpbb_search_wordmatch` VALUES (23,3,0),(31,3,0),(16,19,0),(15,23,0),(16,53,0),(16,54,0),(15,59,0),(14,60,0),(15,60,0),(18,60,0),(24,60,0),(25,60,0),(30,60,0),(31,60,0),(32,60,0),(37,60,0),(15,61,1),(12,62,1),(14,62,1),(15,62,1),(16,62,0),(18,62,0),(24,62,0),(34,62,0),(39,62,0),(40,62,0),(40,62,1),(41,62,0),(12,63,1),(15,63,0),(15,63,1),(19,63,0),(23,63,0),(24,63,0),(34,63,0),(39,64,0),(15,65,0),(23,65,0),(18,66,0),(19,66,0),(12,67,1),(23,67,0),(24,67,0),(25,67,0),(27,67,0),(28,67,0),(29,67,0),(39,67,0),(41,67,0),(12,69,0),(12,70,0),(23,71,0),(36,71,0),(12,72,0),(28,72,0),(29,72,0),(34,72,0),(36,72,0),(41,72,1),(12,73,0),(39,73,0),(39,73,1),(16,74,0),(28,74,0),(29,74,0),(12,76,0),(23,76,0),(24,76,0),(27,76,0),(27,76,1),(28,76,0),(28,76,1),(29,76,0),(29,76,1),(30,76,1),(32,76,1),(34,76,0),(35,76,0),(39,76,0),(12,77,0),(18,77,0),(19,77,0),(24,77,0),(25,77,0),(27,77,0),(28,77,0),(29,77,0),(37,77,0),(38,77,0),(39,77,0),(41,77,0),(12,79,0),(12,80,0),(18,80,0),(28,80,0),(29,80,0),(39,80,0),(39,80,1),(40,80,0),(41,80,0),(41,80,1),(12,81,1),(15,81,0),(19,81,0),(23,81,0),(31,81,0),(36,81,0),(37,81,0),(15,82,0),(23,82,0),(36,82,0),(38,82,0),(15,83,0),(16,83,0),(19,83,0),(23,83,0),(24,83,0),(27,83,0),(30,83,0),(31,83,0),(34,83,0),(35,83,0),(36,83,0),(37,83,0),(39,83,0),(36,84,0),(39,84,0),(14,85,0),(15,85,0),(16,85,0),(18,85,0),(19,85,0),(23,85,0),(24,85,0),(27,85,0),(30,85,0),(31,85,0),(34,85,0),(36,85,0),(37,85,0),(38,85,0),(41,85,0),(15,88,0),(12,89,0),(12,90,0),(14,90,0),(12,91,0),(18,92,0),(12,93,1),(15,93,0),(18,93,0),(19,93,0),(30,93,0),(31,93,0),(37,93,0),(12,94,1),(14,95,0),(16,95,0),(26,95,0),(40,95,0),(14,96,0),(26,96,0),(14,97,0),(15,97,0),(33,97,0),(39,97,0),(14,98,0),(31,98,0),(34,98,0),(14,99,0),(14,100,0),(14,101,0),(14,102,0),(14,103,0),(14,104,0),(14,105,0),(14,105,1),(14,106,0),(14,107,0),(14,108,0),(15,108,0),(14,109,0),(14,110,0),(14,110,1),(39,110,0),(14,111,0),(15,111,0),(18,111,0),(36,111,0),(14,112,0),(14,112,1),(14,113,0),(14,113,1),(14,114,0),(14,114,1),(14,115,0),(16,115,0),(16,115,1),(31,115,0),(36,115,0),(14,116,0),(14,117,0),(14,118,0),(14,119,0),(41,119,0),(14,120,0),(14,121,0),(28,121,0),(29,121,0),(14,122,0),(15,122,0),(16,122,0),(18,122,0),(19,122,0),(28,122,0),(29,122,0),(30,122,0),(36,122,0),(37,122,0),(38,122,0),(39,122,0),(14,123,0),(14,124,0),(34,124,0),(14,125,0),(14,126,0),(23,126,0),(14,127,0),(14,128,0),(15,128,0),(16,128,0),(18,128,0),(19,128,0),(23,128,0),(26,128,0),(26,128,1),(28,128,0),(29,128,0),(34,128,0),(36,128,0),(39,128,0),(14,129,0),(36,129,0),(14,130,0),(15,130,0),(28,130,0),(29,130,0),(39,130,0),(40,130,0),(14,131,0),(14,132,0),(14,133,0),(14,134,0),(15,134,0),(14,135,0),(14,136,0),(14,137,0),(36,137,0),(14,138,0),(16,138,0),(19,138,0),(14,139,0),(14,140,0),(15,140,0),(17,140,0),(18,140,0),(25,140,0),(26,140,0),(28,140,0),(29,140,0),(30,140,0),(33,140,0),(38,140,0),(40,140,0),(14,141,0),(15,141,0),(17,141,0),(18,141,0),(25,141,0),(26,141,0),(28,141,0),(29,141,0),(30,141,0),(38,141,0),(40,141,0),(14,142,0),(14,143,0),(15,143,0),(17,143,0),(18,143,0),(19,143,0),(25,143,0),(25,143,1),(26,143,0),(28,143,0),(29,143,0),(30,143,0),(33,143,0),(38,143,0),(38,143,1),(40,143,0),(14,144,0),(14,145,0),(14,146,0),(15,147,0),(15,148,0),(25,148,0),(25,148,1),(28,148,0),(29,148,0),(38,148,0),(38,148,1),(15,149,0),(15,150,0),(18,150,0),(19,150,0),(15,151,0),(19,151,0),(15,152,0),(19,152,0),(15,153,0),(15,154,0),(31,154,0),(15,155,0),(15,156,0),(15,157,0),(15,158,0),(15,159,0),(18,159,0),(15,160,0),(15,161,0),(15,162,0),(15,163,0),(15,164,0),(15,165,0),(34,165,0),(15,166,0),(15,167,0),(39,167,0),(15,168,0),(15,169,0),(15,170,0),(15,171,0),(15,172,0),(15,173,0),(15,174,0),(15,175,0),(15,176,0),(15,177,0),(15,178,0),(15,179,0),(15,180,0),(15,181,0),(36,181,0),(15,182,0),(15,183,0),(15,184,0),(15,185,0),(18,185,0),(23,185,0),(30,185,0),(35,185,0),(37,185,0),(39,185,0),(15,186,0),(15,187,0),(15,188,0),(15,189,0),(15,190,0),(15,191,0),(18,191,0),(15,192,0),(15,193,0),(15,194,0),(15,195,0),(16,195,0),(31,195,0),(15,196,0),(15,197,0),(15,198,0),(15,199,0),(15,200,0),(15,201,0),(15,202,0),(15,203,0),(15,204,0),(15,205,0),(37,205,0),(15,206,0),(15,207,0),(15,208,0),(15,209,0),(15,210,0),(34,210,0),(15,211,0),(15,212,0),(30,212,0),(15,213,0),(15,214,0),(15,215,0),(15,216,0),(15,217,0),(15,218,0),(15,219,0),(15,220,0),(15,221,0),(15,222,0),(15,223,0),(15,224,0),(18,224,0),(19,224,0),(23,224,0),(25,224,0),(26,224,0),(28,224,0),(29,224,0),(31,224,0),(35,224,0),(36,224,0),(36,224,1),(37,224,0),(37,224,1),(15,225,0),(29,225,0),(37,225,0),(40,225,0),(15,226,0),(18,226,0),(37,226,0),(15,227,0),(15,228,0),(15,229,0),(15,230,0),(15,231,0),(15,232,0),(15,233,0),(15,234,0),(15,235,0),(15,236,0),(15,237,0),(15,238,0),(15,239,0),(15,240,0),(15,241,0),(15,242,0),(15,243,0),(23,243,0),(35,243,0),(15,244,0),(16,244,0),(39,244,0),(15,245,0),(15,246,0),(15,247,0),(15,248,0),(36,248,0),(15,249,0),(15,250,0),(15,251,0),(35,251,0),(15,252,0),(15,253,0),(15,254,0),(15,255,0),(15,256,0),(15,257,0),(15,258,0),(15,259,0),(15,260,0),(15,261,0),(18,261,0),(15,262,0),(36,262,0),(38,262,0),(15,263,0),(15,264,0),(15,265,0),(15,266,0),(15,267,0),(15,268,0),(15,269,0),(15,270,0),(15,271,0),(15,272,0),(15,273,0),(15,274,0),(15,275,0),(15,276,0),(15,277,0),(15,278,0),(15,279,0),(25,279,0),(25,279,1),(38,279,0),(38,279,1),(15,280,0),(25,280,0),(25,280,1),(38,280,0),(38,280,1),(15,281,0),(15,282,0),(15,283,0),(15,284,0),(16,284,0),(15,285,0),(15,286,0),(15,287,0),(15,288,0),(15,289,0),(15,290,0),(15,291,0),(15,292,0),(15,293,0),(16,294,0),(16,294,1),(16,295,0),(16,295,1),(16,296,0),(16,296,1),(16,297,0),(26,297,0),(26,297,1),(16,298,0),(16,299,0),(16,300,0),(16,301,0),(16,302,0),(16,303,0),(16,304,0),(40,304,0),(16,305,0),(16,306,0),(18,306,0),(16,307,0),(24,307,0),(34,307,0),(35,307,0),(36,307,0),(16,308,0),(18,308,0),(36,308,0),(39,308,0),(40,308,0),(40,308,1),(41,308,0),(16,309,0),(16,310,0),(16,311,0),(16,312,0),(16,313,0),(16,314,0),(16,315,0),(16,316,0),(36,316,0),(16,317,0),(16,318,0),(16,319,0),(16,320,0),(16,321,0),(16,322,0),(32,322,0),(16,323,0),(19,323,0),(16,324,0),(16,325,0),(16,326,0),(16,327,0),(16,327,1),(26,327,0),(34,327,0),(41,327,0),(16,328,0),(16,329,0),(16,330,0),(37,330,0),(16,331,0),(16,332,0),(16,333,0),(16,334,0),(16,335,0),(16,336,0),(16,337,0),(16,338,0),(16,339,0),(16,340,0),(34,340,0),(16,341,0),(28,341,0),(29,341,0),(36,341,0),(16,342,0),(16,343,0),(16,344,0),(16,345,0),(16,346,0),(16,347,0),(16,348,0),(16,349,0),(16,350,0),(16,351,0),(16,352,0),(16,353,0),(16,354,0),(16,355,0),(16,356,0),(16,357,0),(39,357,0),(16,358,0),(16,359,0),(16,360,0),(16,361,0),(16,362,0),(17,363,0),(17,363,1),(28,363,0),(29,363,0),(17,364,0),(17,364,1),(17,365,0),(36,365,0),(17,366,0),(17,367,0),(17,368,0),(18,368,0),(17,369,0),(18,369,0),(17,370,0),(17,371,0),(18,372,0),(32,372,0),(18,373,0),(36,373,0),(37,373,0),(18,374,0),(18,374,1),(38,374,0),(18,375,0),(18,375,1),(38,375,0),(18,376,0),(18,377,0),(19,377,0),(18,378,0),(18,379,0),(18,380,0),(36,380,0),(18,381,0),(18,382,0),(18,383,0),(28,383,0),(29,383,0),(18,384,0),(19,384,0),(31,384,0),(18,385,0),(23,385,0),(33,385,0),(33,385,1),(18,386,0),(18,387,0),(26,387,0),(28,387,0),(29,387,0),(18,388,0),(18,389,0),(18,390,0),(18,391,0),(28,391,0),(29,391,0),(18,392,0),(19,392,0),(18,393,0),(18,394,0),(18,395,0),(18,396,0),(18,397,0),(18,398,0),(30,398,0),(34,398,0),(18,399,0),(36,399,0),(39,399,0),(18,400,0),(18,401,0),(23,401,0),(18,402,0),(28,402,0),(29,402,0),(18,403,0),(18,404,0),(18,405,0),(23,405,0),(18,406,0),(23,406,0),(28,406,0),(29,406,0),(31,406,0),(37,406,0),(40,406,0),(40,406,1),(18,407,0),(19,408,0),(19,409,0),(19,410,0),(19,411,0),(35,411,0),(36,411,0),(37,411,0),(38,411,0),(19,412,0),(36,412,0),(19,413,0),(19,414,0),(19,415,0),(19,416,0),(19,417,0),(19,418,0),(19,419,0),(19,420,0),(19,421,0),(19,422,0),(19,423,0),(19,424,0),(19,425,0),(19,426,0),(19,427,0),(31,427,0),(36,427,0),(39,427,0),(19,428,0),(31,428,0),(19,429,0),(19,430,0),(19,431,0),(19,432,0),(19,433,0),(19,434,0),(19,435,0),(19,436,0),(19,437,0),(19,438,0),(19,439,0),(19,440,0),(19,440,1),(19,441,0),(19,442,1),(28,451,0),(29,451,0),(29,455,0),(36,455,0),(23,456,0),(31,456,0),(36,456,0),(24,459,0),(23,471,0),(23,472,0),(23,473,0),(28,473,0),(29,473,0),(23,474,0),(39,474,0),(23,475,0),(23,476,0),(31,476,0),(23,477,0),(23,478,0),(23,479,0),(23,480,0),(35,480,0),(23,481,0),(23,482,0),(23,483,0),(35,483,0),(23,484,0),(23,485,0),(36,485,0),(23,486,0),(24,486,0),(33,486,0),(34,486,0),(23,487,0),(34,487,0),(35,487,0),(23,488,0),(23,489,0),(23,490,0),(23,491,0),(31,491,0),(36,491,0),(41,491,0),(23,492,0),(32,492,0),(36,492,0),(23,493,0),(23,494,0),(23,495,0),(23,496,0),(23,497,0),(23,498,0),(36,498,0),(23,499,1),(24,499,1),(31,499,1),(34,499,1),(35,499,1),(24,500,0),(24,501,0),(24,502,0),(24,503,0),(24,504,0),(36,504,0),(24,505,0),(24,506,0),(24,507,0),(27,507,0),(34,507,0),(24,508,0),(24,509,0),(34,509,0),(24,510,0),(31,510,0),(35,510,0),(24,511,0),(24,512,0),(34,512,0),(35,512,0),(25,513,0),(25,514,0),(25,515,0),(25,516,0),(38,516,0),(25,517,1),(38,517,1),(26,518,0),(26,518,1),(26,519,0),(26,519,1),(26,520,0),(26,520,1),(26,521,0),(26,522,0),(26,522,1),(26,523,0),(26,524,0),(26,525,0),(26,526,0),(26,526,1),(26,527,0),(26,528,0),(26,529,0),(26,530,0),(26,531,0),(26,532,0),(26,533,0),(28,533,0),(29,533,0),(26,534,0),(26,535,1),(27,536,0),(27,537,0),(41,537,0),(27,538,0),(27,538,1),(28,538,1),(29,538,1),(30,538,1),(32,538,1),(27,539,0),(27,539,1),(28,539,1),(29,539,1),(30,539,1),(32,539,1),(33,539,0),(27,540,0),(37,540,0),(27,541,0),(27,541,1),(28,541,1),(29,541,1),(30,541,0),(30,541,1),(32,541,1),(27,542,0),(27,542,1),(28,542,0),(28,542,1),(29,542,0),(29,542,1),(30,542,0),(30,542,1),(32,542,1),(36,542,0),(37,542,0),(41,542,0),(27,543,0),(27,544,0),(27,545,0),(27,546,0),(27,547,0),(27,548,0),(27,549,0),(27,550,1),(28,550,1),(29,550,1),(30,550,1),(32,550,1),(28,551,0),(29,551,0),(28,552,0),(29,552,0),(28,553,0),(29,553,0),(28,554,0),(29,554,0),(28,555,0),(29,555,0),(38,555,0),(28,556,0),(29,556,0),(28,557,0),(29,557,0),(36,557,0),(28,558,0),(29,558,0),(28,559,0),(29,559,0),(28,560,0),(29,560,0),(36,560,0),(39,560,0),(28,561,0),(29,561,0),(39,561,0),(28,562,0),(29,562,0),(28,563,0),(29,563,0),(37,563,0),(39,563,0),(28,564,0),(29,564,0),(36,564,0),(39,564,0),(28,565,0),(29,565,0),(28,566,0),(29,566,0),(28,567,0),(29,567,0),(28,568,0),(29,568,0),(28,569,0),(29,569,0),(28,570,0),(29,570,0),(37,570,0),(28,571,0),(29,571,0),(28,572,0),(29,572,0),(28,573,0),(29,573,0),(38,573,0),(28,574,0),(29,574,0),(34,574,0),(38,574,0),(28,575,0),(29,575,0),(28,576,0),(29,576,0),(28,577,0),(29,577,0),(28,578,0),(29,578,0),(28,579,0),(29,579,0),(28,580,0),(29,580,0),(28,581,0),(29,581,0),(28,582,0),(29,582,0),(28,583,0),(29,583,0),(38,583,0),(28,584,0),(29,584,0),(28,585,0),(29,585,0),(30,585,0),(28,586,0),(29,586,0),(28,587,0),(29,587,0),(28,588,0),(29,588,0),(28,589,0),(29,589,0),(28,590,0),(29,590,0),(28,591,0),(29,591,0),(28,592,0),(29,592,0),(28,593,0),(29,593,0),(28,594,0),(29,594,0),(28,595,0),(29,595,0),(28,596,0),(29,596,0),(28,597,0),(29,597,0),(28,598,0),(29,598,0),(28,599,0),(29,599,0),(28,600,0),(29,600,0),(28,601,0),(29,601,0),(28,602,0),(29,602,0),(38,602,0),(28,603,0),(29,603,0),(39,603,0),(28,604,0),(29,604,0),(28,605,0),(29,605,0),(38,605,0),(28,606,0),(29,606,0),(28,607,0),(29,607,0),(28,608,0),(29,608,0),(28,609,0),(29,609,0),(38,609,0),(28,610,0),(29,610,0),(28,611,0),(29,611,0),(28,612,0),(29,612,0),(28,613,0),(29,613,0),(28,614,0),(29,614,0),(28,615,0),(29,615,0),(28,616,0),(29,616,0),(28,617,0),(29,617,0),(28,618,0),(29,618,0),(28,619,0),(29,619,0),(28,620,0),(29,620,0),(28,621,0),(29,621,0),(28,622,0),(29,622,0),(28,623,0),(29,623,0),(28,624,0),(29,624,0),(28,625,0),(29,625,0),(38,625,0),(28,626,0),(29,626,0),(28,627,0),(29,627,0),(28,628,0),(29,628,0),(28,629,0),(29,629,0),(28,630,0),(29,630,0),(28,631,0),(29,631,0),(28,632,0),(29,632,0),(28,633,0),(29,633,0),(28,634,0),(29,634,0),(28,635,0),(29,635,0),(29,636,0),(29,637,0),(29,638,0),(36,638,0),(30,639,0),(30,640,0),(30,641,0),(32,641,0),(30,642,0),(30,643,0),(32,643,0),(36,643,0),(39,643,1),(30,644,0),(32,644,0),(36,644,0),(39,644,1),(30,645,0),(30,646,0),(36,646,0),(30,648,0),(30,649,0),(30,650,0),(30,651,0),(30,652,0),(36,652,0),(39,652,0),(31,653,0),(31,654,0),(31,655,0),(31,656,0),(31,657,0),(31,658,0),(31,659,0),(31,660,0),(31,661,0),(31,662,0),(31,663,0),(31,664,0),(31,665,0),(31,666,0),(31,667,0),(31,668,0),(32,669,0),(35,669,0),(32,670,0),(32,671,0),(32,672,0),(36,672,0),(32,673,0),(32,674,0),(36,674,0),(41,674,0),(33,675,0),(36,675,0),(33,676,0),(33,677,0),(33,678,0),(33,679,0),(33,680,0),(33,681,1),(33,682,1),(34,683,0),(34,684,0),(34,685,0),(34,686,0),(34,687,0),(34,688,0),(34,689,0),(34,690,0),(34,691,0),(34,692,0),(37,692,0),(34,693,0),(34,694,0),(34,695,0),(34,696,0),(34,697,0),(34,698,0),(34,699,0),(34,700,0),(34,701,0),(34,702,0),(34,703,0),(34,704,0),(34,705,0),(34,706,0),(34,707,0),(39,707,0),(34,708,0),(34,709,0),(34,710,0),(34,711,0),(34,712,0),(34,713,0),(34,714,0),(34,715,0),(34,716,0),(34,717,0),(35,718,0),(35,719,0),(35,720,0),(35,721,0),(35,722,0),(35,723,0),(36,723,0),(37,723,0),(35,724,0),(35,725,0),(35,726,0),(35,727,0),(35,728,0),(35,729,0),(36,729,0),(35,730,0),(35,731,0),(35,732,0),(35,733,0),(35,734,0),(35,735,0),(35,736,0),(35,737,0),(35,738,0),(35,739,0),(35,740,0),(35,741,0),(35,742,0),(36,743,0),(36,744,0),(36,745,0),(36,746,0),(36,747,0),(36,748,0),(37,748,0),(36,749,0),(36,750,0),(36,751,0),(36,752,0),(36,753,0),(36,754,0),(36,755,0),(36,756,0),(36,757,0),(36,758,0),(36,759,0),(36,760,0),(36,761,0),(36,762,0),(36,763,0),(36,764,0),(39,764,0),(36,765,0),(37,765,0),(36,766,0),(39,766,0),(36,767,0),(39,767,0),(36,768,0),(36,769,0),(37,769,0),(39,769,0),(36,770,0),(36,771,0),(36,772,0),(36,773,0),(36,774,0),(36,775,0),(37,775,0),(39,775,0),(36,776,0),(37,776,0),(39,776,0),(36,777,0),(37,777,0),(39,777,0),(36,778,0),(36,779,0),(36,780,0),(36,781,0),(39,781,0),(36,782,0),(36,783,0),(36,784,0),(36,785,0),(36,786,0),(36,787,0),(36,788,0),(36,789,0),(36,790,0),(36,791,0),(36,792,0),(36,793,0),(36,794,0),(39,794,0),(36,795,0),(36,796,0),(36,797,0),(36,798,0),(36,799,0),(36,800,0),(36,801,0),(36,802,0),(36,803,0),(36,804,0),(36,805,0),(36,806,0),(36,807,0),(36,808,0),(36,809,0),(36,810,0),(39,810,0),(36,811,0),(36,812,0),(36,813,0),(36,814,0),(36,815,0),(36,816,0),(36,817,0),(36,818,0),(36,819,0),(36,820,0),(36,821,0),(36,822,0),(36,823,0),(36,824,0),(36,825,0),(36,826,0),(36,827,0),(37,827,0),(36,828,0),(36,829,0),(36,830,0),(36,831,0),(36,832,1),(37,832,0),(37,832,1),(37,833,0),(39,833,1),(37,834,0),(37,835,0),(37,836,0),(37,837,0),(37,838,0),(37,839,0),(37,840,0),(37,841,0),(37,842,0),(37,843,0),(37,844,0),(37,845,0),(37,846,0),(37,847,0),(37,848,0),(37,849,0),(37,850,0),(37,851,0),(37,852,0),(37,853,0),(37,854,0),(37,855,0),(37,856,0),(37,857,0),(37,858,0),(37,859,0),(38,860,0),(38,861,0),(38,862,0),(38,863,0),(38,864,0),(38,865,0),(38,866,0),(38,867,0),(38,868,0),(38,869,0),(38,870,0),(38,871,0),(38,872,0),(38,873,0),(38,874,0),(38,875,0),(38,876,0),(38,877,0),(38,878,0),(38,879,0),(39,880,0),(39,881,0),(39,882,0),(39,883,0),(39,884,0),(39,885,0),(39,886,0),(39,887,0),(39,888,0),(39,889,0),(39,890,0),(39,891,0),(39,892,0),(39,893,0),(39,894,0),(39,895,0),(39,896,0),(39,897,0),(39,898,0),(39,899,0),(39,900,0),(39,901,0),(39,902,0),(39,903,0),(39,904,0),(39,905,0),(39,906,0),(39,907,0),(39,908,0),(39,909,0),(39,910,0),(39,911,0),(39,912,0),(39,913,0),(39,914,0),(39,915,0),(39,916,0),(39,917,0),(39,918,0),(39,919,0),(39,920,0),(39,921,0),(39,922,0),(39,923,0),(39,924,0),(39,925,0),(39,926,0),(39,927,0),(39,928,0),(39,929,0),(39,930,0),(39,931,0),(39,932,0),(39,933,0),(39,934,0),(39,935,0),(39,936,0),(39,937,0),(39,938,0),(39,939,0),(39,940,0),(39,941,0),(39,942,0),(39,943,0),(39,944,0),(39,945,0),(39,946,0),(39,947,0),(39,951,0),(39,952,0),(39,953,0),(39,954,0),(39,955,0),(39,956,0),(39,957,0),(39,958,0),(39,961,0),(39,962,0),(39,963,1),(40,964,0),(40,964,1),(40,965,0),(40,966,0),(40,967,0),(40,968,0),(40,969,0),(40,970,0),(40,971,0),(40,972,0),(40,972,1),(40,973,0),(40,973,1),(40,974,0),(40,975,0),(40,976,0),(40,977,0),(40,978,0),(40,979,0),(40,980,0),(40,981,0),(40,982,0),(40,983,0),(40,984,0),(41,985,0),(41,986,0),(41,986,1),(41,987,0),(41,988,0),(41,989,0),(41,990,0),(41,991,0),(41,992,1),(41,993,1),(41,994,1);
/*!40000 ALTER TABLE `phpbb_search_wordmatch` ENABLE KEYS */;
UNLOCK TABLES;

--
-- Table structure for table `phpbb_sessions`
--

DROP TABLE IF EXISTS `phpbb_sessions`;
CREATE TABLE `phpbb_sessions` (
  `session_id` char(32) collate utf8_bin NOT NULL default '',
  `session_user_id` mediumint(8) unsigned NOT NULL default '0',
  `session_forum_id` mediumint(8) unsigned NOT NULL default '0',
  `session_last_visit` int(11) unsigned NOT NULL default '0',
  `session_start` int(11) unsigned NOT NULL default '0',
  `session_time` int(11) unsigned NOT NULL default '0',
  `session_ip` varchar(40) collate utf8_bin NOT NULL default '',
  `session_browser` varchar(150) collate utf8_bin NOT NULL default '',
  `session_forwarded_for` varchar(255) collate utf8_bin NOT NULL default '',
  `session_page` varchar(255) collate utf8_bin NOT NULL default '',
  `session_viewonline` tinyint(1) unsigned NOT NULL default '1',
  `session_autologin` tinyint(1) unsigned NOT NULL default '0',
  `session_admin` tinyint(1) unsigned NOT NULL default '0',
  PRIMARY KEY  (`session_id`),
  KEY `session_time` (`session_time`),
  KEY `session_user_id` (`session_user_id`),
  KEY `session_fid` (`session_forum_id`)
) ENGINE=MyISAM DEFAULT CHARSET=utf8 COLLATE=utf8_bin;

--
-- Dumping data for table `phpbb_sessions`
--

LOCK TABLES `phpbb_sessions` WRITE;
/*!40000 ALTER TABLE `phpbb_sessions` DISABLE KEYS */;
INSERT INTO `phpbb_sessions` VALUES ('dd806e7e712f3a74bda5310b649d8a4a',1,0,1354882992,1354882992,1354882992,'82.159.104.78','Mozilla/5.0 (X11; Ubuntu; Linux i686; rv:17.0) Gecko/20100101 Firefox/17.0','','ucp.php?mode=logout',1,0,0),('123d1d40be99ecb12b6176011f6d25f9',1,0,1354882992,1354882992,1354884140,'82.159.104.78','Mozilla/5.0 (X11; Ubuntu; Linux i686; rv:17.0) Gecko/20100101 Firefox/17.0','','memberlist.php?mode=viewprofile&u=60',1,0,0),('c4d11be3aab6bcf197dcd1e2ba26d826',1,84,1354881245,1354881245,1354881245,'173.199.120.43','Mozilla/5.0 (compatible; AhrefsBot/4.0; +http://ahrefs.com/robot/)','','posting.php?mode=post&f=84',1,0,0),('8e712fe337ab687737cc0f44c0a4c550',1,67,1354879971,1354879971,1354879971,'173.199.120.43','Mozilla/5.0 (compatible; AhrefsBot/4.0; +http://ahrefs.com/robot/)','','posting.php?mode=post&f=67',1,0,0),('343cd8f70dc74d65667ae42779d715aa',1,25,1354880728,1354880728,1354880728,'173.199.120.43','Mozilla/5.0 (compatible; AhrefsBot/4.0; +http://ahrefs.com/robot/)','','posting.php?mode=post&f=25',1,0,0),('2606c2a6e31f24fe102bf2f0e5d8ccb2',1,6,1354880607,1354880607,1354880607,'173.199.120.43','Mozilla/5.0 (compatible; AhrefsBot/4.0; +http://ahrefs.com/robot/)','','viewforum.php?f=6',1,0,0),('7b3f8c39baaa29cc5e59c42ce39387de',1,62,1354881901,1354881901,1354881901,'173.199.120.43','Mozilla/5.0 (compatible; AhrefsBot/4.0; +http://ahrefs.com/robot/)','','posting.php?mode=post&f=62',1,0,0),('edd033d4b7b96bd3f7f21bf53c0ddf55',1,0,1354884443,1354884443,1354884443,'82.159.104.78','Mozilla/5.0 (X11; Ubuntu; Linux i686; rv:17.0) Gecko/20100101 Firefox/17.0','','ucp.php?mode=delete_cookies&confirm_key=11MSO0FJEL',1,0,0),('ccf489f2d3cf974cf32e7125c30684ca',1,0,1354884615,1354884615,1354884615,'82.159.104.78','Mozilla/5.0 (X11; Ubuntu; Linux i686; rv:17.0) Gecko/20100101 Firefox/17.0','','ucp.php?mode=delete_cookies&confirm_key=74AJABAXCP',1,0,0),('ae8567bc5b70894a67f62f4e8db9aa69',61,0,1354884613,1354884621,1354884927,'82.159.104.78','Mozilla/5.0 (X11; Ubuntu; Linux i686; rv:17.0) Gecko/20100101 Firefox/17.0','','ucp.php',1,0,0),('4709e4020da7fed291fa8a12246e18bf',1,29,1354885374,1354885374,1354885374,'180.76.5.48','Mozilla/5.0 (compatible; Baiduspider/2.0; +http://www.baidu.com/search/spider.html)','','viewtopic.php?f=29&p=26',1,0,0),('e7bac5038d17f647f9e184ec89d43813',55,0,1354823726,1354869829,1354884972,'82.159.104.78','Mozilla/5.0 (X11; Linux i686) AppleWebKit/537.21 (KHTML, like Gecko) Chrome/25.0.1348.0 Safari/537.21','','adm/index.php?i=9',1,0,1),('ebc5710bb57b110110d4fc39796f3d10',1,65,1354884186,1354884186,1354884186,'173.199.120.43','Mozilla/5.0 (compatible; AhrefsBot/4.0; +http://ahrefs.com/robot/)','','posting.php?mode=post&f=65',1,0,0),('0b7234265b1a02b75253632fba1243d1',1,70,1354883406,1354883406,1354883406,'173.199.120.43','Mozilla/5.0 (compatible; AhrefsBot/4.0; +http://ahrefs.com/robot/)','','posting.php?mode=post&f=70',1,0,0),('323d9afa638e0a12ebc8f194c56e6331',1,74,1354883419,1354883419,1354883419,'173.199.120.43','Mozilla/5.0 (compatible; AhrefsBot/4.0; +http://ahrefs.com/robot/)','','posting.php?mode=post&f=74',1,0,0);
/*!40000 ALTER TABLE `phpbb_sessions` ENABLE KEYS */;
UNLOCK TABLES;

--
-- Table structure for table `phpbb_sessions_keys`
--

DROP TABLE IF EXISTS `phpbb_sessions_keys`;
CREATE TABLE `phpbb_sessions_keys` (
  `key_id` char(32) collate utf8_bin NOT NULL default '',
  `user_id` mediumint(8) unsigned NOT NULL default '0',
  `last_ip` varchar(40) collate utf8_bin NOT NULL default '',
  `last_login` int(11) unsigned NOT NULL default '0',
  PRIMARY KEY  (`key_id`,`user_id`),
  KEY `last_login` (`last_login`)
) ENGINE=MyISAM DEFAULT CHARSET=utf8 COLLATE=utf8_bin;

--
-- Dumping data for table `phpbb_sessions_keys`
--

LOCK TABLES `phpbb_sessions_keys` WRITE;
/*!40000 ALTER TABLE `phpbb_sessions_keys` DISABLE KEYS */;
INSERT INTO `phpbb_sessions_keys` VALUES ('b52a994eb884d512f941bdaa36555f16',57,'213.37.208.128',1353648938),('e4697cfbf08e3b3a1f259700f88e97a2',58,'79.146.22.177',1353660156),('2213cc0a514a2e0da8c39a299f922f27',59,'46.25.240.138',1353964792),('c93b53773ee09eff04cc6fb76f7cb66b',62,'83.33.43.222',1354660328);
/*!40000 ALTER TABLE `phpbb_sessions_keys` ENABLE KEYS */;
UNLOCK TABLES;

--
-- Table structure for table `phpbb_sitelist`
--

DROP TABLE IF EXISTS `phpbb_sitelist`;
CREATE TABLE `phpbb_sitelist` (
  `site_id` mediumint(8) unsigned NOT NULL auto_increment,
  `site_ip` varchar(40) collate utf8_bin NOT NULL default '',
  `site_hostname` varchar(255) collate utf8_bin NOT NULL default '',
  `ip_exclude` tinyint(1) unsigned NOT NULL default '0',
  PRIMARY KEY  (`site_id`)
) ENGINE=MyISAM DEFAULT CHARSET=utf8 COLLATE=utf8_bin;

--
-- Dumping data for table `phpbb_sitelist`
--

LOCK TABLES `phpbb_sitelist` WRITE;
/*!40000 ALTER TABLE `phpbb_sitelist` DISABLE KEYS */;
/*!40000 ALTER TABLE `phpbb_sitelist` ENABLE KEYS */;
UNLOCK TABLES;

--
-- Table structure for table `phpbb_smilies`
--

DROP TABLE IF EXISTS `phpbb_smilies`;
CREATE TABLE `phpbb_smilies` (
  `smiley_id` mediumint(8) unsigned NOT NULL auto_increment,
  `code` varchar(50) collate utf8_bin NOT NULL default '',
  `emotion` varchar(50) collate utf8_bin NOT NULL default '',
  `smiley_url` varchar(50) collate utf8_bin NOT NULL default '',
  `smiley_width` smallint(4) unsigned NOT NULL default '0',
  `smiley_height` smallint(4) unsigned NOT NULL default '0',
  `smiley_order` mediumint(8) unsigned NOT NULL default '0',
  `display_on_posting` tinyint(1) unsigned NOT NULL default '1',
  PRIMARY KEY  (`smiley_id`),
  KEY `display_on_post` (`display_on_posting`)
) ENGINE=MyISAM AUTO_INCREMENT=43 DEFAULT CHARSET=utf8 COLLATE=utf8_bin;

--
-- Dumping data for table `phpbb_smilies`
--

LOCK TABLES `phpbb_smilies` WRITE;
/*!40000 ALTER TABLE `phpbb_smilies` DISABLE KEYS */;
INSERT INTO `phpbb_smilies` VALUES (1,':D','Very Happy','icon_e_biggrin.gif',15,17,1,1),(2,':-D','Very Happy','icon_e_biggrin.gif',15,17,2,1),(3,':grin:','Very Happy','icon_e_biggrin.gif',15,17,3,1),(4,':)','Smile','icon_e_smile.gif',15,17,4,1),(5,':-)','Smile','icon_e_smile.gif',15,17,5,1),(6,':smile:','Smile','icon_e_smile.gif',15,17,6,1),(7,';)','Wink','icon_e_wink.gif',15,17,7,1),(8,';-)','Wink','icon_e_wink.gif',15,17,8,1),(9,':wink:','Wink','icon_e_wink.gif',15,17,9,1),(10,':(','Sad','icon_e_sad.gif',15,17,10,1),(11,':-(','Sad','icon_e_sad.gif',15,17,11,1),(12,':sad:','Sad','icon_e_sad.gif',15,17,12,1),(13,':o','Surprised','icon_e_surprised.gif',15,17,13,1),(14,':-o','Surprised','icon_e_surprised.gif',15,17,14,1),(15,':eek:','Surprised','icon_e_surprised.gif',15,17,15,1),(16,':shock:','Shocked','icon_eek.gif',15,17,16,1),(17,':?','Confused','icon_e_confused.gif',15,17,17,1),(18,':-?','Confused','icon_e_confused.gif',15,17,18,1),(19,':???:','Confused','icon_e_confused.gif',15,17,19,1),(20,'8-)','Cool','icon_cool.gif',15,17,20,1),(21,':cool:','Cool','icon_cool.gif',15,17,21,1),(22,':lol:','Laughing','icon_lol.gif',15,17,22,1),(23,':x','Mad','icon_mad.gif',15,17,23,1),(24,':-x','Mad','icon_mad.gif',15,17,24,1),(25,':mad:','Mad','icon_mad.gif',15,17,25,1),(26,':P','Razz','icon_razz.gif',15,17,26,1),(27,':-P','Razz','icon_razz.gif',15,17,27,1),(28,':razz:','Razz','icon_razz.gif',15,17,28,1),(29,':oops:','Embarrassed','icon_redface.gif',15,17,29,1),(30,':cry:','Crying or Very Sad','icon_cry.gif',15,17,30,1),(31,':evil:','Evil or Very Mad','icon_evil.gif',15,17,31,1),(32,':twisted:','Twisted Evil','icon_twisted.gif',15,17,32,1),(33,':roll:','Rolling Eyes','icon_rolleyes.gif',15,17,33,1),(34,':!:','Exclamation','icon_exclaim.gif',15,17,34,1),(35,':?:','Question','icon_question.gif',15,17,35,1),(36,':idea:','Idea','icon_idea.gif',15,17,36,1),(37,':arrow:','Arrow','icon_arrow.gif',15,17,37,1),(38,':|','Neutral','icon_neutral.gif',15,17,38,1),(39,':-|','Neutral','icon_neutral.gif',15,17,39,1),(40,':mrgreen:','Mr. Green','icon_mrgreen.gif',15,17,40,1),(41,':geek:','Geek','icon_e_geek.gif',17,17,41,1),(42,':ugeek:','Uber Geek','icon_e_ugeek.gif',17,18,42,1);
/*!40000 ALTER TABLE `phpbb_smilies` ENABLE KEYS */;
UNLOCK TABLES;

--
-- Table structure for table `phpbb_styles`
--

DROP TABLE IF EXISTS `phpbb_styles`;
CREATE TABLE `phpbb_styles` (
  `style_id` mediumint(8) unsigned NOT NULL auto_increment,
  `style_name` varchar(255) collate utf8_bin NOT NULL default '',
  `style_copyright` varchar(255) collate utf8_bin NOT NULL default '',
  `style_active` tinyint(1) unsigned NOT NULL default '1',
  `template_id` mediumint(8) unsigned NOT NULL default '0',
  `theme_id` mediumint(8) unsigned NOT NULL default '0',
  `imageset_id` mediumint(8) unsigned NOT NULL default '0',
  PRIMARY KEY  (`style_id`),
  UNIQUE KEY `style_name` (`style_name`),
  KEY `template_id` (`template_id`),
  KEY `theme_id` (`theme_id`),
  KEY `imageset_id` (`imageset_id`)
) ENGINE=MyISAM AUTO_INCREMENT=6 DEFAULT CHARSET=utf8 COLLATE=utf8_bin;

--
-- Dumping data for table `phpbb_styles`
--

LOCK TABLES `phpbb_styles` WRITE;
/*!40000 ALTER TABLE `phpbb_styles` DISABLE KEYS */;
INSERT INTO `phpbb_styles` VALUES (1,'prosilver','&copy; phpBB Group',1,1,1,1),(2,'subsilver2','&copy; 2005 phpBB Group',1,2,2,2),(3,'xand3','&copy; StylerBB.net, 2008',1,3,3,3),(4,'ExtremeDark Red','&copy; Vinny',1,4,4,4),(5,'Milky Way','Mighty Gorgon © 2012',1,5,5,5);
/*!40000 ALTER TABLE `phpbb_styles` ENABLE KEYS */;
UNLOCK TABLES;

--
-- Table structure for table `phpbb_styles_imageset`
--

DROP TABLE IF EXISTS `phpbb_styles_imageset`;
CREATE TABLE `phpbb_styles_imageset` (
  `imageset_id` mediumint(8) unsigned NOT NULL auto_increment,
  `imageset_name` varchar(255) collate utf8_bin NOT NULL default '',
  `imageset_copyright` varchar(255) collate utf8_bin NOT NULL default '',
  `imageset_path` varchar(100) collate utf8_bin NOT NULL default '',
  PRIMARY KEY  (`imageset_id`),
  UNIQUE KEY `imgset_nm` (`imageset_name`)
) ENGINE=MyISAM AUTO_INCREMENT=6 DEFAULT CHARSET=utf8 COLLATE=utf8_bin;

--
-- Dumping data for table `phpbb_styles_imageset`
--

LOCK TABLES `phpbb_styles_imageset` WRITE;
/*!40000 ALTER TABLE `phpbb_styles_imageset` DISABLE KEYS */;
INSERT INTO `phpbb_styles_imageset` VALUES (1,'prosilver','&copy; phpBB Group','prosilver'),(2,'subsilver2','&copy; phpBB Group, 2003','subsilver2'),(3,'xand3','&copy; StylerBB.net, 2008','xand'),(4,'ExtremeDark Red','&copy; Vinny','extremedarkred'),(5,'Milky Way','Mighty Gorgon &copy; 2012','milky_way');
/*!40000 ALTER TABLE `phpbb_styles_imageset` ENABLE KEYS */;
UNLOCK TABLES;

--
-- Table structure for table `phpbb_styles_imageset_data`
--

DROP TABLE IF EXISTS `phpbb_styles_imageset_data`;
CREATE TABLE `phpbb_styles_imageset_data` (
  `image_id` mediumint(8) unsigned NOT NULL auto_increment,
  `image_name` varchar(200) collate utf8_bin NOT NULL default '',
  `image_filename` varchar(200) collate utf8_bin NOT NULL default '',
  `image_lang` varchar(30) collate utf8_bin NOT NULL default '',
  `image_height` smallint(4) unsigned NOT NULL default '0',
  `image_width` smallint(4) unsigned NOT NULL default '0',
  `imageset_id` mediumint(8) unsigned NOT NULL default '0',
  PRIMARY KEY  (`image_id`),
  KEY `i_d` (`imageset_id`)
) ENGINE=MyISAM AUTO_INCREMENT=447 DEFAULT CHARSET=utf8 COLLATE=utf8_bin;

--
-- Dumping data for table `phpbb_styles_imageset_data`
--

LOCK TABLES `phpbb_styles_imageset_data` WRITE;
/*!40000 ALTER TABLE `phpbb_styles_imageset_data` DISABLE KEYS */;
INSERT INTO `phpbb_styles_imageset_data` VALUES (1,'site_logo','site_logo.gif','',52,139,1),(2,'forum_link','forum_link.gif','',27,27,1),(3,'forum_read','forum_read.gif','',27,27,1),(4,'forum_read_locked','forum_read_locked.gif','',27,27,1),(5,'forum_read_subforum','forum_read_subforum.gif','',27,27,1),(6,'forum_unread','forum_unread.gif','',27,27,1),(7,'forum_unread_locked','forum_unread_locked.gif','',27,27,1),(8,'forum_unread_subforum','forum_unread_subforum.gif','',27,27,1),(9,'topic_moved','topic_moved.gif','',27,27,1),(10,'topic_read','topic_read.gif','',27,27,1),(11,'topic_read_mine','topic_read_mine.gif','',27,27,1),(12,'topic_read_hot','topic_read_hot.gif','',27,27,1),(13,'topic_read_hot_mine','topic_read_hot_mine.gif','',27,27,1),(14,'topic_read_locked','topic_read_locked.gif','',27,27,1),(15,'topic_read_locked_mine','topic_read_locked_mine.gif','',27,27,1),(16,'topic_unread','topic_unread.gif','',27,27,1),(17,'topic_unread_mine','topic_unread_mine.gif','',27,27,1),(18,'topic_unread_hot','topic_unread_hot.gif','',27,27,1),(19,'topic_unread_hot_mine','topic_unread_hot_mine.gif','',27,27,1),(20,'topic_unread_locked','topic_unread_locked.gif','',27,27,1),(21,'topic_unread_locked_mine','topic_unread_locked_mine.gif','',27,27,1),(22,'sticky_read','sticky_read.gif','',27,27,1),(23,'sticky_read_mine','sticky_read_mine.gif','',27,27,1),(24,'sticky_read_locked','sticky_read_locked.gif','',27,27,1),(25,'sticky_read_locked_mine','sticky_read_locked_mine.gif','',27,27,1),(26,'sticky_unread','sticky_unread.gif','',27,27,1),(27,'sticky_unread_mine','sticky_unread_mine.gif','',27,27,1),(28,'sticky_unread_locked','sticky_unread_locked.gif','',27,27,1),(29,'sticky_unread_locked_mine','sticky_unread_locked_mine.gif','',27,27,1),(30,'announce_read','announce_read.gif','',27,27,1),(31,'announce_read_mine','announce_read_mine.gif','',27,27,1),(32,'announce_read_locked','announce_read_locked.gif','',27,27,1),(33,'announce_read_locked_mine','announce_read_locked_mine.gif','',27,27,1),(34,'announce_unread','announce_unread.gif','',27,27,1),(35,'announce_unread_mine','announce_unread_mine.gif','',27,27,1),(36,'announce_unread_locked','announce_unread_locked.gif','',27,27,1),(37,'announce_unread_locked_mine','announce_unread_locked_mine.gif','',27,27,1),(38,'global_read','announce_read.gif','',27,27,1),(39,'global_read_mine','announce_read_mine.gif','',27,27,1),(40,'global_read_locked','announce_read_locked.gif','',27,27,1),(41,'global_read_locked_mine','announce_read_locked_mine.gif','',27,27,1),(42,'global_unread','announce_unread.gif','',27,27,1),(43,'global_unread_mine','announce_unread_mine.gif','',27,27,1),(44,'global_unread_locked','announce_unread_locked.gif','',27,27,1),(45,'global_unread_locked_mine','announce_unread_locked_mine.gif','',27,27,1),(46,'pm_read','topic_read.gif','',27,27,1),(47,'pm_unread','topic_unread.gif','',27,27,1),(48,'icon_back_top','icon_back_top.gif','',11,11,1),(49,'icon_contact_aim','icon_contact_aim.gif','',20,20,1),(50,'icon_contact_email','icon_contact_email.gif','',20,20,1),(51,'icon_contact_icq','icon_contact_icq.gif','',20,20,1),(52,'icon_contact_jabber','icon_contact_jabber.gif','',20,20,1),(53,'icon_contact_msnm','icon_contact_msnm.gif','',20,20,1),(54,'icon_contact_www','icon_contact_www.gif','',20,20,1),(55,'icon_contact_yahoo','icon_contact_yahoo.gif','',20,20,1),(56,'icon_post_delete','icon_post_delete.gif','',20,20,1),(57,'icon_post_info','icon_post_info.gif','',20,20,1),(58,'icon_post_report','icon_post_report.gif','',20,20,1),(59,'icon_post_target','icon_post_target.gif','',9,11,1),(60,'icon_post_target_unread','icon_post_target_unread.gif','',9,11,1),(61,'icon_topic_attach','icon_topic_attach.gif','',10,7,1),(62,'icon_topic_latest','icon_topic_latest.gif','',9,11,1),(63,'icon_topic_newest','icon_topic_newest.gif','',9,11,1),(64,'icon_topic_reported','icon_topic_reported.gif','',14,16,1),(65,'icon_topic_unapproved','icon_topic_unapproved.gif','',14,16,1),(66,'icon_user_warn','icon_user_warn.gif','',20,20,1),(67,'subforum_read','subforum_read.gif','',9,11,1),(68,'subforum_unread','subforum_unread.gif','',9,11,1),(69,'icon_contact_pm','icon_contact_pm.gif','en',20,28,1),(70,'icon_post_edit','icon_post_edit.gif','en',20,42,1),(71,'icon_post_quote','icon_post_quote.gif','en',20,54,1),(72,'icon_user_online','icon_user_online.gif','en',58,58,1),(73,'button_pm_forward','button_pm_forward.gif','en',25,96,1),(74,'button_pm_new','button_pm_new.gif','en',25,84,1),(75,'button_pm_reply','button_pm_reply.gif','en',25,96,1),(76,'button_topic_locked','button_topic_locked.gif','en',25,88,1),(77,'button_topic_new','button_topic_new.gif','en',25,96,1),(78,'button_topic_reply','button_topic_reply.gif','en',25,96,1),(79,'site_logo','site_logo.gif','',94,170,2),(80,'upload_bar','upload_bar.gif','',16,280,2),(81,'poll_left','poll_left.gif','',12,4,2),(82,'poll_center','poll_center.gif','',12,1,2),(83,'poll_right','poll_right.gif','',12,4,2),(84,'forum_link','forum_link.gif','',25,46,2),(85,'forum_read','forum_read.gif','',25,46,2),(86,'forum_read_locked','forum_read_locked.gif','',25,46,2),(87,'forum_read_subforum','forum_read_subforum.gif','',25,46,2),(88,'forum_unread','forum_unread.gif','',25,46,2),(89,'forum_unread_locked','forum_unread_locked.gif','',25,46,2),(90,'forum_unread_subforum','forum_unread_subforum.gif','',25,46,2),(91,'topic_moved','topic_moved.gif','',18,19,2),(92,'topic_read','topic_read.gif','',18,19,2),(93,'topic_read_mine','topic_read_mine.gif','',18,19,2),(94,'topic_read_hot','topic_read_hot.gif','',18,19,2),(95,'topic_read_hot_mine','topic_read_hot_mine.gif','',18,19,2),(96,'topic_read_locked','topic_read_locked.gif','',18,19,2),(97,'topic_read_locked_mine','topic_read_locked_mine.gif','',18,19,2),(98,'topic_unread','topic_unread.gif','',18,19,2),(99,'topic_unread_mine','topic_unread_mine.gif','',18,19,2),(100,'topic_unread_hot','topic_unread_hot.gif','',18,19,2),(101,'topic_unread_hot_mine','topic_unread_hot_mine.gif','',18,19,2),(102,'topic_unread_locked','topic_unread_locked.gif','',18,19,2),(103,'topic_unread_locked_mine','topic_unread_locked_mine.gif','',18,19,2),(104,'sticky_read','sticky_read.gif','',18,19,2),(105,'sticky_read_mine','sticky_read_mine.gif','',18,19,2),(106,'sticky_read_locked','sticky_read_locked.gif','',18,19,2),(107,'sticky_read_locked_mine','sticky_read_locked_mine.gif','',18,19,2),(108,'sticky_unread','sticky_unread.gif','',18,19,2),(109,'sticky_unread_mine','sticky_unread_mine.gif','',18,19,2),(110,'sticky_unread_locked','sticky_unread_locked.gif','',18,19,2),(111,'sticky_unread_locked_mine','sticky_unread_locked_mine.gif','',18,19,2),(112,'announce_read','announce_read.gif','',18,19,2),(113,'announce_read_mine','announce_read_mine.gif','',18,19,2),(114,'announce_read_locked','announce_read_locked.gif','',18,19,2),(115,'announce_read_locked_mine','announce_read_locked_mine.gif','',18,19,2),(116,'announce_unread','announce_unread.gif','',18,19,2),(117,'announce_unread_mine','announce_unread_mine.gif','',18,19,2),(118,'announce_unread_locked','announce_unread_locked.gif','',18,19,2),(119,'announce_unread_locked_mine','announce_unread_locked_mine.gif','',18,19,2),(120,'global_read','announce_read.gif','',18,19,2),(121,'global_read_mine','announce_read_mine.gif','',18,19,2),(122,'global_read_locked','announce_read_locked.gif','',18,19,2),(123,'global_read_locked_mine','announce_read_locked_mine.gif','',18,19,2),(124,'global_unread','announce_unread.gif','',18,19,2),(125,'global_unread_mine','announce_unread_mine.gif','',18,19,2),(126,'global_unread_locked','announce_unread_locked.gif','',18,19,2),(127,'global_unread_locked_mine','announce_unread_locked_mine.gif','',18,19,2),(128,'pm_read','topic_read.gif','',18,19,2),(129,'pm_unread','topic_unread.gif','',18,19,2),(130,'icon_post_target','icon_post_target.gif','',9,12,2),(131,'icon_post_target_unread','icon_post_target_unread.gif','',9,12,2),(132,'icon_topic_attach','icon_topic_attach.gif','',18,14,2),(133,'icon_topic_latest','icon_topic_latest.gif','',9,18,2),(134,'icon_topic_newest','icon_topic_newest.gif','',9,18,2),(135,'icon_topic_reported','icon_topic_reported.gif','',18,19,2),(136,'icon_topic_unapproved','icon_topic_unapproved.gif','',18,19,2),(137,'icon_contact_aim','icon_contact_aim.gif','en',0,0,2),(138,'icon_contact_email','icon_contact_email.gif','en',0,0,2),(139,'icon_contact_icq','icon_contact_icq.gif','en',0,0,2),(140,'icon_contact_jabber','icon_contact_jabber.gif','en',0,0,2),(141,'icon_contact_msnm','icon_contact_msnm.gif','en',0,0,2),(142,'icon_contact_pm','icon_contact_pm.gif','en',0,0,2),(143,'icon_contact_yahoo','icon_contact_yahoo.gif','en',0,0,2),(144,'icon_contact_www','icon_contact_www.gif','en',0,0,2),(145,'icon_post_delete','icon_post_delete.gif','en',0,0,2),(146,'icon_post_edit','icon_post_edit.gif','en',0,0,2),(147,'icon_post_info','icon_post_info.gif','en',0,0,2),(148,'icon_post_quote','icon_post_quote.gif','en',0,0,2),(149,'icon_post_report','icon_post_report.gif','en',0,0,2),(150,'icon_user_online','icon_user_online.gif','en',0,0,2),(151,'icon_user_offline','icon_user_offline.gif','en',0,0,2),(152,'icon_user_profile','icon_user_profile.gif','en',0,0,2),(153,'icon_user_search','icon_user_search.gif','en',0,0,2),(154,'icon_user_warn','icon_user_warn.gif','en',0,0,2),(155,'button_pm_new','button_pm_new.gif','en',0,0,2),(156,'button_pm_reply','button_pm_reply.gif','en',0,0,2),(157,'button_topic_locked','button_topic_locked.gif','en',0,0,2),(158,'button_topic_new','button_topic_new.gif','en',0,0,2),(159,'button_topic_reply','button_topic_reply.gif','en',0,0,2),(160,'site_logo','top.gif','',100,978,3),(161,'upload_bar','upload_bar.gif','',16,280,3),(162,'poll_left','poll_left.gif','',12,4,3),(163,'poll_center','poll_center.gif','',12,1,3),(164,'poll_right','poll_right.gif','',12,4,3),(165,'forum_link','forum_link.gif','',25,46,3),(166,'forum_read','forum_read.gif','',25,46,3),(167,'forum_read_locked','forum_read_locked.gif','',25,46,3),(168,'forum_read_subforum','forum_read_subforum.gif','',25,46,3),(169,'forum_unread','forum_unread.gif','',25,46,3),(170,'forum_unread_locked','forum_unread_locked.gif','',25,46,3),(171,'forum_unread_subforum','forum_unread_subforum.gif','',25,46,3),(172,'topic_moved','topic_moved.gif','',25,46,3),(173,'topic_read','topic_read.gif','',25,46,3),(174,'topic_read_mine','topic_read_mine.gif','',25,46,3),(175,'topic_read_hot','topic_read_hot.gif','',25,46,3),(176,'topic_read_hot_mine','topic_read_hot_mine.gif','',25,46,3),(177,'topic_read_locked','topic_read_locked.gif','',25,46,3),(178,'topic_read_locked_mine','topic_read_locked_mine.gif','',25,46,3),(179,'topic_unread','topic_unread.gif','',25,46,3),(180,'topic_unread_mine','topic_unread_mine.gif','',25,46,3),(181,'topic_unread_hot','topic_unread_hot.gif','',25,46,3),(182,'topic_unread_hot_mine','topic_unread_hot_mine.gif','',25,46,3),(183,'topic_unread_locked','topic_unread_locked.gif','',25,46,3),(184,'topic_unread_locked_mine','topic_unread_locked_mine.gif','',25,46,3),(185,'sticky_read','sticky_read.gif','',25,46,3),(186,'sticky_read_mine','sticky_read_mine.gif','',25,46,3),(187,'sticky_read_locked','sticky_read_locked.gif','',25,46,3),(188,'sticky_read_locked_mine','sticky_read_locked_mine.gif','',25,46,3),(189,'sticky_unread','sticky_unread.gif','',25,46,3),(190,'sticky_unread_mine','sticky_unread_mine.gif','',25,46,3),(191,'sticky_unread_locked','sticky_unread_locked.gif','',25,46,3),(192,'sticky_unread_locked_mine','sticky_unread_locked_mine.gif','',25,46,3),(193,'announce_read','announce_read.gif','',25,46,3),(194,'announce_read_mine','announce_read_mine.gif','',25,46,3),(195,'announce_read_locked','announce_read_locked.gif','',25,46,3),(196,'announce_read_locked_mine','announce_read_locked_mine.gif','',25,46,3),(197,'announce_unread','announce_unread.gif','',25,46,3),(198,'announce_unread_mine','announce_unread_mine.gif','',25,46,3),(199,'announce_unread_locked','announce_unread_locked.gif','',25,46,3),(200,'announce_unread_locked_mine','announce_unread_locked_mine.gif','',25,46,3),(201,'global_read','announce_read.gif','',25,46,3),(202,'global_read_mine','announce_read_mine.gif','',25,46,3),(203,'global_read_locked','announce_read_locked.gif','',25,46,3),(204,'global_read_locked_mine','announce_read_locked_mine.gif','',25,46,3),(205,'global_unread','announce_unread.gif','',25,46,3),(206,'global_unread_mine','announce_unread_mine.gif','',25,46,3),(207,'global_unread_locked','announce_unread_locked.gif','',25,46,3),(208,'global_unread_locked_mine','announce_unread_locked_mine.gif','',25,46,3),(209,'pm_read','topic_read.gif','',25,46,3),(210,'pm_unread','topic_unread.gif','',25,46,3),(211,'icon_post_target','icon_post_target.gif','',9,12,3),(212,'icon_post_target_unread','icon_post_target_unread.gif','',9,12,3),(213,'icon_topic_attach','icon_topic_attach.gif','',18,14,3),(214,'icon_topic_latest','icon_topic_latest.gif','',9,18,3),(215,'icon_topic_newest','icon_topic_newest.gif','',9,18,3),(216,'icon_topic_reported','icon_topic_reported.gif','',20,20,3),(217,'icon_topic_unapproved','icon_topic_unapproved.gif','',20,20,3),(218,'icon_contact_aim','icon_contact_aim.gif','en',0,0,3),(219,'icon_contact_email','icon_contact_email.gif','en',0,0,3),(220,'icon_contact_icq','icon_contact_icq.gif','en',0,0,3),(221,'icon_contact_jabber','icon_contact_jabber.gif','en',0,0,3),(222,'icon_contact_msnm','icon_contact_msnm.gif','en',0,0,3),(223,'icon_contact_pm','icon_contact_pm.gif','en',0,0,3),(224,'icon_contact_yahoo','icon_contact_yahoo.gif','en',0,0,3),(225,'icon_contact_www','icon_contact_www.gif','en',0,0,3),(226,'icon_post_delete','icon_post_delete.gif','en',0,0,3),(227,'icon_post_edit','icon_post_edit.gif','en',0,0,3),(228,'icon_post_info','icon_post_info.gif','en',0,0,3),(229,'icon_post_quote','icon_post_quote.gif','en',0,0,3),(230,'icon_post_report','icon_post_report.gif','en',0,0,3),(231,'icon_user_online','icon_user_online.gif','en',0,0,3),(232,'icon_user_offline','icon_user_offline.gif','en',0,0,3),(233,'icon_user_profile','icon_user_profile.gif','en',0,0,3),(234,'icon_user_search','icon_user_search.gif','en',0,0,3),(235,'icon_user_warn','icon_user_warn.gif','en',0,0,3),(236,'button_pm_new','button_pm_new.gif','en',0,0,3),(237,'button_pm_reply','button_pm_reply.gif','en',0,0,3),(238,'button_topic_locked','button_topic_locked.gif','en',0,0,3),(239,'button_topic_new','button_topic_new.gif','en',0,0,3),(240,'button_topic_reply','button_topic_reply.gif','en',0,0,3),(241,'icon_contact_aim','icon_contact_aim.gif','es',0,0,3),(242,'icon_contact_email','icon_contact_email.gif','es',0,0,3),(243,'icon_contact_icq','icon_contact_icq.gif','es',0,0,3),(244,'icon_contact_jabber','icon_contact_jabber.gif','es',0,0,3),(245,'icon_contact_msnm','icon_contact_msnm.gif','es',0,0,3),(246,'icon_contact_pm','icon_contact_pm.gif','es',0,0,3),(247,'icon_contact_yahoo','icon_contact_yahoo.gif','es',0,0,3),(248,'icon_contact_www','icon_contact_www.gif','es',0,0,3),(249,'icon_post_delete','icon_post_delete.gif','es',0,0,3),(250,'icon_post_edit','icon_post_edit.gif','es',0,0,3),(251,'icon_post_info','icon_post_info.gif','es',0,0,3),(252,'icon_post_quote','icon_post_quote.gif','es',0,0,3),(253,'icon_post_report','icon_post_report.gif','es',0,0,3),(254,'icon_user_online','icon_user_online.gif','es',0,0,3),(255,'icon_user_offline','icon_user_offline.gif','es',0,0,3),(256,'icon_user_profile','icon_user_profile.gif','es',0,0,3),(257,'icon_user_search','icon_user_search.gif','es',0,0,3),(258,'icon_user_warn','icon_user_warn.gif','es',0,0,3),(259,'button_pm_new','button_pm_new.gif','es',0,0,3),(260,'button_pm_reply','button_pm_reply.gif','es',0,0,3),(261,'button_topic_locked','button_topic_locked.gif','es',0,0,3),(262,'button_topic_new','button_topic_new.gif','es',0,0,3),(263,'button_topic_reply','button_topic_reply.gif','es',0,0,3),(264,'site_logo','site_logo.gif','',109,353,4),(265,'forum_link','forum_link.gif','',25,25,4),(266,'forum_read','forum_read.gif','',25,25,4),(267,'forum_read_locked','forum_read_locked.gif','',25,25,4),(268,'forum_read_subforum','forum_read_subforum.gif','',25,25,4),(269,'forum_unread','forum_unread.gif','',25,25,4),(270,'forum_unread_locked','forum_unread_locked.gif','',25,25,4),(271,'forum_unread_subforum','forum_unread_subforum.gif','',25,25,4),(272,'topic_moved','topic_moved.gif','',18,19,4),(273,'topic_read','topic_read.gif','',18,18,4),(274,'topic_read_mine','topic_read_mine.gif','',18,18,4),(275,'topic_read_hot','topic_read_hot.gif','',18,18,4),(276,'topic_read_hot_mine','topic_read_hot_mine.gif','',18,18,4),(277,'topic_read_locked','topic_read_locked.gif','',18,18,4),(278,'topic_read_locked_mine','topic_read_locked_mine.gif','',18,18,4),(279,'topic_unread','topic_unread.gif','',18,18,4),(280,'topic_unread_mine','topic_unread_mine.gif','',18,18,4),(281,'topic_unread_hot','topic_unread_hot.gif','',18,18,4),(282,'topic_unread_hot_mine','topic_unread_hot_mine.gif','',18,18,4),(283,'topic_unread_locked','topic_unread_locked.gif','',18,18,4),(284,'topic_unread_locked_mine','topic_unread_locked_mine.gif','',18,18,4),(285,'sticky_read','sticky_read.gif','',18,18,4),(286,'sticky_read_mine','sticky_read_mine.gif','',18,18,4),(287,'sticky_read_locked','sticky_read_locked.gif','',18,18,4),(288,'sticky_read_locked_mine','sticky_read_locked_mine.gif','',18,18,4),(289,'sticky_unread','sticky_unread.gif','',18,18,4),(290,'sticky_unread_mine','sticky_unread_mine.gif','',18,18,4),(291,'sticky_unread_locked','sticky_unread_locked.gif','',18,18,4),(292,'sticky_unread_locked_mine','sticky_unread_locked_mine.gif','',18,18,4),(293,'announce_read','announce_read.gif','',18,18,4),(294,'announce_read_mine','announce_read_mine.gif','',18,18,4),(295,'announce_read_locked','announce_read_locked.gif','',18,18,4),(296,'announce_read_locked_mine','announce_read_locked_mine.gif','',18,18,4),(297,'announce_unread','announce_unread.gif','',18,18,4),(298,'announce_unread_mine','announce_unread_mine.gif','',18,18,4),(299,'announce_unread_locked','announce_unread_locked.gif','',18,18,4),(300,'announce_unread_locked_mine','announce_unread_locked_mine.gif','',18,18,4),(301,'global_read','announce_read.gif','',18,18,4),(302,'global_read_mine','announce_read_mine.gif','',18,18,4),(303,'global_read_locked','announce_read_locked.gif','',18,18,4),(304,'global_read_locked_mine','announce_read_locked_mine.gif','',18,18,4),(305,'global_unread','announce_unread.gif','',18,18,4),(306,'global_unread_mine','announce_unread_mine.gif','',18,18,4),(307,'global_unread_locked','announce_unread_locked.gif','',18,18,4),(308,'global_unread_locked_mine','announce_unread_locked_mine.gif','',18,18,4),(309,'subforum_read','subforum_read.gif','',9,11,4),(310,'subforum_unread','subforum_unread.gif','',9,11,4),(311,'pm_read','topic_read.gif','',18,18,4),(312,'pm_unread','topic_unread.gif','',18,18,4),(313,'icon_back_top','icon_back_top.gif','',12,10,4),(314,'icon_contact_aim','icon_contact_aim.gif','',20,20,4),(315,'icon_contact_email','icon_contact_email.gif','',20,20,4),(316,'icon_contact_icq','icon_contact_icq.gif','',20,20,4),(317,'icon_contact_jabber','icon_contact_jabber.gif','',20,20,4),(318,'icon_contact_msnm','icon_contact_msnm.gif','',20,20,4),(319,'icon_contact_www','icon_contact_www.gif','',20,20,4),(320,'icon_contact_yahoo','icon_contact_yahoo.gif','',20,20,4),(321,'icon_post_delete','icon_post_delete.gif','',20,26,4),(322,'icon_post_info','icon_post_info.gif','',20,26,4),(323,'icon_post_report','icon_post_report.gif','',20,26,4),(324,'icon_post_target','icon_post_target.gif','',9,12,4),(325,'icon_post_target_unread','icon_post_target_unread.gif','',9,12,4),(326,'icon_topic_attach','icon_topic_attach.gif','',10,7,4),(327,'icon_topic_latest','icon_topic_latest.gif','',9,18,4),(328,'icon_topic_newest','icon_topic_newest.gif','',9,18,4),(329,'icon_topic_reported','icon_topic_reported.gif','',14,16,4),(330,'icon_topic_unapproved','icon_topic_unapproved.gif','',14,16,4),(331,'icon_user_warn','icon_user_warn.gif','',20,26,4),(332,'icon_contact_pm','icon_contact_pm.gif','en',20,28,4),(333,'icon_post_edit','icon_post_edit.gif','en',20,50,4),(334,'icon_post_quote','icon_post_quote.gif','en',20,50,4),(335,'icon_user_online','icon_user_online.gif','en',58,58,4),(336,'button_pm_forward','button_pm_forward.gif','en',25,110,4),(337,'button_pm_new','button_pm_new.gif','en',25,110,4),(338,'button_pm_reply','button_pm_reply.gif','en',25,110,4),(339,'button_topic_locked','button_topic_locked.gif','en',25,110,4),(340,'button_topic_new','button_topic_new.gif','en',25,110,4),(341,'button_topic_reply','button_topic_reply.gif','en',25,110,4),(342,'site_logo','sitelogo_small4.png','',120,150,5),(343,'upload_bar','upload_bar.gif','',16,280,5),(344,'poll_left','poll_left.gif','',12,5,5),(345,'poll_center','poll_center.gif','',12,1,5),(346,'poll_right','poll_right.gif','',12,5,5),(347,'forum_link','forum_link.gif','',31,31,5),(348,'forum_read','forum_read.gif','',31,31,5),(349,'forum_read_locked','forum_read_locked.gif','',31,31,5),(350,'forum_read_subforum','forum_read_subforum.gif','',31,31,5),(351,'forum_unread','forum_unread.gif','',31,31,5),(352,'forum_unread_locked','forum_unread_locked.gif','',31,31,5),(353,'forum_unread_subforum','forum_unread_subforum.gif','',31,31,5),(354,'topic_moved','topic_moved.gif','',17,17,5),(355,'topic_read','topic_read.gif','',17,17,5),(356,'topic_read_mine','topic_read_mine.gif','',17,17,5),(357,'topic_read_locked','topic_read_locked.gif','',17,17,5),(358,'topic_read_locked_mine','topic_read_locked_mine.gif','',17,17,5),(359,'topic_unread','topic_unread.gif','',17,17,5),(360,'topic_unread_mine','topic_unread_mine.gif','',17,17,5),(361,'topic_unread_locked','topic_unread_locked.gif','',17,17,5),(362,'topic_unread_locked_mine','topic_unread_locked_mine.gif','',17,17,5),(363,'topic_read_hot','topic_read_hot.gif','',17,17,5),(364,'topic_read_hot_mine','topic_read_hot_mine.gif','',17,17,5),(365,'topic_unread_hot','topic_unread_hot.gif','',17,17,5),(366,'topic_unread_hot_mine','topic_unread_hot_mine.gif','',17,17,5),(367,'sticky_read','important_read.gif','',17,17,5),(368,'sticky_read_mine','important_read_mine.gif','',17,17,5),(369,'sticky_read_locked','important_read_locked.gif','',17,17,5),(370,'sticky_read_locked_mine','important_read_locked_mine.gif','',17,17,5),(371,'sticky_unread','important_unread.gif','',17,17,5),(372,'sticky_unread_mine','important_unread_mine.gif','',17,17,5),(373,'sticky_unread_locked','important_unread_locked.gif','',17,17,5),(374,'sticky_unread_locked_mine','important_unread_locked_mine.gif','',17,17,5),(375,'announce_read','announce_read.gif','',17,17,5),(376,'announce_read_mine','announce_read_mine.gif','',17,17,5),(377,'announce_read_locked','announce_read_locked.gif','',17,17,5),(378,'announce_read_locked_mine','announce_read_locked_mine.gif','',17,17,5),(379,'announce_unread','announce_unread.gif','',17,17,5),(380,'announce_unread_mine','announce_unread_mine.gif','',17,17,5),(381,'announce_unread_locked','announce_unread_locked.gif','',17,17,5),(382,'announce_unread_locked_mine','announce_unread_locked_mine.gif','',17,17,5),(383,'global_read','announce_global_read.gif','',17,17,5),(384,'global_read_mine','announce_global_read_mine.gif','',17,17,5),(385,'global_read_locked','announce_global_read_locked.gif','',17,17,5),(386,'global_read_locked_mine','announce_global_read_locked_mine.gif','',17,17,5),(387,'global_unread','announce_global_unread.gif','',17,17,5),(388,'global_unread_mine','announce_global_unread_mine.gif','',17,17,5),(389,'global_unread_locked','announce_global_unread_locked.gif','',17,17,5),(390,'global_unread_locked_mine','announce_global_unread_locked_mine.gif','',17,17,5),(391,'pm_read','topic_read.gif','',17,17,5),(392,'pm_unread','topic_unread.gif','',17,17,5),(393,'icon_post_target','icon_post_target.gif','',9,7,5),(394,'icon_post_target_unread','icon_post_target_unread.gif','',9,7,5),(395,'icon_topic_attach','icon_topic_attach.gif','',16,16,5),(396,'icon_topic_latest','icon_topic_latest.gif','',9,18,5),(397,'icon_topic_newest','icon_topic_newest.gif','',9,18,5),(398,'icon_topic_reported','icon_topic_reported.gif','',17,17,5),(399,'icon_topic_unapproved','icon_topic_unapproved.gif','',17,17,5),(400,'icon_contact_aim','icon_contact_aim.gif','en',0,0,5),(401,'icon_contact_email','icon_contact_email.gif','en',0,0,5),(402,'icon_contact_icq','icon_contact_icq.gif','en',0,0,5),(403,'icon_contact_jabber','icon_contact_jabber.gif','en',0,0,5),(404,'icon_contact_msnm','icon_contact_msnm.gif','en',0,0,5),(405,'icon_contact_pm','icon_contact_pm.gif','en',0,0,5),(406,'icon_contact_yahoo','icon_contact_yahoo.gif','en',0,0,5),(407,'icon_contact_www','icon_contact_www.gif','en',0,0,5),(408,'icon_post_delete','icon_post_delete.gif','en',0,0,5),(409,'icon_post_edit','icon_post_edit.gif','en',0,0,5),(410,'icon_post_info','icon_post_info.gif','en',0,0,5),(411,'icon_post_quote','icon_post_quote.gif','en',0,0,5),(412,'icon_post_report','icon_post_report.gif','en',0,0,5),(413,'icon_user_online','icon_user_online.gif','en',0,0,5),(414,'icon_user_offline','icon_user_offline.gif','en',0,0,5),(415,'icon_user_profile','icon_user_profile.gif','en',0,0,5),(416,'icon_user_search','icon_user_search.gif','en',0,0,5),(417,'icon_user_warn','icon_user_warn.gif','en',0,0,5),(418,'button_pm_new','button_pm_new.gif','en',0,0,5),(419,'button_pm_reply','button_pm_s_reply.gif','en',0,0,5),(420,'button_topic_locked','button_topic_locked.gif','en',0,0,5),(421,'button_topic_new','button_topic_new.gif','en',0,0,5),(422,'button_topic_reply','button_topic_reply.gif','en',0,0,5),(423,'icon_user_online','icon_user_online.gif','es',0,0,5),(424,'icon_user_offline','icon_user_offline.gif','es',0,0,5),(425,'icon_user_search','icon_user_search.gif','es',0,0,5),(426,'icon_contact_pm','icon_contact_pm.gif','es',20,28,5),(427,'icon_post_edit','icon_post_edit.gif','es',20,42,5),(428,'icon_post_quote','icon_post_quote.gif','es',20,54,5),(429,'button_pm_forward','button_pm_forward.gif','es',25,96,5),(430,'button_pm_new','button_pm_new.gif','es',25,84,5),(431,'button_pm_reply','button_pm_reply.gif','es',25,96,5),(432,'button_topic_locked','button_topic_locked.gif','es',25,88,5),(433,'button_topic_new','button_topic_new.gif','es',25,96,5),(434,'button_topic_reply','button_topic_reply.gif','es',25,96,5),(435,'icon_user_online','icon_user_online.gif','es',0,0,1),(436,'icon_user_offline','icon_user_offline.gif','es',0,0,1),(437,'icon_user_search','icon_user_search.gif','es',0,0,1),(438,'icon_contact_pm','icon_contact_pm.gif','es',20,28,1),(439,'icon_post_edit','icon_post_edit.gif','es',20,42,1),(440,'icon_post_quote','icon_post_quote.gif','es',20,54,1),(441,'button_pm_forward','button_pm_forward.gif','es',25,96,1),(442,'button_pm_new','button_pm_new.gif','es',25,84,1),(443,'button_pm_reply','button_pm_reply.gif','es',25,96,1),(444,'button_topic_locked','button_topic_locked.gif','es',25,88,1),(445,'button_topic_new','button_topic_new.gif','es',25,96,1),(446,'button_topic_reply','button_topic_reply.gif','es',25,96,1);
/*!40000 ALTER TABLE `phpbb_styles_imageset_data` ENABLE KEYS */;
UNLOCK TABLES;

--
-- Table structure for table `phpbb_styles_template`
--

DROP TABLE IF EXISTS `phpbb_styles_template`;
CREATE TABLE `phpbb_styles_template` (
  `template_id` mediumint(8) unsigned NOT NULL auto_increment,
  `template_name` varchar(255) collate utf8_bin NOT NULL default '',
  `template_copyright` varchar(255) collate utf8_bin NOT NULL default '',
  `template_path` varchar(100) collate utf8_bin NOT NULL default '',
  `bbcode_bitfield` varchar(255) collate utf8_bin NOT NULL default 'kNg=',
  `template_storedb` tinyint(1) unsigned NOT NULL default '0',
  `template_inherits_id` int(4) unsigned NOT NULL default '0',
  `template_inherit_path` varchar(255) collate utf8_bin NOT NULL default '',
  PRIMARY KEY  (`template_id`),
  UNIQUE KEY `tmplte_nm` (`template_name`)
) ENGINE=MyISAM AUTO_INCREMENT=6 DEFAULT CHARSET=utf8 COLLATE=utf8_bin;

--
-- Dumping data for table `phpbb_styles_template`
--

LOCK TABLES `phpbb_styles_template` WRITE;
/*!40000 ALTER TABLE `phpbb_styles_template` DISABLE KEYS */;
INSERT INTO `phpbb_styles_template` VALUES (1,'prosilver','&copy; phpBB Group','prosilver','lNg=',0,0,''),(2,'subsilver2','&copy; phpBB Group, 2003','subsilver2','+Ng=',0,0,''),(3,'xand3','&copy; StylerBB.net, 2008','xand','+Ng=',0,2,'subsilver2'),(4,'ExtremeDark Red','&copy; Vinny','extremedarkred','lNg=',0,1,'prosilver'),(5,'Milky Way','Mighty Gorgon &copy; 2012','milky_way','+Ng=',0,0,'');
/*!40000 ALTER TABLE `phpbb_styles_template` ENABLE KEYS */;
UNLOCK TABLES;

--
-- Table structure for table `phpbb_styles_template_data`
--

DROP TABLE IF EXISTS `phpbb_styles_template_data`;
CREATE TABLE `phpbb_styles_template_data` (
  `template_id` mediumint(8) unsigned NOT NULL default '0',
  `template_filename` varchar(100) collate utf8_bin NOT NULL default '',
  `template_included` text collate utf8_bin NOT NULL,
  `template_mtime` int(11) unsigned NOT NULL default '0',
  `template_data` mediumtext collate utf8_bin NOT NULL,
  KEY `tid` (`template_id`),
  KEY `tfn` (`template_filename`)
) ENGINE=MyISAM DEFAULT CHARSET=utf8 COLLATE=utf8_bin;

--
-- Dumping data for table `phpbb_styles_template_data`
--

LOCK TABLES `phpbb_styles_template_data` WRITE;
/*!40000 ALTER TABLE `phpbb_styles_template_data` DISABLE KEYS */;
/*!40000 ALTER TABLE `phpbb_styles_template_data` ENABLE KEYS */;
UNLOCK TABLES;

--
-- Table structure for table `phpbb_styles_theme`
--

DROP TABLE IF EXISTS `phpbb_styles_theme`;
CREATE TABLE `phpbb_styles_theme` (
  `theme_id` mediumint(8) unsigned NOT NULL auto_increment,
  `theme_name` varchar(255) collate utf8_bin NOT NULL default '',
  `theme_copyright` varchar(255) collate utf8_bin NOT NULL default '',
  `theme_path` varchar(100) collate utf8_bin NOT NULL default '',
  `theme_storedb` tinyint(1) unsigned NOT NULL default '0',
  `theme_mtime` int(11) unsigned NOT NULL default '0',
  `theme_data` mediumtext collate utf8_bin NOT NULL,
  PRIMARY KEY  (`theme_id`),
  UNIQUE KEY `theme_name` (`theme_name`)
) ENGINE=MyISAM AUTO_INCREMENT=6 DEFAULT CHARSET=utf8 COLLATE=utf8_bin;

--
-- Dumping data for table `phpbb_styles_theme`
--

LOCK TABLES `phpbb_styles_theme` WRITE;
/*!40000 ALTER TABLE `phpbb_styles_theme` DISABLE KEYS */;
INSERT INTO `phpbb_styles_theme` VALUES (1,'prosilver','&copy; phpBB Group','prosilver',1,1353055951,'/*  phpBB3 Style Sheet\n    --------------------------------------------------------------\n	Style name:			prosilver (the default phpBB 3.0.x style)\n	Based on style:		\n	Original author:	Tom Beddard ( http://www.subblue.com/ )\n	Modified by:		phpBB Group ( http://www.phpbb.com/ )\n    --------------------------------------------------------------\n*/\n\n/* General Markup Styles\n---------------------------------------- */\n\n* {\n	/* Reset browsers default margin, padding and font sizes */\n	margin: 0;\n	padding: 0;\n}\n\nhtml {\n	font-size: 100%;\n	/* Always show a scrollbar for short pages - stops the jump when the scrollbar appears. non-IE browsers */\n	height: 101%;\n}\n\nbody {\n	/* Text-Sizing with ems: http://www.clagnut.com/blog/348/ */\n	font-family: Verdana, Helvetica, Arial, sans-serif;\n	color: #828282;\n	background-color: #FFFFFF;\n	/*font-size: 62.5%;			 This sets the default font size to be equivalent to 10px */\n	font-size: 10px;\n	margin: 0;\n	padding: 12px 0;\n}\n\nh1 {\n	/* Forum name */\n	font-family: \"Trebuchet MS\", Arial, Helvetica, sans-serif;\n	margin-right: 200px;\n	color: #FFFFFF;\n	margin-top: 15px;\n	font-weight: bold;\n	font-size: 2em;\n}\n\nh2 {\n	/* Forum header titles */\n	font-family: \"Trebuchet MS\", Arial, Helvetica, sans-serif;\n	font-weight: normal;\n	color: #3f3f3f;\n	font-size: 2em;\n	margin: 0.8em 0 0.2em 0;\n}\n\nh2.solo {\n	margin-bottom: 1em;\n}\n\nh3 {\n	/* Sub-headers (also used as post headers, but defined later) */\n	font-family: Arial, Helvetica, sans-serif;\n	font-weight: bold;\n	text-transform: uppercase;\n	border-bottom: 1px solid #CCCCCC;\n	margin-bottom: 3px;\n	padding-bottom: 2px;\n	font-size: 1.05em;\n	color: #989898;\n	margin-top: 20px;\n}\n\nh4 {\n	/* Forum and topic list titles */\n	font-family: \"Trebuchet MS\", Verdana, Helvetica, Arial, Sans-serif;\n	font-size: 1.3em;\n}\n\np {\n	line-height: 1.3em;\n	font-size: 1.1em;\n	margin-bottom: 1.5em;\n}\n\nimg {\n	border-width: 0;\n}\n\nhr {\n	/* Also see tweaks.css */\n	border: 0 none #FFFFFF;\n	border-top: 1px solid #CCCCCC;\n	height: 1px;\n	margin: 5px 0;\n	display: block;\n	clear: both;\n}\n\nhr.dashed {\n	border-top: 1px dashed #CCCCCC;\n	margin: 10px 0;\n}\n\nhr.divider {\n	display: none;\n}\n\np.right {\n	text-align: right;\n}\n\n/* Main blocks\n---------------------------------------- */\n#wrap {\n	padding: 0 20px;\n	min-width: 650px;\n}\n\n#simple-wrap {\n	padding: 6px 10px;\n}\n\n#page-body {\n	margin: 4px 0;\n	clear: both;\n}\n\n#page-footer {\n	clear: both;\n}\n\n#page-footer h3 {\n	margin-top: 20px;\n}\n\n#logo {\n	float: left;\n	width: auto;\n	padding: 10px 13px 0 10px;\n}\n\na#logo:hover {\n	text-decoration: none;\n}\n\n/* Search box\n--------------------------------------------- */\n#search-box {\n	color: #FFFFFF;\n	position: relative;\n	margin-top: 30px;\n	margin-right: 5px;\n	display: block;\n	float: right;\n	text-align: right;\n	white-space: nowrap; /* For Opera */\n}\n\n#search-box #keywords {\n	width: 95px;\n	background-color: #FFF;\n}\n\n#search-box input {\n	border: 1px solid #b0b0b0;\n}\n\n/* .button1 style defined later, just a few tweaks for the search button version */\n#search-box input.button1 {\n	padding: 1px 5px;\n}\n\n#search-box li {\n	text-align: right;\n	margin-top: 4px;\n}\n\n#search-box img {\n	vertical-align: middle;\n	margin-right: 3px;\n}\n\n/* Site description and logo */\n#site-description {\n	float: left;\n	width: 70%;\n}\n\n#site-description h1 {\n	margin-right: 0;\n}\n\n/* Round cornered boxes and backgrounds\n---------------------------------------- */\n.headerbar {\n	background: #ebebeb none repeat-x 0 0;\n	color: #FFFFFF;\n	margin-bottom: 4px;\n	padding: 0 5px;\n}\n\n.navbar {\n	background-color: #ebebeb;\n	padding: 0 10px;\n}\n\n.forabg {\n	background: #b1b1b1 none repeat-x 0 0;\n	margin-bottom: 4px;\n	padding: 0 5px;\n	clear: both;\n}\n\n.forumbg {\n	background: #ebebeb none repeat-x 0 0;\n	margin-bottom: 4px;\n	padding: 0 5px;\n	clear: both;\n}\n\n.panel {\n	margin-bottom: 4px;\n	padding: 0 10px;\n	background-color: #f3f3f3;\n	color: #3f3f3f;\n}\n\n.post {\n	padding: 0 10px;\n	margin-bottom: 4px;\n	background-repeat: no-repeat;\n	background-position: 100% 0;\n}\n\n.post:target .content {\n	color: #000000;\n}\n\n.post:target h3 a {\n	color: #000000;\n}\n\n.bg1	{ background-color: #f7f7f7;}\n.bg2	{ background-color: #f2f2f2; }\n.bg3	{ background-color: #ebebeb; }\n\n.rowbg {\n	margin: 5px 5px 2px 5px;\n}\n\n.ucprowbg {\n	background-color: #e2e2e2;\n}\n\n.fieldsbg {\n	/*border: 1px #DBDEE2 solid;*/\n	background-color: #eaeaea;\n}\n\nspan.corners-top, span.corners-bottom, span.corners-top span, span.corners-bottom span {\n	font-size: 1px;\n	line-height: 1px;\n	display: block;\n	height: 5px;\n	background-repeat: no-repeat;\n}\n\nspan.corners-top {\n	background-image: none;\n	background-position: 0 0;\n	margin: 0 -5px;\n}\n\nspan.corners-top span {\n	background-image: none;\n	background-position: 100% 0;\n}\n\nspan.corners-bottom {\n	background-image: none;\n	background-position: 0 100%;\n	margin: 0 -5px;\n	clear: both;\n}\n\nspan.corners-bottom span {\n	background-image: none;\n	background-position: 100% 100%;\n}\n\n.headbg span.corners-bottom {\n	margin-bottom: -1px;\n}\n\n.post span.corners-top, .post span.corners-bottom, .panel span.corners-top, .panel span.corners-bottom, .navbar span.corners-top, .navbar span.corners-bottom {\n	margin: 0 -10px;\n}\n\n.rules span.corners-top {\n	margin: 0 -10px 5px -10px;\n}\n\n.rules span.corners-bottom {\n	margin: 5px -10px 0 -10px;\n}\n\n/* Horizontal lists\n----------------------------------------*/\nul.linklist {\n	display: block;\n	margin: 0;\n}\n\nul.linklist li {\n	display: block;\n	list-style-type: none;\n	float: left;\n	width: auto;\n	margin-right: 5px;\n	font-size: 1.1em;\n	line-height: 2.2em;\n}\n\nul.linklist li.rightside, p.rightside {\n	float: right;\n	margin-right: 0;\n	margin-left: 5px;\n	text-align: right;\n}\n\nul.navlinks {\n	padding-bottom: 1px;\n	margin-bottom: 1px;\n	border-bottom: 1px solid #FFFFFF;\n	font-weight: bold;\n}\n\nul.leftside {\n	float: left;\n	margin-left: 0;\n	margin-right: 5px;\n	text-align: left;\n}\n\nul.rightside {\n	float: right;\n	margin-left: 5px;\n	margin-right: -5px;\n	text-align: right;\n}\n\n/* Table styles\n----------------------------------------*/\ntable.table1 {\n	/* See tweaks.css */\n}\n\n#ucp-main table.table1 {\n	padding: 2px;\n}\n\ntable.table1 thead th {\n	font-weight: normal;\n	text-transform: uppercase;\n	color: #FFFFFF;\n	line-height: 1.3em;\n	font-size: 1em;\n	padding: 0 0 4px 3px;\n}\n\ntable.table1 thead th span {\n	padding-left: 7px;\n}\n\ntable.table1 tbody tr {\n	border: 1px solid #cfcfcf;\n}\n\ntable.table1 tbody tr:hover, table.table1 tbody tr.hover {\n	background-color: #f6f6f6;\n	color: #000;\n}\n\ntable.table1 td {\n	color: #6a6a6a;\n	font-size: 1.1em;\n}\n\ntable.table1 tbody td {\n	padding: 5px;\n	border-top: 1px solid #FAFAFA;\n}\n\ntable.table1 tbody th {\n	padding: 5px;\n	border-bottom: 1px solid #000000;\n	text-align: left;\n	color: #333333;\n	background-color: #FFFFFF;\n}\n\n/* Specific column styles */\ntable.table1 .name		{ text-align: left; }\ntable.table1 .posts		{ text-align: center !important; width: 7%; }\ntable.table1 .joined	{ text-align: left; width: 15%; }\ntable.table1 .active	{ text-align: left; width: 15%; }\ntable.table1 .mark		{ text-align: center; width: 7%; }\ntable.table1 .info		{ text-align: left; width: 30%; }\ntable.table1 .info div	{ width: 100%; white-space: normal; overflow: hidden; }\ntable.table1 .autocol	{ line-height: 2em; white-space: nowrap; }\ntable.table1 thead .autocol { padding-left: 1em; }\n\ntable.table1 span.rank-img {\n	float: right;\n	width: auto;\n}\n\ntable.info td {\n	padding: 3px;\n}\n\ntable.info tbody th {\n	padding: 3px;\n	text-align: right;\n	vertical-align: top;\n	color: #000000;\n	font-weight: normal;\n}\n\n.forumbg table.table1 {\n	margin: 0;\n}\n\n.forumbg-table > .inner {\n	margin: 0 -1px;\n}\n\n.forumbg-table > .inner > span.corners-top {\n	margin: 0 -4px -1px -4px;\n}\n\n.forumbg-table > .inner > span.corners-bottom {\n	margin: -1px -4px 0 -4px;\n}\n\n/* Misc layout styles\n---------------------------------------- */\n/* column[1-2] styles are containers for two column layouts \n   Also see tweaks.css */\n.column1 {\n	float: left;\n	clear: left;\n	width: 49%;\n}\n\n.column2 {\n	float: right;\n	clear: right;\n	width: 49%;\n}\n\n/* General classes for placing floating blocks */\n.left-box {\n	float: left;\n	width: auto;\n	text-align: left;\n}\n\n.right-box {\n	float: right;\n	width: auto;\n	text-align: right;\n}\n\ndl.details {\n	/*font-family: \"Lucida Grande\", Verdana, Helvetica, Arial, sans-serif;*/\n	font-size: 1.1em;\n}\n\ndl.details dt {\n	float: left;\n	clear: left;\n	width: 30%;\n	text-align: right;\n	color: #000000;\n	display: block;\n}\n\ndl.details dd {\n	margin-left: 0;\n	padding-left: 5px;\n	margin-bottom: 5px;\n	color: #828282;\n	float: left;\n	width: 65%;\n}\n\n/* Pagination\n---------------------------------------- */\n.pagination {\n	height: 1%; /* IE tweak (holly hack) */\n	width: auto;\n	text-align: right;\n	margin-top: 5px;\n	float: right;\n}\n\n.pagination span.page-sep {\n	display: none;\n}\n\nli.pagination {\n	margin-top: 0;\n}\n\n.pagination strong, .pagination b {\n	font-weight: normal;\n}\n\n.pagination span strong {\n	padding: 0 2px;\n	margin: 0 2px;\n	font-weight: normal;\n	color: #FFFFFF;\n	background-color: #bfbfbf;\n	border: 1px solid #bfbfbf;\n	font-size: 0.9em;\n}\n\n.pagination span a, .pagination span a:link, .pagination span a:visited, .pagination span a:active {\n	font-weight: normal;\n	text-decoration: none;\n	color: #747474;\n	margin: 0 2px;\n	padding: 0 2px;\n	background-color: #eeeeee;\n	border: 1px solid #bababa;\n	font-size: 0.9em;\n	line-height: 1.5em;\n}\n\n.pagination span a:hover {\n	border-color: #d2d2d2;\n	background-color: #d2d2d2;\n	color: #FFF;\n	text-decoration: none;\n}\n\n.pagination img {\n	vertical-align: middle;\n}\n\n/* Pagination in viewforum for multipage topics */\n.row .pagination {\n	display: block;\n	float: right;\n	width: auto;\n	margin-top: 0;\n	padding: 1px 0 1px 15px;\n	font-size: 0.9em;\n	background: none 0 50% no-repeat;\n}\n\n.row .pagination span a, li.pagination span a {\n	background-color: #FFFFFF;\n}\n\n.row .pagination span a:hover, li.pagination span a:hover {\n	background-color: #d2d2d2;\n}\n\n/* Miscellaneous styles\n---------------------------------------- */\n#forum-permissions {\n	float: right;\n	width: auto;\n	padding-left: 5px;\n	margin-left: 5px;\n	margin-top: 10px;\n	text-align: right;\n}\n\n.copyright {\n	padding: 5px;\n	text-align: center;\n	color: #555555;\n}\n\n.small {\n	font-size: 0.9em !important;\n}\n\n.titlespace {\n	margin-bottom: 15px;\n}\n\n.headerspace {\n	margin-top: 20px;\n}\n\n.error {\n	color: #bcbcbc;\n	font-weight: bold;\n	font-size: 1em;\n}\n\n.reported {\n	background-color: #f7f7f7;\n}\n\nli.reported:hover {\n	background-color: #ececec;\n}\n\ndiv.rules {\n	background-color: #ececec;\n	color: #bcbcbc;\n	padding: 0 10px;\n	margin: 10px 0;\n	font-size: 1.1em;\n}\n\ndiv.rules ul, div.rules ol {\n	margin-left: 20px;\n}\n\np.rules {\n	background-color: #ececec;\n	background-image: none;\n	padding: 5px;\n}\n\np.rules img {\n	vertical-align: middle;\n	padding-top: 5px;\n}\n\np.rules a {\n	vertical-align: middle;\n	clear: both;\n}\n\n#top {\n	position: absolute;\n	top: -20px;\n}\n\n.clear {\n	display: block;\n	clear: both;\n	font-size: 1px;\n	line-height: 1px;\n	background: transparent;\n}\n/* Link Styles\n---------------------------------------- */\n\n/* Links adjustment to correctly display an order of rtl/ltr mixed content */\na {\n	direction: ltr;\n	unicode-bidi: embed;\n}\n\na:link	{ color: #898989; text-decoration: none; }\na:visited	{ color: #898989; text-decoration: none; }\na:hover	{ color: #d3d3d3; text-decoration: underline; }\na:active	{ color: #d2d2d2; text-decoration: none; }\n\n/* Coloured usernames */\n.username-coloured {\n	font-weight: bold;\n	display: inline !important;\n	padding: 0 !important;\n}\n\n/* Links on gradient backgrounds */\n#search-box a:link, .navbg a:link, .forumbg .header a:link, .forabg .header a:link, th a:link {\n	color: #FFFFFF;\n	text-decoration: none;\n}\n\n#search-box a:visited, .navbg a:visited, .forumbg .header a:visited, .forabg .header a:visited, th a:visited {\n	color: #FFFFFF;\n	text-decoration: none;\n}\n\n#search-box a:hover, .navbg a:hover, .forumbg .header a:hover, .forabg .header a:hover, th a:hover {\n	color: #ffffff;\n	text-decoration: underline;\n}\n\n#search-box a:active, .navbg a:active, .forumbg .header a:active, .forabg .header a:active, th a:active {\n	color: #ffffff;\n	text-decoration: none;\n}\n\n/* Links for forum/topic lists */\na.forumtitle {\n	font-family: \"Trebuchet MS\", Helvetica, Arial, Sans-serif;\n	font-size: 1.2em;\n	font-weight: bold;\n	color: #898989;\n	text-decoration: none;\n}\n\n/* a.forumtitle:visited { color: #898989; } */\n\na.forumtitle:hover {\n	color: #bcbcbc;\n	text-decoration: underline;\n}\n\na.forumtitle:active {\n	color: #898989;\n}\n\na.topictitle {\n	font-family: \"Trebuchet MS\", Helvetica, Arial, Sans-serif;\n	font-size: 1.2em;\n	font-weight: bold;\n	color: #898989;\n	text-decoration: none;\n}\n\n/* a.topictitle:visited { color: #d2d2d2; } */\n\na.topictitle:hover {\n	color: #bcbcbc;\n	text-decoration: underline;\n}\n\na.topictitle:active {\n	color: #898989;\n}\n\n/* Post body links */\n.postlink {\n	text-decoration: none;\n	color: #d2d2d2;\n	border-bottom: 1px solid #d2d2d2;\n	padding-bottom: 0;\n}\n\n/* .postlink:visited { color: #bdbdbd; } */\n\n.postlink:active {\n	color: #d2d2d2;\n}\n\n.postlink:hover {\n	background-color: #f6f6f6;\n	text-decoration: none;\n	color: #404040;\n}\n\n.signature a, .signature a:visited, .signature a:hover, .signature a:active {\n	border: none;\n	text-decoration: underline;\n	background-color: transparent;\n}\n\n/* Profile links */\n.postprofile a:link, .postprofile a:visited, .postprofile dt.author a {\n	font-weight: bold;\n	color: #898989;\n	text-decoration: none;\n}\n\n.postprofile a:hover, .postprofile dt.author a:hover {\n	text-decoration: underline;\n	color: #d3d3d3;\n}\n\n/* CSS spec requires a:link, a:visited, a:hover and a:active rules to be specified in this order. */\n/* See http://www.phpbb.com/bugs/phpbb3/59685 */\n.postprofile a:active {\n	font-weight: bold;\n	color: #898989;\n	text-decoration: none;\n}\n\n\n/* Profile searchresults */	\n.search .postprofile a {\n	color: #898989;\n	text-decoration: none; \n	font-weight: normal;\n}\n\n.search .postprofile a:hover {\n	color: #d3d3d3;\n	text-decoration: underline; \n}\n\n/* Back to top of page */\n.back2top {\n	clear: both;\n	height: 11px;\n	text-align: right;\n}\n\na.top {\n	background: none no-repeat top left;\n	text-decoration: none;\n	width: {IMG_ICON_BACK_TOP_WIDTH}px;\n	height: {IMG_ICON_BACK_TOP_HEIGHT}px;\n	display: block;\n	float: right;\n	overflow: hidden;\n	letter-spacing: 1000px;\n	text-indent: 11px;\n}\n\na.top2 {\n	background: none no-repeat 0 50%;\n	text-decoration: none;\n	padding-left: 15px;\n}\n\n/* Arrow links  */\na.up		{ background: none no-repeat left center; }\na.down		{ background: none no-repeat right center; }\na.left		{ background: none no-repeat 3px 60%; }\na.right		{ background: none no-repeat 95% 60%; }\n\na.up, a.up:link, a.up:active, a.up:visited {\n	padding-left: 10px;\n	text-decoration: none;\n	border-bottom-width: 0;\n}\n\na.up:hover {\n	background-position: left top;\n	background-color: transparent;\n}\n\na.down, a.down:link, a.down:active, a.down:visited {\n	padding-right: 10px;\n}\n\na.down:hover {\n	background-position: right bottom;\n	text-decoration: none;\n}\n\na.left, a.left:active, a.left:visited {\n	padding-left: 12px;\n}\n\na.left:hover {\n	color: #d2d2d2;\n	text-decoration: none;\n	background-position: 0 60%;\n}\n\na.right, a.right:active, a.right:visited {\n	padding-right: 12px;\n}\n\na.right:hover {\n	color: #d2d2d2;\n	text-decoration: none;\n	background-position: 100% 60%;\n}\n\n/* invisible skip link, used for accessibility  */\n.skiplink {\n	position: absolute;\n	left: -999px;\n	width: 990px;\n}\n\n/* Feed icon in forumlist_body.html */\na.feed-icon-forum {\n	float: right;\n	margin: 3px;\n}\n/* Content Styles\n---------------------------------------- */\n\nul.topiclist {\n	display: block;\n	list-style-type: none;\n	margin: 0;\n}\n\nul.forums {\n	background: #f9f9f9 none repeat-x 0 0;\n}\n\nul.topiclist li {\n	display: block;\n	list-style-type: none;\n	color: #777777;\n	margin: 0;\n}\n\nul.topiclist dl {\n	position: relative;\n}\n\nul.topiclist li.row dl {\n	padding: 2px 0;\n}\n\nul.topiclist dt {\n	display: block;\n	float: left;\n	width: 50%;\n	font-size: 1.1em;\n	padding-left: 5px;\n	padding-right: 5px;\n}\n\nul.topiclist dd {\n	display: block;\n	float: left;\n	border-left: 1px solid #FFFFFF;\n	padding: 4px 0;\n}\n\nul.topiclist dfn {\n	/* Labels for post/view counts */\n	position: absolute;\n	left: -999px;\n	width: 990px;\n}\n\nul.topiclist li.row dt a.subforum {\n	background-image: none;\n	background-position: 0 50%;\n	background-repeat: no-repeat;\n	position: relative;\n	white-space: nowrap;\n	padding: 0 0 0 12px;\n}\n\n.forum-image {\n	float: left;\n	padding-top: 5px;\n	margin-right: 5px;\n}\n\nli.row {\n	border-top: 1px solid #FFFFFF;\n	border-bottom: 1px solid #8f8f8f;\n}\n\nli.row strong {\n	font-weight: normal;\n	color: #000000;\n}\n\nli.row:hover {\n	background-color: #f6f6f6;\n}\n\nli.row:hover dd {\n	border-left-color: #CCCCCC;\n}\n\nli.header dt, li.header dd {\n	line-height: 1em;\n	border-left-width: 0;\n	margin: 2px 0 4px 0;\n	color: #FFFFFF;\n	padding-top: 2px;\n	padding-bottom: 2px;\n	font-size: 1em;\n	font-family: Arial, Helvetica, sans-serif;\n	text-transform: uppercase;\n}\n\nli.header dt {\n	font-weight: bold;\n}\n\nli.header dd {\n	margin-left: 1px;\n}\n\nli.header dl.icon {\n	min-height: 0;\n}\n\nli.header dl.icon dt {\n	/* Tweak for headers alignment when folder icon used */\n	padding-left: 0;\n	padding-right: 50px;\n}\n\n/* Forum list column styles */\ndl.icon {\n	min-height: 35px;\n	background-position: 10px 50%;		/* Position of folder icon */\n	background-repeat: no-repeat;\n}\n\ndl.icon dt {\n	padding-left: 45px;					/* Space for folder icon */\n	background-repeat: no-repeat;\n	background-position: 5px 95%;		/* Position of topic icon */\n}\n\ndd.posts, dd.topics, dd.views {\n	width: 8%;\n	text-align: center;\n	line-height: 2.2em;\n	font-size: 1.2em;\n}\n\n/* List in forum description */\ndl.icon dt ol,\ndl.icon dt ul {\n	list-style-position: inside;\n	margin-left: 1em;\n}\n\ndl.icon dt li {\n	display: list-item;\n	list-style-type: inherit;\n}\n\ndd.lastpost {\n	width: 25%;\n	font-size: 1.1em;\n}\n\ndd.redirect {\n	font-size: 1.1em;\n	line-height: 2.5em;\n}\n\ndd.moderation {\n	font-size: 1.1em;\n}\n\ndd.lastpost span, ul.topiclist dd.searchby span, ul.topiclist dd.info span, ul.topiclist dd.time span, dd.redirect span, dd.moderation span {\n	display: block;\n	padding-left: 5px;\n}\n\ndd.time {\n	width: auto;\n	line-height: 200%;\n	font-size: 1.1em;\n}\n\ndd.extra {\n	width: 12%;\n	line-height: 200%;\n	text-align: center;\n	font-size: 1.1em;\n}\n\ndd.mark {\n	float: right !important;\n	width: 9%;\n	text-align: center;\n	line-height: 200%;\n	font-size: 1.2em;\n}\n\ndd.info {\n	width: 30%;\n}\n\ndd.option {\n	width: 15%;\n	line-height: 200%;\n	text-align: center;\n	font-size: 1.1em;\n}\n\ndd.searchby {\n	width: 47%;\n	font-size: 1.1em;\n	line-height: 1em;\n}\n\nul.topiclist dd.searchextra {\n	margin-left: 5px;\n	padding: 0.2em 0;\n	font-size: 1.1em;\n	color: #333333;\n	border-left: none;\n	clear: both;\n	width: 98%;\n	overflow: hidden;\n}\n\n/* Container for post/reply buttons and pagination */\n.topic-actions {\n	margin-bottom: 3px;\n	font-size: 1.1em;\n	height: 28px;\n	min-height: 28px;\n}\ndiv[class].topic-actions {\n	height: auto;\n}\n\n/* Post body styles\n----------------------------------------*/\n.postbody {\n	padding: 0;\n	line-height: 1.48em;\n	color: #333333;\n	width: 76%;\n	float: left;\n	clear: both;\n}\n\n.postbody .ignore {\n	font-size: 1.1em;\n}\n\n.postbody h3.first {\n	/* The first post on the page uses this */\n	font-size: 1.7em;\n}\n\n.postbody h3 {\n	/* Postbody requires a different h3 format - so change it here */\n	font-size: 1.5em;\n	padding: 2px 0 0 0;\n	margin: 0 0 0.3em 0 !important;\n	text-transform: none;\n	border: none;\n	font-family: \"Trebuchet MS\", Verdana, Helvetica, Arial, sans-serif;\n	line-height: 125%;\n}\n\n.postbody h3 img {\n	/* Also see tweaks.css */\n	vertical-align: bottom;\n}\n\n.postbody .content {\n	font-size: 1.3em;\n}\n\n.search .postbody {\n	width: 68%\n}\n\n/* Topic review panel\n----------------------------------------*/\n#review {\n	margin-top: 2em;\n}\n\n#topicreview {\n	padding-right: 5px;\n	overflow: auto;\n	height: 300px;\n}\n\n#topicreview .postbody {\n	width: auto;\n	float: none;\n	margin: 0;\n	height: auto;\n}\n\n#topicreview .post {\n	height: auto;\n}\n\n#topicreview h2 {\n	border-bottom-width: 0;\n}\n\n.post-ignore .postbody {\n	display: none;\n}\n\n/* MCP Post details\n----------------------------------------*/\n#post_details\n{\n	/* This will only work in IE7+, plus the others */\n	overflow: auto;\n	max-height: 300px;\n}\n\n#expand\n{\n	clear: both;\n}\n\n/* Content container styles\n----------------------------------------*/\n.content {\n	min-height: 3em;\n	overflow: hidden;\n	line-height: 1.4em;\n	font-family: \"Lucida Grande\", \"Trebuchet MS\", Verdana, Helvetica, Arial, sans-serif;\n	font-size: 1em;\n	color: #333333;\n	padding-bottom: 1px;\n}\n\n.content h2, .panel h2 {\n	font-weight: normal;\n	color: #989898;\n	border-bottom: 1px solid #CCCCCC;\n	font-size: 1.6em;\n	margin-top: 0.5em;\n	margin-bottom: 0.5em;\n	padding-bottom: 0.5em;\n}\n\n.panel h3 {\n	margin: 0.5em 0;\n}\n\n.panel p {\n	font-size: 1.2em;\n	margin-bottom: 1em;\n	line-height: 1.4em;\n}\n\n.content p {\n	font-family: \"Lucida Grande\", \"Trebuchet MS\", Verdana, Helvetica, Arial, sans-serif;\n	font-size: 1.2em;\n	margin-bottom: 1em;\n	line-height: 1.4em;\n}\n\ndl.faq {\n	font-family: \"Lucida Grande\", Verdana, Helvetica, Arial, sans-serif;\n	font-size: 1.1em;\n	margin-top: 1em;\n	margin-bottom: 2em;\n	line-height: 1.4em;\n}\n\ndl.faq dt {\n	font-weight: bold;\n	color: #333333;\n}\n\n.content dl.faq {\n	font-size: 1.2em;\n	margin-bottom: 0.5em;\n}\n\n.content li {\n	list-style-type: inherit;\n}\n\n.content ul, .content ol {\n	margin-bottom: 1em;\n	margin-left: 3em;\n}\n\n.posthilit {\n	background-color: #f3f3f3;\n	color: #BCBCBC;\n	padding: 0 2px 1px 2px;\n}\n\n.announce, .unreadpost {\n	/* Highlight the announcements & unread posts box */\n	border-left-color: #BCBCBC;\n	border-right-color: #BCBCBC;\n}\n\n/* Post author */\np.author {\n	margin: 0 15em 0.6em 0;\n	padding: 0 0 5px 0;\n	font-family: Verdana, Helvetica, Arial, sans-serif;\n	font-size: 1em;\n	line-height: 1.2em;\n}\n\n/* Post signature */\n.signature {\n	margin-top: 1.5em;\n	padding-top: 0.2em;\n	font-size: 1.1em;\n	border-top: 1px solid #CCCCCC;\n	clear: left;\n	line-height: 140%;\n	overflow: hidden;\n	width: 100%;\n}\n\ndd .signature {\n	margin: 0;\n	padding: 0;\n	clear: none;\n	border: none;\n}\n\n.signature li {\n	list-style-type: inherit;\n}\n\n.signature ul, .signature ol {\n	margin-bottom: 1em;\n	margin-left: 3em;\n}\n\n/* Post noticies */\n.notice {\n	font-family: \"Lucida Grande\", Verdana, Helvetica, Arial, sans-serif;\n	width: auto;\n	margin-top: 1.5em;\n	padding-top: 0.2em;\n	font-size: 1em;\n	border-top: 1px dashed #CCCCCC;\n	clear: left;\n	line-height: 130%;\n}\n\n/* Jump to post link for now */\nul.searchresults {\n	list-style: none;\n	text-align: right;\n	clear: both;\n}\n\n/* BB Code styles\n----------------------------------------*/\n/* Quote block */\nblockquote {\n	background: #ebebeb none 6px 8px no-repeat;\n	border: 1px solid #dbdbdb;\n	font-size: 0.95em;\n	margin: 0.5em 1px 0 25px;\n	overflow: hidden;\n	padding: 5px;\n}\n\nblockquote blockquote {\n	/* Nested quotes */\n	background-color: #bababa;\n	font-size: 1em;\n	margin: 0.5em 1px 0 15px;	\n}\n\nblockquote blockquote blockquote {\n	/* Nested quotes */\n	background-color: #e4e4e4;\n}\n\nblockquote cite {\n	/* Username/source of quoter */\n	font-style: normal;\n	font-weight: bold;\n	margin-left: 20px;\n	display: block;\n	font-size: 0.9em;\n}\n\nblockquote cite cite {\n	font-size: 1em;\n}\n\nblockquote.uncited {\n	padding-top: 25px;\n}\n\n/* Code block */\ndl.codebox {\n	padding: 3px;\n	background-color: #FFFFFF;\n	border: 1px solid #d8d8d8;\n	font-size: 1em;\n}\n\ndl.codebox dt {\n	text-transform: uppercase;\n	border-bottom: 1px solid #CCCCCC;\n	margin-bottom: 3px;\n	font-size: 0.8em;\n	font-weight: bold;\n	display: block;\n}\n\nblockquote dl.codebox {\n	margin-left: 0;\n}\n\ndl.codebox code {\n	/* Also see tweaks.css */\n	overflow: auto;\n	display: block;\n	height: auto;\n	max-height: 200px;\n	white-space: normal;\n	padding-top: 5px;\n	font: 0.9em Monaco, \"Andale Mono\",\"Courier New\", Courier, mono;\n	line-height: 1.3em;\n	color: #8b8b8b;\n	margin: 2px 0;\n}\n\n.syntaxbg		{ color: #FFFFFF; }\n.syntaxcomment	{ color: #000000; }\n.syntaxdefault	{ color: #bcbcbc; }\n.syntaxhtml		{ color: #000000; }\n.syntaxkeyword	{ color: #585858; }\n.syntaxstring	{ color: #a7a7a7; }\n\n/* Attachments\n----------------------------------------*/\n.attachbox {\n	float: left;\n	width: auto; \n	margin: 5px 5px 5px 0;\n	padding: 6px;\n	background-color: #FFFFFF;\n	border: 1px dashed #d8d8d8;\n	clear: left;\n}\n\n.pm-message .attachbox {\n	background-color: #f3f3f3;\n}\n\n.attachbox dt {\n	font-family: Arial, Helvetica, sans-serif;\n	text-transform: uppercase;\n}\n\n.attachbox dd {\n	margin-top: 4px;\n	padding-top: 4px;\n	clear: left;\n	border-top: 1px solid #d8d8d8;\n}\n\n.attachbox dd dd {\n	border: none;\n}\n\n.attachbox p {\n	line-height: 110%;\n	color: #666666;\n	font-weight: normal;\n	clear: left;\n}\n\n.attachbox p.stats\n{\n	line-height: 110%;\n	color: #666666;\n	font-weight: normal;\n	clear: left;\n}\n\n.attach-image {\n	margin: 3px 0;\n	width: 100%;\n	max-height: 350px;\n	overflow: auto;\n}\n\n.attach-image img {\n	border: 1px solid #999999;\n/*	cursor: move; */\n	cursor: default;\n}\n\n/* Inline image thumbnails */\ndiv.inline-attachment dl.thumbnail, div.inline-attachment dl.file {\n	display: block;\n	margin-bottom: 4px;\n}\n\ndiv.inline-attachment p {\n	font-size: 100%;\n}\n\ndl.file {\n	font-family: Verdana, Arial, Helvetica, sans-serif;\n	display: block;\n}\n\ndl.file dt {\n	text-transform: none;\n	margin: 0;\n	padding: 0;\n	font-weight: bold;\n	font-family: Verdana, Arial, Helvetica, sans-serif;\n}\n\ndl.file dd {\n	color: #666666;\n	margin: 0;\n	padding: 0;	\n}\n\ndl.thumbnail img {\n	padding: 3px;\n	border: 1px solid #666666;\n	background-color: #FFF;\n}\n\ndl.thumbnail dd {\n	color: #666666;\n	font-style: italic;\n	font-family: Verdana, Arial, Helvetica, sans-serif;\n}\n\n.attachbox dl.thumbnail dd {\n	font-size: 100%;\n}\n\ndl.thumbnail dt a:hover {\n	background-color: #EEEEEE;\n}\n\ndl.thumbnail dt a:hover img {\n	border: 1px solid #d2d2d2;\n}\n\n/* Post poll styles\n----------------------------------------*/\nfieldset.polls {\n	font-family: \"Trebuchet MS\", Verdana, Helvetica, Arial, sans-serif;\n}\n\nfieldset.polls dl {\n	margin-top: 5px;\n	border-top: 1px solid #e2e2e2;\n	padding: 5px 0 0 0;\n	line-height: 120%;\n	color: #666666;\n}\n\nfieldset.polls dl.voted {\n	font-weight: bold;\n	color: #000000;\n}\n\nfieldset.polls dt {\n	text-align: left;\n	float: left;\n	display: block;\n	width: 30%;\n	border-right: none;\n	padding: 0;\n	margin: 0;\n	font-size: 1.1em;\n}\n\nfieldset.polls dd {\n	float: left;\n	width: 10%;\n	border-left: none;\n	padding: 0 5px;\n	margin-left: 0;\n	font-size: 1.1em;\n}\n\nfieldset.polls dd.resultbar {\n	width: 50%;\n}\n\nfieldset.polls dd input {\n	margin: 2px 0;\n}\n\nfieldset.polls dd div {\n	text-align: right;\n	font-family: Arial, Helvetica, sans-serif;\n	color: #FFFFFF;\n	font-weight: bold;\n	padding: 0 2px;\n	overflow: visible;\n	min-width: 2%;\n}\n\n.pollbar1 {\n	background-color: #aaaaaa;\n	border-bottom: 1px solid #747474;\n	border-right: 1px solid #747474;\n}\n\n.pollbar2 {\n	background-color: #bebebe;\n	border-bottom: 1px solid #8c8c8c;\n	border-right: 1px solid #8c8c8c;\n}\n\n.pollbar3 {\n	background-color: #D1D1D1;\n	border-bottom: 1px solid #aaaaaa;\n	border-right: 1px solid #aaaaaa;\n}\n\n.pollbar4 {\n	background-color: #e4e4e4;\n	border-bottom: 1px solid #bebebe;\n	border-right: 1px solid #bebebe;\n}\n\n.pollbar5 {\n	background-color: #f8f8f8;\n	border-bottom: 1px solid #D1D1D1;\n	border-right: 1px solid #D1D1D1;\n}\n\n/* Poster profile block\n----------------------------------------*/\n.postprofile {\n	/* Also see tweaks.css */\n	margin: 5px 0 10px 0;\n	min-height: 80px;\n	color: #666666;\n	border-left: 1px solid #FFFFFF;\n	width: 22%;\n	float: right;\n	display: inline;\n}\n.pm .postprofile {\n	border-left: 1px solid #DDDDDD;\n}\n\n.postprofile dd, .postprofile dt {\n	line-height: 1.2em;\n	margin-left: 8px;\n}\n\n.postprofile strong {\n	font-weight: normal;\n	color: #000000;\n}\n\n.avatar {\n	border: none;\n	margin-bottom: 3px;\n}\n\n.online {\n	background-image: none;\n	background-position: 100% 0;\n	background-repeat: no-repeat;\n}\n\n/* Poster profile used by search*/\n.search .postprofile {\n	width: 30%;\n}\n\n/* pm list in compose message if mass pm is enabled */\ndl.pmlist dt {\n	width: 60% !important;\n}\n\ndl.pmlist dt textarea {\n	width: 95%;\n}\n\ndl.pmlist dd {\n	margin-left: 61% !important;\n	margin-bottom: 2px;\n}\n/* Button Styles\n---------------------------------------- */\n\n/* Rollover buttons\n   Based on: http://wellstyled.com/css-nopreload-rollovers.html\n----------------------------------------*/\n.buttons {\n	float: left;\n	width: auto;\n	height: auto;\n}\n\n/* Rollover state */\n.buttons div {\n	float: left;\n	margin: 0 5px 0 0;\n	background-position: 0 100%;\n}\n\n/* Rolloff state */\n.buttons div a {\n	display: block;\n	width: 100%;\n	height: 100%;\n	background-position: 0 0;\n	position: relative;\n	overflow: hidden;\n}\n\n/* Hide <a> text and hide off-state image when rolling over (prevents flicker in IE) */\n/*.buttons div span		{ display: none; }*/\n/*.buttons div a:hover	{ background-image: none; }*/\n.buttons div span			{ position: absolute; width: 100%; height: 100%; cursor: pointer;}\n.buttons div a:hover span	{ background-position: 0 100%; }\n\n/* Big button images */\n.reply-icon span	{ background: transparent none 0 0 no-repeat; }\n.post-icon span		{ background: transparent none 0 0 no-repeat; }\n.locked-icon span	{ background: transparent none 0 0 no-repeat; }\n.pmreply-icon span	{ background: none 0 0 no-repeat; }\n.newpm-icon span 	{ background: none 0 0 no-repeat; }\n.forwardpm-icon span 	{ background: none 0 0 no-repeat; }\n\n/* Set big button dimensions */\n.buttons div.reply-icon		{ width: {IMG_BUTTON_TOPIC_REPLY_WIDTH}px; height: {IMG_BUTTON_TOPIC_REPLY_HEIGHT}px; }\n.buttons div.post-icon		{ width: {IMG_BUTTON_TOPIC_NEW_WIDTH}px; height: {IMG_BUTTON_TOPIC_NEW_HEIGHT}px; }\n.buttons div.locked-icon	{ width: {IMG_BUTTON_TOPIC_LOCKED_WIDTH}px; height: {IMG_BUTTON_TOPIC_LOCKED_HEIGHT}px; }\n.buttons div.pmreply-icon	{ width: {IMG_BUTTON_PM_REPLY_WIDTH}px; height: {IMG_BUTTON_PM_REPLY_HEIGHT}px; }\n.buttons div.newpm-icon		{ width: {IMG_BUTTON_PM_NEW_WIDTH}px; height: {IMG_BUTTON_PM_NEW_HEIGHT}px; }\n.buttons div.forwardpm-icon	{ width: {IMG_BUTTON_PM_FORWARD_WIDTH}px; height: {IMG_BUTTON_PM_FORWARD_HEIGHT}px; }\n\n/* Sub-header (navigation bar)\n--------------------------------------------- */\na.print, a.sendemail, a.fontsize {\n	display: block;\n	overflow: hidden;\n	height: 18px;\n	text-indent: -5000px;\n	text-align: left;\n	background-repeat: no-repeat;\n}\n\na.print {\n	background-image: none;\n	width: 22px;\n}\n\na.sendemail {\n	background-image: none;\n	width: 22px;\n}\n\na.fontsize {\n	background-image: none;\n	background-position: 0 -1px;\n	width: 29px;\n}\n\na.fontsize:hover {\n	background-position: 0 -20px;\n	text-decoration: none;\n}\n\n/* Icon images\n---------------------------------------- */\n.sitehome, .icon-faq, .icon-members, .icon-home, .icon-ucp, .icon-register, .icon-logout,\n.icon-bookmark, .icon-bump, .icon-subscribe, .icon-unsubscribe, .icon-pages, .icon-search {\n	background-position: 0 50%;\n	background-repeat: no-repeat;\n	background-image: none;\n	padding: 1px 0 0 17px;\n}\n\n/* Poster profile icons\n----------------------------------------*/\nul.profile-icons {\n	padding-top: 10px;\n	list-style: none;\n}\n\n/* Rollover state */\nul.profile-icons li {\n	float: left;\n	margin: 0 6px 3px 0;\n	background-position: 0 100%;\n}\n\n/* Rolloff state */\nul.profile-icons li a {\n	display: block;\n	width: 100%;\n	height: 100%;\n	background-position: 0 0;\n}\n\n/* Hide <a> text and hide off-state image when rolling over (prevents flicker in IE) */\nul.profile-icons li span { display:none; }\nul.profile-icons li a:hover { background: none; }\n\n/* Positioning of moderator icons */\n.postbody ul.profile-icons {\n	float: right;\n	width: auto;\n	padding: 0;\n}\n\n.postbody ul.profile-icons li {\n	margin: 0 3px;\n}\n\n/* Profile & navigation icons */\n.email-icon, .email-icon a		{ background: none top left no-repeat; }\n.aim-icon, .aim-icon a			{ background: none top left no-repeat; }\n.yahoo-icon, .yahoo-icon a		{ background: none top left no-repeat; }\n.web-icon, .web-icon a			{ background: none top left no-repeat; }\n.msnm-icon, .msnm-icon a			{ background: none top left no-repeat; }\n.icq-icon, .icq-icon a			{ background: none top left no-repeat; }\n.jabber-icon, .jabber-icon a		{ background: none top left no-repeat; }\n.pm-icon, .pm-icon a				{ background: none top left no-repeat; }\n.quote-icon, .quote-icon a		{ background: none top left no-repeat; }\n\n/* Moderator icons */\n.report-icon, .report-icon a		{ background: none top left no-repeat; }\n.warn-icon, .warn-icon a			{ background: none top left no-repeat; }\n.edit-icon, .edit-icon a			{ background: none top left no-repeat; }\n.delete-icon, .delete-icon a		{ background: none top left no-repeat; }\n.info-icon, .info-icon a			{ background: none top left no-repeat; }\n\n/* Set profile icon dimensions */\nul.profile-icons li.email-icon		{ width: {IMG_ICON_CONTACT_EMAIL_WIDTH}px; height: {IMG_ICON_CONTACT_EMAIL_HEIGHT}px; }\nul.profile-icons li.aim-icon	{ width: {IMG_ICON_CONTACT_AIM_WIDTH}px; height: {IMG_ICON_CONTACT_AIM_HEIGHT}px; }\nul.profile-icons li.yahoo-icon	{ width: {IMG_ICON_CONTACT_YAHOO_WIDTH}px; height: {IMG_ICON_CONTACT_YAHOO_HEIGHT}px; }\nul.profile-icons li.web-icon	{ width: {IMG_ICON_CONTACT_WWW_WIDTH}px; height: {IMG_ICON_CONTACT_WWW_HEIGHT}px; }\nul.profile-icons li.msnm-icon	{ width: {IMG_ICON_CONTACT_MSNM_WIDTH}px; height: {IMG_ICON_CONTACT_MSNM_HEIGHT}px; }\nul.profile-icons li.icq-icon	{ width: {IMG_ICON_CONTACT_ICQ_WIDTH}px; height: {IMG_ICON_CONTACT_ICQ_HEIGHT}px; }\nul.profile-icons li.jabber-icon	{ width: {IMG_ICON_CONTACT_JABBER_WIDTH}px; height: {IMG_ICON_CONTACT_JABBER_HEIGHT}px; }\nul.profile-icons li.pm-icon		{ width: {IMG_ICON_CONTACT_PM_WIDTH}px; height: {IMG_ICON_CONTACT_PM_HEIGHT}px; }\nul.profile-icons li.quote-icon	{ width: {IMG_ICON_POST_QUOTE_WIDTH}px; height: {IMG_ICON_POST_QUOTE_HEIGHT}px; }\nul.profile-icons li.report-icon	{ width: {IMG_ICON_POST_REPORT_WIDTH}px; height: {IMG_ICON_POST_REPORT_HEIGHT}px; }\nul.profile-icons li.edit-icon	{ width: {IMG_ICON_POST_EDIT_WIDTH}px; height: {IMG_ICON_POST_EDIT_HEIGHT}px; }\nul.profile-icons li.delete-icon	{ width: {IMG_ICON_POST_DELETE_WIDTH}px; height: {IMG_ICON_POST_DELETE_HEIGHT}px; }\nul.profile-icons li.info-icon	{ width: {IMG_ICON_POST_INFO_WIDTH}px; height: {IMG_ICON_POST_INFO_HEIGHT}px; }\nul.profile-icons li.warn-icon	{ width: {IMG_ICON_USER_WARN_WIDTH}px; height: {IMG_ICON_USER_WARN_HEIGHT}px; }\n\n/* Fix profile icon default margins */\nul.profile-icons li.edit-icon	{ margin: 0 0 0 3px; }\nul.profile-icons li.quote-icon	{ margin: 0 0 0 10px; }\nul.profile-icons li.info-icon, ul.profile-icons li.report-icon	{ margin: 0 3px 0 0; }\n/* Control Panel Styles\n---------------------------------------- */\n\n\n/* Main CP box\n----------------------------------------*/\n#cp-menu {\n	float:left;\n	width: 19%;\n	margin-top: 1em;\n	margin-bottom: 5px;\n}\n\n#cp-main {\n	float: left;\n	width: 81%;\n}\n\n#cp-main .content {\n	padding: 0;\n}\n\n#cp-main h3, #cp-main hr, #cp-menu hr {\n	border-color: #bfbfbf;\n}\n\n#cp-main .panel p {\n	font-size: 1.1em;\n}\n\n#cp-main .panel ol {\n	margin-left: 2em;\n	font-size: 1.1em;\n}\n\n#cp-main .panel li.row {\n	border-bottom: 1px solid #cbcbcb;\n	border-top: 1px solid #F9F9F9;\n}\n\nul.cplist {\n	margin-bottom: 5px;\n	border-top: 1px solid #cbcbcb;\n}\n\n#cp-main .panel li.header dd, #cp-main .panel li.header dt {\n	color: #000000;\n	margin-bottom: 2px;\n}\n\n#cp-main table.table1 {\n	margin-bottom: 1em;\n}\n\n#cp-main table.table1 thead th {\n	color: #333333;\n	font-weight: bold;\n	border-bottom: 1px solid #333333;\n	padding: 5px;\n}\n\n#cp-main table.table1 tbody th {\n	font-style: italic;\n	background-color: transparent !important;\n	border-bottom: none;\n}\n\n#cp-main .pagination {\n	float: right;\n	width: auto;\n	padding-top: 1px;\n}\n\n#cp-main .postbody p {\n	font-size: 1.1em;\n}\n\n#cp-main .pm-message {\n	border: 1px solid #e2e2e2;\n	margin: 10px 0;\n	background-color: #FFFFFF;\n	width: auto;\n	float: none;\n}\n\n.pm-message h2 {\n	padding-bottom: 5px;\n}\n\n#cp-main .postbody h3, #cp-main .box2 h3 {\n	margin-top: 0;\n}\n\n#cp-main .buttons {\n	margin-left: 0;\n}\n\n#cp-main ul.linklist {\n	margin: 0;\n}\n\n/* MCP Specific tweaks */\n.mcp-main .postbody {\n	width: 100%;\n}\n\n.tabs-container h2 {\n	float: left;\n	margin-bottom: 0px;\n}\n\n.tabs-container #minitabs {\n	float: right;\n	margin-top: 19px;\n}\n\n.tabs-container:after {\n	display: block;\n	clear: both;\n	content: \'\';\n}\n\n/* CP tabbed menu\n----------------------------------------*/\n#tabs {\n	line-height: normal;\n	margin: 20px 0 -1px 7px;\n	min-width: 570px;\n}\n\n#tabs ul {\n	margin:0;\n	padding: 0;\n	list-style: none;\n}\n\n#tabs li {\n	display: inline;\n	margin: 0;\n	padding: 0;\n	font-size: 1em;\n	font-weight: bold;\n}\n\n#tabs a {\n	float: left;\n	background: none no-repeat 0% -35px;\n	margin: 0 1px 0 0;\n	padding: 0 0 0 5px;\n	text-decoration: none;\n	position: relative;\n	cursor: pointer;\n}\n\n#tabs a span {\n	float: left;\n	display: block;\n	background: none no-repeat 100% -35px;\n	padding: 6px 10px 6px 5px;\n	color: #828282;\n	white-space: nowrap;\n}\n\n#tabs a:hover span {\n	color: #bcbcbc;\n}\n\n#tabs .activetab a {\n	background-position: 0 0;\n	border-bottom: 1px solid #ebebeb;\n}\n\n#tabs .activetab a span {\n	background-position: 100% 0;\n	padding-bottom: 7px;\n	color: #333333;\n}\n\n#tabs a:hover {\n	background-position: 0 -70px;\n}\n\n#tabs a:hover span {\n	background-position:100% -70px;\n}\n\n#tabs .activetab a:hover {\n	background-position: 0 0;\n}\n\n#tabs .activetab a:hover span {\n	color: #000000;\n	background-position: 100% 0;\n}\n\n/* Mini tabbed menu used in MCP\n----------------------------------------*/\n#minitabs {\n	line-height: normal;\n	margin: -20px 7px 0 0;\n}\n\n#minitabs ul {\n	margin:0;\n	padding: 0;\n	list-style: none;\n}\n\n#minitabs li {\n	display: block;\n	float: right;\n	padding: 0 10px 4px 10px;\n	font-size: 1em;\n	font-weight: bold;\n	background-color: #f2f2f2;\n	margin-left: 2px;\n}\n\n#minitabs a {\n}\n\n#minitabs a:hover {\n	text-decoration: none;\n}\n\n#minitabs li.activetab {\n	background-color: #F9F9F9;\n}\n\n#minitabs li.activetab a, #minitabs li.activetab a:hover {\n	color: #333333;\n}\n\n/* UCP navigation menu\n----------------------------------------*/\n/* Container for sub-navigation list */\n#navigation {\n	width: 100%;\n	padding-top: 36px;\n}\n\n#navigation ul {\n	list-style:none;\n}\n\n/* Default list state */\n#navigation li {\n	margin: 1px 0;\n	padding: 0;\n	font-weight: bold;\n	display: inline;\n}\n\n/* Link styles for the sub-section links */\n#navigation a {\n	display: block;\n	padding: 5px;\n	margin: 1px 0;\n	text-decoration: none;\n	font-weight: bold;\n	color: #333;\n	background: #cfcfcf none repeat-y 100% 0;\n}\n\n#navigation a:hover {\n	text-decoration: none;\n	background-color: #c6c6c6;\n	color: #bcbcbc;\n	background-image: none;\n}\n\n#navigation #active-subsection a {\n	display: block;\n	color: #d3d3d3;\n	background-color: #F9F9F9;\n	background-image: none;\n}\n\n#navigation #active-subsection a:hover {\n	color: #d3d3d3;\n}\n\n/* Preferences pane layout\n----------------------------------------*/\n#cp-main h2 {\n	border-bottom: none;\n	padding: 0;\n	margin-left: 10px;\n	color: #333333;\n}\n\n#cp-main .panel {\n	background-color: #F9F9F9;\n}\n\n#cp-main .pm {\n	background-color: #FFFFFF;\n}\n\n#cp-main span.corners-top, #cp-menu span.corners-top {\n	background-image: none;\n}\n\n#cp-main span.corners-top span, #cp-menu span.corners-top span {\n	background-image: none;\n}\n\n#cp-main span.corners-bottom, #cp-menu span.corners-bottom {\n	background-image: none;\n}\n\n#cp-main span.corners-bottom span, #cp-menu span.corners-bottom span {\n	background-image: none;\n}\n\n/* Topicreview */\n#cp-main .panel #topicreview span.corners-top, #cp-menu .panel #topicreview span.corners-top {\n	background-image: none;\n}\n\n#cp-main .panel #topicreview span.corners-top span, #cp-menu .panel #topicreview span.corners-top span {\n	background-image: none;\n}\n\n#cp-main .panel #topicreview span.corners-bottom, #cp-menu .panel #topicreview span.corners-bottom {\n	background-image: none;\n}\n\n#cp-main .panel #topicreview span.corners-bottom span, #cp-menu .panel #topicreview span.corners-bottom span {\n	background-image: none;\n}\n\n/* Friends list */\n.cp-mini {\n	background-color: #f9f9f9;\n	padding: 0 5px;\n	margin: 10px 15px 10px 5px;\n}\n\n.cp-mini span.corners-top, .cp-mini span.corners-bottom {\n	margin: 0 -5px;\n}\n\ndl.mini dt {\n	font-weight: bold;\n	color: #676767;\n}\n\ndl.mini dd {\n	padding-top: 4px;\n}\n\n.friend-online {\n	font-weight: bold;\n}\n\n.friend-offline {\n	font-style: italic;\n}\n\n/* PM Styles\n----------------------------------------*/\n#pm-menu {\n	line-height: 2.5em;\n}\n\n/* PM panel adjustments */\n.reply-all a.left {\n	background-position: 3px 60%;\n}\n\n.reply-all a.left:hover {\n	background-position: 0px 60%;\n}\n\n.reply-all {\n	font-size: 11px;\n	padding-top: 5px;\n}\n\n/* PM Message history */\n.current {\n	color: #999999;\n}\n\n/* Defined rules list for PM options */\nol.def-rules {\n	padding-left: 0;\n}\n\nol.def-rules li {\n	line-height: 180%;\n	padding: 1px;\n}\n\n/* PM marking colours */\n.pmlist li.bg1 {\n	padding: 0 3px;\n}\n\n.pmlist li.bg2 {\n	padding: 0 3px;\n}\n\n.pmlist li.pm_message_reported_colour, .pm_message_reported_colour {\n	border-left-color: #bcbcbc;\n	border-right-color: #bcbcbc;\n}\n\n.pmlist li.pm_marked_colour, .pm_marked_colour {\n	padding: 0;\n	border: solid 3px #ffffff;\n	border-width: 0 3px;\n}\n\n.pmlist li.pm_replied_colour, .pm_replied_colour {\n	padding: 0;\n	border: solid 3px #c2c2c2;\n	border-width: 0 3px;\n}\n\n.pmlist li.pm_friend_colour, .pm_friend_colour {\n	padding: 0;\n	border: solid 3px #bdbdbd;\n	border-width: 0 3px;\n}\n\n.pmlist li.pm_foe_colour, .pm_foe_colour {\n	padding: 0;\n	border: solid 3px #000000;\n	border-width: 0 3px;\n}\n\n.pm-legend {\n	border-left-width: 10px;\n	border-left-style: solid;\n	border-right-width: 0;\n	margin-bottom: 3px;\n	padding-left: 3px;\n}\n\n/* Avatar gallery */\n#gallery label {\n	position: relative;\n	float: left;\n	margin: 10px;\n	padding: 5px;\n	width: auto;\n	background: #FFFFFF;\n	border: 1px solid #CCC;\n	text-align: center;\n}\n\n#gallery label:hover {\n	background-color: #EEE;\n}\n/* Form Styles\n---------------------------------------- */\n\n/* General form styles\n----------------------------------------*/\nfieldset {\n	border-width: 0;\n	font-family: Verdana, Helvetica, Arial, sans-serif;\n	font-size: 1.1em;\n}\n\ninput {\n	font-weight: normal;\n	cursor: pointer;\n	vertical-align: middle;\n	padding: 0 3px;\n	font-size: 1em;\n	font-family: Verdana, Helvetica, Arial, sans-serif;\n}\n\nselect {\n	font-family: Verdana, Helvetica, Arial, sans-serif;\n	font-weight: normal;\n	cursor: pointer;\n	vertical-align: middle;\n	border: 1px solid #666666;\n	padding: 1px;\n	background-color: #FAFAFA;\n	font-size: 1em;\n}\n\noption {\n	padding-right: 1em;\n}\n\noption.disabled-option {\n	color: graytext;\n}\n\ntextarea {\n	font-family: \"Lucida Grande\", Verdana, Helvetica, Arial, sans-serif;\n	width: 60%;\n	padding: 2px;\n	font-size: 1em;\n	line-height: 1.4em;\n}\n\nlabel {\n	cursor: default;\n	padding-right: 5px;\n	color: #676767;\n}\n\nlabel input {\n	vertical-align: middle;\n}\n\nlabel img {\n	vertical-align: middle;\n}\n\n/* Definition list layout for forms\n---------------------------------------- */\nfieldset dl {\n	padding: 4px 0;\n}\n\nfieldset dt {\n	float: left;	\n	width: 40%;\n	text-align: left;\n	display: block;\n}\n\nfieldset dd {\n	margin-left: 41%;\n	vertical-align: top;\n	margin-bottom: 3px;\n}\n\n/* Specific layout 1 */\nfieldset.fields1 dt {\n	width: 15em;\n	border-right-width: 0;\n}\n\nfieldset.fields1 dd {\n	margin-left: 15em;\n	border-left-width: 0;\n}\n\nfieldset.fields1 {\n	background-color: transparent;\n}\n\nfieldset.fields1 div {\n	margin-bottom: 3px;\n}\n\n/* Set it back to 0px for the reCaptcha divs: PHPBB3-9587 */\nfieldset.fields1 #recaptcha_widget_div div {\n	margin-bottom: 0;\n}\n\n/* Specific layout 2 */\nfieldset.fields2 dt {\n	width: 15em;\n	border-right-width: 0;\n}\n\nfieldset.fields2 dd {\n	margin-left: 16em;\n	border-left-width: 0;\n}\n\n/* Form elements */\ndt label {\n	font-weight: bold;\n	text-align: left;\n}\n\ndd label {\n	white-space: nowrap;\n	color: #333;\n}\n\ndd input, dd textarea {\n	margin-right: 3px;\n}\n\ndd select {\n	width: auto;\n}\n\ndd textarea {\n	width: 85%;\n}\n\n/* Hover effects */\nfieldset dl:hover dt label {\n	color: #000000;\n}\n\nfieldset.fields2 dl:hover dt label {\n	color: inherit;\n}\n\n#timezone {\n	width: 95%;\n}\n\n* html #timezone {\n	width: 50%;\n}\n\n/* Quick-login on index page */\nfieldset.quick-login {\n	margin-top: 5px;\n}\n\nfieldset.quick-login input {\n	width: auto;\n}\n\nfieldset.quick-login input.inputbox {\n	width: 15%;\n	vertical-align: middle;\n	margin-right: 5px;\n	background-color: #f3f3f3;\n}\n\nfieldset.quick-login label {\n	white-space: nowrap;\n	padding-right: 2px;\n}\n\n/* Display options on viewtopic/viewforum pages  */\nfieldset.display-options {\n	text-align: center;\n	margin: 3px 0 5px 0;\n}\n\nfieldset.display-options label {\n	white-space: nowrap;\n	padding-right: 2px;\n}\n\nfieldset.display-options a {\n	margin-top: 3px;\n}\n\n/* Display actions for ucp and mcp pages */\nfieldset.display-actions {\n	text-align: right;\n	line-height: 2em;\n	white-space: nowrap;\n	padding-right: 1em;\n}\n\nfieldset.display-actions label {\n	white-space: nowrap;\n	padding-right: 2px;\n}\n\nfieldset.sort-options {\n	line-height: 2em;\n}\n\n/* MCP forum selection*/\nfieldset.forum-selection {\n	margin: 5px 0 3px 0;\n	float: right;\n}\n\nfieldset.forum-selection2 {\n	margin: 13px 0 3px 0;\n	float: right;\n}\n\n/* Jumpbox */\nfieldset.jumpbox {\n	text-align: right;\n	margin-top: 15px;\n	height: 2.5em;\n}\n\nfieldset.quickmod {\n	width: 50%;\n	float: right;\n	text-align: right;\n	height: 2.5em;\n}\n\n/* Submit button fieldset */\nfieldset.submit-buttons {\n	text-align: center;\n	vertical-align: middle;\n	margin: 5px 0;\n}\n\nfieldset.submit-buttons input {\n	vertical-align: middle;\n	padding-top: 3px;\n	padding-bottom: 3px;\n}\n\n/* Posting page styles\n----------------------------------------*/\n\n/* Buttons used in the editor */\n#format-buttons {\n	margin: 15px 0 2px 0;\n}\n\n#format-buttons input, #format-buttons select {\n	vertical-align: middle;\n}\n\n/* Main message box */\n#message-box {\n	width: 80%;\n}\n\n#message-box textarea {\n	font-family: \"Trebuchet MS\", Verdana, Helvetica, Arial, sans-serif;\n	width: 450px;\n	height: 270px;\n	min-width: 100%;\n	max-width: 100%;\n	font-size: 1.2em;\n	color: #333333;\n}\n\n/* Emoticons panel */\n#smiley-box {\n	width: 18%;\n	float: right;\n}\n\n#smiley-box img {\n	margin: 3px;\n}\n\n/* Input field styles\n---------------------------------------- */\n.inputbox {\n	background-color: #FFFFFF;\n	border: 1px solid #c0c0c0;\n	color: #333333;\n	padding: 2px;\n	cursor: text;\n}\n\n.inputbox:hover {\n	border: 1px solid #eaeaea;\n}\n\n.inputbox:focus {\n	border: 1px solid #eaeaea;\n	color: #4b4b4b;\n}\n\ninput.inputbox	{ width: 85%; }\ninput.medium	{ width: 50%; }\ninput.narrow	{ width: 25%; }\ninput.tiny		{ width: 125px; }\n\ntextarea.inputbox {\n	width: 85%;\n}\n\n.autowidth {\n	width: auto !important;\n}\n\n/* Form button styles\n---------------------------------------- */\ninput.button1, input.button2 {\n	font-size: 1em;\n}\n\na.button1, input.button1, input.button3, a.button2, input.button2 {\n	width: auto !important;\n	padding-top: 1px;\n	padding-bottom: 1px;\n	font-family: \"Lucida Grande\", Verdana, Helvetica, Arial, sans-serif;\n	color: #000;\n	background: #FAFAFA none repeat-x top left;\n}\n\na.button1, input.button1 {\n	font-weight: bold;\n	border: 1px solid #666666;\n}\n\ninput.button3 {\n	padding: 0;\n	margin: 0;\n	line-height: 5px;\n	height: 12px;\n	background-image: none;\n	font-variant: small-caps;\n}\n\n/* Alternative button */\na.button2, input.button2, input.button3 {\n	border: 1px solid #666666;\n}\n\n/* <a> button in the style of the form buttons */\na.button1, a.button1:link, a.button1:visited, a.button1:active, a.button2, a.button2:link, a.button2:visited, a.button2:active {\n	text-decoration: none;\n	color: #000000;\n	padding: 2px 8px;\n	line-height: 250%;\n	vertical-align: text-bottom;\n	background-position: 0 1px;\n}\n\n/* Hover states */\na.button1:hover, input.button1:hover, a.button2:hover, input.button2:hover, input.button3:hover {\n	border: 1px solid #BCBCBC;\n	background-position: 0 100%;\n	color: #BCBCBC;\n}\n\ninput.disabled {\n	font-weight: normal;\n	color: #666666;\n}\n\n/* Topic and forum Search */\n.search-box {\n	margin-top: 3px;\n	margin-left: 5px;\n	float: left;\n}\n\n.search-box input {\n}\n\ninput.search {\n	background-image: none;\n	background-repeat: no-repeat;\n	background-position: left 1px;\n	padding-left: 17px;\n}\n\n.full { width: 95%; }\n.medium { width: 50%;}\n.narrow { width: 25%;}\n.tiny { width: 10%;}\n/* Style Sheet Tweaks\n\nThese style definitions are mainly IE specific \ntweaks required due to its poor CSS support.\n-------------------------------------------------*/\n\n* html table, * html select, * html input { font-size: 100%; }\n* html hr { margin: 0; }\n* html span.corners-top, * html span.corners-bottom { background-image: url(\"{T_THEME_PATH}/images/corners_left.gif\"); }\n* html span.corners-top span, * html span.corners-bottom span { background-image: url(\"{T_THEME_PATH}/images/corners_right.gif\"); }\n\ntable.table1 {\n	width: 99%;		/* IE < 6 browsers */\n	/* Tantek hack */\n	voice-family: \"\\\"}\\\"\";\n	voice-family: inherit;\n	width: 100%;\n}\nhtml>body table.table1 { width: 100%; }	/* Reset 100% for opera */\n\n* html ul.topiclist li { position: relative; }\n* html .postbody h3 img { vertical-align: middle; }\n\n/* Form styles */\nhtml>body dd label input { vertical-align: text-bottom; }	/* Align checkboxes/radio buttons nicely */\n\n* html input.button1, * html input.button2 {\n	padding-bottom: 0;\n	margin-bottom: 1px;\n}\n\n/* Misc layout styles */\n* html .column1, * html .column2 { width: 45%; }\n\n/* Nice method for clearing floated blocks without having to insert any extra markup (like spacer above)\n   From http://www.positioniseverything.net/easyclearing.html \n#tabs:after, #minitabs:after, .post:after, .navbar:after, fieldset dl:after, ul.topiclist dl:after, ul.linklist:after, dl.polls:after {\n	content: \".\"; \n	display: block; \n	height: 0; \n	clear: both; \n	visibility: hidden;\n}*/\n\n.clearfix, #tabs, #minitabs, fieldset dl, ul.topiclist dl, dl.polls {\n	height: 1%;\n	overflow: hidden;\n}\n\n/* viewtopic fix */\n* html .post {\n	height: 25%;\n	overflow: hidden;\n}\n\n/* navbar fix */\n* html .clearfix, * html .navbar, ul.linklist {\n	height: 4%;\n	overflow: hidden;\n}\n\n/* Simple fix so forum and topic lists always have a min-height set, even in IE6\n	From http://www.dustindiaz.com/min-height-fast-hack */\ndl.icon {\n	min-height: 35px;\n	height: auto !important;\n	height: 35px;\n}\n\n* html li.row dl.icon dt {\n	height: 35px;\n	overflow: visible;\n}\n\n* html #search-box {\n	width: 25%;\n}\n\n/* Correctly clear floating for details on profile view */\n*:first-child+html dl.details dd {\n	margin-left: 30%;\n	float: none;\n}\n\n* html dl.details dd {\n	margin-left: 30%;\n	float: none;\n}\n\n/* Headerbar height fix for IE7 and below */\n* html #site-description p {\n	margin-bottom: 1.0em;\n}\n\n*:first-child+html #site-description p {\n	margin-bottom: 1.0em;\n}\n\n/* #minitabs fix for IE */\n.tabs-container {\n	zoom: 1;\n}\n\n#minitabs {\n	white-space: nowrap;\n	*min-width: 50%;\n}\n/*  	\n--------------------------------------------------------------\nColours and backgrounds for common.css\n-------------------------------------------------------------- */\n\nhtml, body {\n	color: #536482;\n	background-color: #FFFFFF;\n}\n\nh1 {\n	color: #FFFFFF;\n}\n\nh2 {\n	color: #28313F;\n}\n\nh3 {\n	border-bottom-color: #CCCCCC;\n	color: #115098;\n}\n\nhr {\n	border-color: #FFFFFF;\n	border-top-color: #CCCCCC;\n}\n\nhr.dashed {\n	border-top-color: #CCCCCC;\n}\n\n/* Search box\n--------------------------------------------- */\n\n#search-box {\n	color: #FFFFFF;\n}\n\n#search-box #keywords {\n	background-color: #FFF;\n}\n\n#search-box input {\n	border-color: #0075B0;\n}\n\n/* Round cornered boxes and backgrounds\n---------------------------------------- */\n.headerbar {\n	background-color: #12A3EB;\n	background-image: url(\"{T_THEME_PATH}/images/bg_header.gif\");\n	color: #FFFFFF;\n}\n\n.navbar {\n	background-color: #cadceb;\n}\n\n.forabg {\n	background-color: #0076b1;\n	background-image: url(\"{T_THEME_PATH}/images/bg_list.gif\");\n}\n\n.forumbg {\n	background-color: #12A3EB;\n	background-image: url(\"{T_THEME_PATH}/images/bg_header.gif\");\n}\n\n.panel {\n	background-color: #ECF1F3;\n	color: #28313F;\n}\n\n.post:target .content {\n	color: #000000;\n}\n\n.post:target h3 a {\n	color: #000000;\n}\n\n.bg1	{ background-color: #ECF3F7; }\n.bg2	{ background-color: #e1ebf2;  }\n.bg3	{ background-color: #cadceb; }\n\n.ucprowbg {\n	background-color: #DCDEE2;\n}\n\n.fieldsbg {\n	background-color: #E7E8EA;\n}\n\nspan.corners-top {\n	background-image: url(\"{T_THEME_PATH}/images/corners_left.png\");\n}\n\nspan.corners-top span {\n	background-image: url(\"{T_THEME_PATH}/images/corners_right.png\");\n}\n\nspan.corners-bottom {\n	background-image: url(\"{T_THEME_PATH}/images/corners_left.png\");\n}\n\nspan.corners-bottom span {\n	background-image: url(\"{T_THEME_PATH}/images/corners_right.png\");\n}\n\n/* Horizontal lists\n----------------------------------------*/\n\nul.navlinks {\n	border-bottom-color: #FFFFFF;\n}\n\n/* Table styles\n----------------------------------------*/\ntable.table1 thead th {\n	color: #FFFFFF;\n}\n\ntable.table1 tbody tr {\n	border-color: #BFC1CF;\n}\n\ntable.table1 tbody tr:hover, table.table1 tbody tr.hover {\n	background-color: #CFE1F6;\n	color: #000;\n}\n\ntable.table1 td {\n	color: #536482;\n}\n\ntable.table1 tbody td {\n	border-top-color: #FAFAFA;\n}\n\ntable.table1 tbody th {\n	border-bottom-color: #000000;\n	color: #333333;\n	background-color: #FFFFFF;\n}\n\ntable.info tbody th {\n	color: #000000;\n}\n\n/* Misc layout styles\n---------------------------------------- */\ndl.details dt {\n	color: #000000;\n}\n\ndl.details dd {\n	color: #536482;\n}\n\n.sep {\n	color: #1198D9;\n}\n\n/* Pagination\n---------------------------------------- */\n\n.pagination span strong {\n	color: #FFFFFF;\n	background-color: #4692BF;\n	border-color: #4692BF;\n}\n\n.pagination span a, .pagination span a:link, .pagination span a:visited {\n	color: #5C758C;\n	background-color: #ECEDEE;\n	border-color: #B4BAC0;\n}\n\n.pagination span a:hover {\n	border-color: #368AD2;\n	background-color: #368AD2;\n	color: #FFF;\n}\n\n.pagination span a:active {\n	color: #5C758C;\n	background-color: #ECEDEE;\n	border-color: #B4BAC0;\n}\n\n/* Pagination in viewforum for multipage topics */\n.row .pagination {\n	background-image: url(\"{T_THEME_PATH}/images/icon_pages.gif\");\n}\n\n.row .pagination span a, li.pagination span a {\n	background-color: #FFFFFF;\n}\n\n.row .pagination span a:hover, li.pagination span a:hover {\n	background-color: #368AD2;\n}\n\n/* Miscellaneous styles\n---------------------------------------- */\n\n.copyright {\n	color: #555555;\n}\n\n.error {\n	color: #BC2A4D;\n}\n\n.reported {\n	background-color: #F7ECEF;\n}\n\nli.reported:hover {\n	background-color: #ECD5D8 !important;\n}\n.sticky, .announce {\n	/* you can add a background for stickies and announcements*/\n}\n\ndiv.rules {\n	background-color: #ECD5D8;\n	color: #BC2A4D;\n}\n\np.rules {\n	background-color: #ECD5D8;\n	background-image: none;\n}\n\n/*  	\n--------------------------------------------------------------\nColours and backgrounds for links.css\n-------------------------------------------------------------- */\n\na:link	{ color: #105289; }\na:visited	{ color: #105289; }\na:hover	{ color: #D31141; }\na:active	{ color: #368AD2; }\n\n/* Links on gradient backgrounds */\n#search-box a:link, .navbg a:link, .forumbg .header a:link, .forabg .header a:link, th a:link {\n	color: #FFFFFF;\n}\n\n#search-box a:visited, .navbg a:visited, .forumbg .header a:visited, .forabg .header a:visited, th a:visited {\n	color: #FFFFFF;\n}\n\n#search-box a:hover, .navbg a:hover, .forumbg .header a:hover, .forabg .header a:hover, th a:hover {\n	color: #A8D8FF;\n}\n\n#search-box a:active, .navbg a:active, .forumbg .header a:active, .forabg .header a:active, th a:active {\n	color: #C8E6FF;\n}\n\n/* Links for forum/topic lists */\na.forumtitle {\n	color: #105289;\n}\n\n/* a.forumtitle:visited { color: #105289; } */\n\na.forumtitle:hover {\n	color: #BC2A4D;\n}\n\na.forumtitle:active {\n	color: #105289;\n}\n\na.topictitle {\n	color: #105289;\n}\n\n/* a.topictitle:visited { color: #368AD2; } */\n\na.topictitle:hover {\n	color: #BC2A4D;\n}\n\na.topictitle:active {\n	color: #105289;\n}\n\n/* Post body links */\n.postlink {\n	color: #368AD2;\n	border-bottom-color: #368AD2;\n}\n\n.postlink:visited {\n	color: #5D8FBD;\n	border-bottom-color: #5D8FBD;\n}\n\n.postlink:active {\n	color: #368AD2;\n}\n\n.postlink:hover {\n	background-color: #D0E4F6;\n	color: #0D4473;\n}\n\n.signature a, .signature a:visited, .signature a:hover, .signature a:active {\n	background-color: transparent;\n}\n\n/* Profile links */\n.postprofile a:link, .postprofile a:visited, .postprofile dt.author a {\n	color: #105289;\n}\n\n.postprofile a:hover, .postprofile dt.author a:hover {\n	color: #D31141;\n}\n\n.postprofile a:active {\n	color: #105289;\n}\n\n/* Profile searchresults */	\n.search .postprofile a {\n	color: #105289;\n}\n\n.search .postprofile a:hover {\n	color: #D31141;\n}\n\n/* Back to top of page */\na.top {\n	background-image: url(\"{IMG_ICON_BACK_TOP_SRC}\");\n}\n\na.top2 {\n	background-image: url(\"{IMG_ICON_BACK_TOP_SRC}\");\n}\n\n/* Arrow links  */\na.up		{ background-image: url(\"{T_THEME_PATH}/images/arrow_up.gif\") }\na.down		{ background-image: url(\"{T_THEME_PATH}/images/arrow_down.gif\") }\na.left		{ background-image: url(\"{T_THEME_PATH}/images/arrow_left.gif\") }\na.right		{ background-image: url(\"{T_THEME_PATH}/images/arrow_right.gif\") }\n\na.up:hover {\n	background-color: transparent;\n}\n\na.left:hover {\n	color: #368AD2;\n}\n\na.right:hover {\n	color: #368AD2;\n}\n\n\n/*  	\n--------------------------------------------------------------\nColours and backgrounds for content.css\n-------------------------------------------------------------- */\n\nul.forums {\n	background-color: #eef5f9;\n	background-image: url(\"{T_THEME_PATH}/images/gradient.gif\");\n}\n\nul.topiclist li {\n	color: #4C5D77;\n}\n\nul.topiclist dd {\n	border-left-color: #FFFFFF;\n}\n\n.rtl ul.topiclist dd {\n	border-right-color: #fff;\n	border-left-color: transparent;\n}\n\nul.topiclist li.row dt a.subforum.read {\n	background-image: url(\"{IMG_SUBFORUM_READ_SRC}\");\n}\n\nul.topiclist li.row dt a.subforum.unread {\n	background-image: url(\"{IMG_SUBFORUM_UNREAD_SRC}\");\n}\n\nli.row {\n	border-top-color:  #FFFFFF;\n	border-bottom-color: #00608F;\n}\n\nli.row strong {\n	color: #000000;\n}\n\nli.row:hover {\n	background-color: #F6F4D0;\n}\n\nli.row:hover dd {\n	border-left-color: #CCCCCC;\n}\n\n.rtl li.row:hover dd {\n	border-right-color: #CCCCCC;\n	border-left-color: transparent;\n}\n\nli.header dt, li.header dd {\n	color: #FFFFFF;\n}\n\n/* Forum list column styles */\nul.topiclist dd.searchextra {\n	color: #333333;\n}\n\n/* Post body styles\n----------------------------------------*/\n.postbody {\n	color: #333333;\n}\n\n/* Content container styles\n----------------------------------------*/\n.content {\n	color: #333333;\n}\n\n.content h2, .panel h2 {\n	color: #115098;\n	border-bottom-color:  #CCCCCC;\n}\n\ndl.faq dt {\n	color: #333333;\n}\n\n.posthilit {\n	background-color: #F3BFCC;\n	color: #BC2A4D;\n}\n\n/* Post signature */\n.signature {\n	border-top-color: #CCCCCC;\n}\n\n/* Post noticies */\n.notice {\n	border-top-color:  #CCCCCC;\n}\n\n/* BB Code styles\n----------------------------------------*/\n/* Quote block */\nblockquote {\n	background-color: #EBEADD;\n	background-image: url(\"{T_THEME_PATH}/images/quote.gif\");\n	border-color:#DBDBCE;\n}\n\n.rtl blockquote {\n	background-image: url(\"{T_THEME_PATH}/images/quote_rtl.gif\");\n}\n\nblockquote blockquote {\n	/* Nested quotes */\n	background-color:#EFEED9;\n}\n\nblockquote blockquote blockquote {\n	/* Nested quotes */\n	background-color: #EBEADD;\n}\n\n/* Code block */\ndl.codebox {\n	background-color: #FFFFFF;\n	border-color: #C9D2D8;\n}\n\ndl.codebox dt {\n	border-bottom-color:  #CCCCCC;\n}\n\ndl.codebox code {\n	color: #2E8B57;\n}\n\n.syntaxbg		{ color: #FFFFFF; }\n.syntaxcomment	{ color: #FF8000; }\n.syntaxdefault	{ color: #0000BB; }\n.syntaxhtml		{ color: #000000; }\n.syntaxkeyword	{ color: #007700; }\n.syntaxstring	{ color: #DD0000; }\n\n/* Attachments\n----------------------------------------*/\n.attachbox {\n	background-color: #FFFFFF;\n	border-color:  #C9D2D8;\n}\n\n.pm-message .attachbox {\n	background-color: #F2F3F3;\n}\n\n.attachbox dd {\n	border-top-color: #C9D2D8;\n}\n\n.attachbox p {\n	color: #666666;\n}\n\n.attachbox p.stats {\n	color: #666666;\n}\n\n.attach-image img {\n	border-color: #999999;\n}\n\n/* Inline image thumbnails */\n\ndl.file dd {\n	color: #666666;\n}\n\ndl.thumbnail img {\n	border-color: #666666;\n	background-color: #FFFFFF;\n}\n\ndl.thumbnail dd {\n	color: #666666;\n}\n\ndl.thumbnail dt a:hover {\n	background-color: #EEEEEE;\n}\n\ndl.thumbnail dt a:hover img {\n	border-color: #368AD2;\n}\n\n/* Post poll styles\n----------------------------------------*/\n\nfieldset.polls dl {\n	border-top-color: #DCDEE2;\n	color: #666666;\n}\n\nfieldset.polls dl.voted {\n	color: #000000;\n}\n\nfieldset.polls dd div {\n	color: #FFFFFF;\n}\n\n.rtl .pollbar1, .rtl .pollbar2, .rtl .pollbar3, .rtl .pollbar4, .rtl .pollbar5 {\n	border-right-color: transparent;\n}\n\n.pollbar1 {\n	background-color: #AA2346;\n	border-bottom-color: #74162C;\n	border-right-color: #74162C;\n}\n\n.rtl .pollbar1 {\n	border-left-color: #74162C;\n}\n\n.pollbar2 {\n	background-color: #BE1E4A;\n	border-bottom-color: #8C1C38;\n	border-right-color: #8C1C38;\n}\n\n.rtl .pollbar2 {\n	border-left-color: #8C1C38;\n}\n\n.pollbar3 {\n	background-color: #D11A4E;\n	border-bottom-color: #AA2346;\n	border-right-color: #AA2346;\n}\n\n.rtl .pollbar3 {\n	border-left-color: #AA2346;\n}\n\n.pollbar4 {\n	background-color: #E41653;\n	border-bottom-color: #BE1E4A;\n	border-right-color: #BE1E4A;\n}\n\n.rtl .pollbar4 {\n	border-left-color: #BE1E4A;\n}\n\n.pollbar5 {\n	background-color: #F81157;\n	border-bottom-color: #D11A4E;\n	border-right-color: #D11A4E;\n}\n\n.rtl .pollbar5 {\n	border-left-color: #D11A4E;\n}\n\n/* Poster profile block\n----------------------------------------*/\n.postprofile {\n	color: #666666;\n	border-left-color: #FFFFFF;\n}\n\n.rtl .postprofile {\n	border-right-color: #FFFFFF;\n	border-left-color: transparent;\n}\n\n.pm .postprofile {\n	border-left-color: #DDDDDD;\n}\n\n.rtl .pm .postprofile {\n	border-right-color: #DDDDDD;\n	border-left-color: transparent;\n}\n\n.postprofile strong {\n	color: #000000;\n}\n\n.online {\n	background-image: url(\"{IMG_ICON_USER_ONLINE_SRC}\");\n}\n\n/*  	\n--------------------------------------------------------------\nColours and backgrounds for buttons.css\n-------------------------------------------------------------- */\n\n/* Big button images */\n.reply-icon span	{ background-image: url(\"{IMG_BUTTON_TOPIC_REPLY_SRC}\"); }\n.post-icon span		{ background-image: url(\"{IMG_BUTTON_TOPIC_NEW_SRC}\"); }\n.locked-icon span	{ background-image: url(\"{IMG_BUTTON_TOPIC_LOCKED_SRC}\"); }\n.pmreply-icon span	{ background-image: url(\"{IMG_BUTTON_PM_REPLY_SRC}\") ;}\n.newpm-icon span 	{ background-image: url(\"{IMG_BUTTON_PM_NEW_SRC}\") ;}\n.forwardpm-icon span	{ background-image: url(\"{IMG_BUTTON_PM_FORWARD_SRC}\") ;}\n\na.print {\n	background-image: url(\"{T_THEME_PATH}/images/icon_print.gif\");\n}\n\na.sendemail {\n	background-image: url(\"{T_THEME_PATH}/images/icon_sendemail.gif\");\n}\n\na.fontsize {\n	background-image: url(\"{T_THEME_PATH}/images/icon_fontsize.gif\");\n}\n\n/* Icon images\n---------------------------------------- */\n.sitehome						{ background-image: url(\"{T_THEME_PATH}/images/icon_home.gif\"); }\n.icon-faq						{ background-image: url(\"{T_THEME_PATH}/images/icon_faq.gif\"); }\n.icon-members					{ background-image: url(\"{T_THEME_PATH}/images/icon_members.gif\"); }\n.icon-home						{ background-image: url(\"{T_THEME_PATH}/images/icon_home.gif\"); }\n.icon-ucp						{ background-image: url(\"{T_THEME_PATH}/images/icon_ucp.gif\"); }\n.icon-register					{ background-image: url(\"{T_THEME_PATH}/images/icon_register.gif\"); }\n.icon-logout					{ background-image: url(\"{T_THEME_PATH}/images/icon_logout.gif\"); }\n.icon-bookmark					{ background-image: url(\"{T_THEME_PATH}/images/icon_bookmark.gif\"); }\n.icon-bump						{ background-image: url(\"{T_THEME_PATH}/images/icon_bump.gif\"); }\n.icon-subscribe					{ background-image: url(\"{T_THEME_PATH}/images/icon_subscribe.gif\"); }\n.icon-unsubscribe				{ background-image: url(\"{T_THEME_PATH}/images/icon_unsubscribe.gif\"); }\n.icon-pages						{ background-image: url(\"{T_THEME_PATH}/images/icon_pages.gif\"); }\n.icon-search					{ background-image: url(\"{T_THEME_PATH}/images/icon_search.gif\"); }\n\n/* Profile & navigation icons */\n.email-icon, .email-icon a		{ background-image: url(\"{IMG_ICON_CONTACT_EMAIL_SRC}\"); }\n.aim-icon, .aim-icon a			{ background-image: url(\"{IMG_ICON_CONTACT_AIM_SRC}\"); }\n.yahoo-icon, .yahoo-icon a		{ background-image: url(\"{IMG_ICON_CONTACT_YAHOO_SRC}\"); }\n.web-icon, .web-icon a			{ background-image: url(\"{IMG_ICON_CONTACT_WWW_SRC}\"); }\n.msnm-icon, .msnm-icon a			{ background-image: url(\"{IMG_ICON_CONTACT_MSNM_SRC}\"); }\n.icq-icon, .icq-icon a			{ background-image: url(\"{IMG_ICON_CONTACT_ICQ_SRC}\"); }\n.jabber-icon, .jabber-icon a		{ background-image: url(\"{IMG_ICON_CONTACT_JABBER_SRC}\"); }\n.pm-icon, .pm-icon a				{ background-image: url(\"{IMG_ICON_CONTACT_PM_SRC}\"); }\n.quote-icon, .quote-icon a		{ background-image: url(\"{IMG_ICON_POST_QUOTE_SRC}\"); }\n\n/* Moderator icons */\n.report-icon, .report-icon a		{ background-image: url(\"{IMG_ICON_POST_REPORT_SRC}\"); }\n.edit-icon, .edit-icon a			{ background-image: url(\"{IMG_ICON_POST_EDIT_SRC}\"); }\n.delete-icon, .delete-icon a		{ background-image: url(\"{IMG_ICON_POST_DELETE_SRC}\"); }\n.info-icon, .info-icon a			{ background-image: url(\"{IMG_ICON_POST_INFO_SRC}\"); }\n.warn-icon, .warn-icon a			{ background-image: url(\"{IMG_ICON_USER_WARN_SRC}\"); } /* Need updated warn icon */\n\n/*  	\n--------------------------------------------------------------\nColours and backgrounds for cp.css\n-------------------------------------------------------------- */\n\n/* Main CP box\n----------------------------------------*/\n\n#cp-main h3, #cp-main hr, #cp-menu hr {\n	border-color: #A4B3BF;\n}\n\n#cp-main .panel li.row {\n	border-bottom-color: #B5C1CB;\n	border-top-color: #F9F9F9;\n}\n\nul.cplist {\n	border-top-color: #B5C1CB;\n}\n\n#cp-main .panel li.header dd, #cp-main .panel li.header dt {\n	color: #000000;\n}\n\n#cp-main table.table1 thead th {\n	color: #333333;\n	border-bottom-color: #333333;\n}\n\n#cp-main .pm-message {\n	border-color: #DBDEE2;\n	background-color: #FFFFFF;\n}\n\n/* CP tabbed menu\n----------------------------------------*/\n#tabs a {\n	background-image: url(\"{T_THEME_PATH}/images/bg_tabs1.gif\");\n}\n\n#tabs a span {\n	background-image: url(\"{T_THEME_PATH}/images/bg_tabs2.gif\");\n	color: #536482;\n}\n\n#tabs a:hover span {\n	color: #BC2A4D;\n}\n\n#tabs .activetab a {\n	border-bottom-color: #CADCEB;\n}\n\n#tabs .activetab a span {\n	color: #333333;\n}\n\n#tabs .activetab a:hover span {\n	color: #000000;\n}\n\n/* Mini tabbed menu used in MCP\n----------------------------------------*/\n#minitabs li {\n	background-color: #E1EBF2;\n}\n\n#minitabs li.activetab {\n	background-color: #F9F9F9;\n}\n\n#minitabs li.activetab a, #minitabs li.activetab a:hover {\n	color: #333333;\n}\n\n/* UCP navigation menu\n----------------------------------------*/\n\n/* Link styles for the sub-section links */\n#navigation a {\n	color: #333;\n	background-color: #B2C2CF;\n	background-image: url(\"{T_THEME_PATH}/images/bg_menu.gif\");\n}\n\n.rtl #navigation a {\n	background-image: url(\"{T_THEME_PATH}/images/bg_menu_rtl.gif\");\n	background-position: 0 100%;\n}\n\n#navigation a:hover {\n	background-image: none;\n	background-color: #aabac6;\n	color: #BC2A4D;\n}\n\n#navigation #active-subsection a {\n	color: #D31141;\n	background-color: #F9F9F9;\n	background-image: none;\n}\n\n#navigation #active-subsection a:hover {\n	color: #D31141;\n}\n\n/* Preferences pane layout\n----------------------------------------*/\n#cp-main h2 {\n	color: #333333;\n}\n\n#cp-main .panel {\n	background-color: #F9F9F9;\n}\n\n#cp-main .pm {\n	background-color: #FFFFFF;\n}\n\n#cp-main span.corners-top, #cp-menu span.corners-top {\n	background-image: url(\"{T_THEME_PATH}/images/corners_left2.gif\");\n}\n\n#cp-main span.corners-top span, #cp-menu span.corners-top span {\n	background-image: url(\"{T_THEME_PATH}/images/corners_right2.gif\");\n}\n\n#cp-main span.corners-bottom, #cp-menu span.corners-bottom {\n	background-image: url(\"{T_THEME_PATH}/images/corners_left2.gif\");\n}\n\n#cp-main span.corners-bottom span, #cp-menu span.corners-bottom span {\n	background-image: url(\"{T_THEME_PATH}/images/corners_right2.gif\");\n}\n\n/* Topicreview */\n#cp-main .panel #topicreview span.corners-top, #cp-menu .panel #topicreview span.corners-top {\n	background-image: url(\"{T_THEME_PATH}/images/corners_left.gif\");\n}\n\n#cp-main .panel #topicreview span.corners-top span, #cp-menu .panel #topicreview span.corners-top span {\n	background-image: url(\"{T_THEME_PATH}/images/corners_right.gif\");\n}\n\n#cp-main .panel #topicreview span.corners-bottom, #cp-menu .panel #topicreview span.corners-bottom {\n	background-image: url(\"{T_THEME_PATH}/images/corners_left.gif\");\n}\n\n#cp-main .panel #topicreview span.corners-bottom span, #cp-menu .panel #topicreview span.corners-bottom span {\n	background-image: url(\"{T_THEME_PATH}/images/corners_right.gif\");\n}\n\n/* Friends list */\n.cp-mini {\n	background-color: #eef5f9;\n}\n\ndl.mini dt {\n	color: #425067;\n}\n\n/* PM Styles\n----------------------------------------*/\n/* PM Message history */\n.current {\n	color: #000000 !important;\n}\n\n/* PM marking colours */\n.pmlist li.pm_message_reported_colour, .pm_message_reported_colour {\n	border-left-color: #BC2A4D;\n	border-right-color: #BC2A4D;\n}\n\n.pmlist li.pm_marked_colour, .pm_marked_colour {\n	border-color: #FF6600;\n}\n\n.pmlist li.pm_replied_colour, .pm_replied_colour {\n	border-color: #A9B8C2;\n}\n\n.pmlist li.pm_friend_colour, .pm_friend_colour {\n	border-color: #5D8FBD;\n}\n\n.pmlist li.pm_foe_colour, .pm_foe_colour {\n	border-color: #000000;\n}\n\n/* Avatar gallery */\n#gallery label {\n	background-color: #FFFFFF;\n	border-color: #CCC;\n}\n\n#gallery label:hover {\n	background-color: #EEE;\n}\n\n/*  	\n--------------------------------------------------------------\nColours and backgrounds for forms.css\n-------------------------------------------------------------- */\n\n/* General form styles\n----------------------------------------*/\nselect {\n	border-color: #666666;\n	background-color: #FAFAFA;\n	color: #000;\n}\n\nlabel {\n	color: #425067;\n}\n\noption.disabled-option {\n	color: graytext;\n}\n\n/* Definition list layout for forms\n---------------------------------------- */\ndd label {\n	color: #333;\n}\n\n/* Hover effects */\nfieldset dl:hover dt label {\n	color: #000000;\n}\n\nfieldset.fields2 dl:hover dt label {\n	color: inherit;\n}\n\n/* Quick-login on index page */\nfieldset.quick-login input.inputbox {\n	background-color: #F2F3F3;\n}\n\n/* Posting page styles\n----------------------------------------*/\n\n#message-box textarea {\n	color: #333333;\n}\n\n/* Input field styles\n---------------------------------------- */\n.inputbox {\n	background-color: #FFFFFF; \n	border-color: #B4BAC0;\n	color: #333333;\n}\n\n.inputbox:hover {\n	border-color: #11A3EA;\n}\n\n.inputbox:focus {\n	border-color: #11A3EA;\n	color: #0F4987;\n}\n\n/* Form button styles\n---------------------------------------- */\n\na.button1, input.button1, input.button3, a.button2, input.button2 {\n	color: #000;\n	background-color: #FAFAFA;\n	background-image: url(\"{T_THEME_PATH}/images/bg_button.gif\");\n}\n\na.button1, input.button1 {\n	border-color: #666666;\n}\n\ninput.button3 {\n	background-image: none;\n}\n\n/* Alternative button */\na.button2, input.button2, input.button3 {\n	border-color: #666666;\n}\n\n/* <a> button in the style of the form buttons */\na.button1, a.button1:link, a.button1:visited, a.button1:active, a.button2, a.button2:link, a.button2:visited, a.button2:active {\n	color: #000000;\n}\n\n/* Hover states */\na.button1:hover, input.button1:hover, a.button2:hover, input.button2:hover, input.button3:hover {\n	border-color: #BC2A4D;\n	color: #BC2A4D;\n}\n\ninput.search {\n	background-image: url(\"{T_THEME_PATH}/images/icon_textbox_search.gif\");\n}\n\ninput.disabled {\n	color: #666666;\n}\n'),(2,'subsilver2','&copy; phpBB Group, 2003','subsilver2',0,1345473154,''),(3,'xand3','&copy; StylerBB.net, 2008','xand',0,1312832174,''),(4,'ExtremeDark Red','&copy; Vinny','extremedarkred',1,1325601654,'/*  phpBB3 Style Sheet\n    --------------------------------------------------------------\n	Style name:			ExtremeDark Red\n	Based on style:		prosilver (the default phpBB 3.0.x style)\n	Original author:	Tom Beddard ( http://www.subblue.com/ )\n	Modified by:		Vinny ( http://www.suportephpbb.com.br/ )\n    --------------------------------------------------------------\n*/\n\n/* General Markup Styles\r\n---------------------------------------- */\r\n\r\n* {\r\n	/* Reset browsers default margin, padding and font sizes */\r\n	margin: 0;\r\n	padding: 0;\r\n}\r\n\r\nhtml {\r\n	font-size: 100%;\r\n	/* Always show a scrollbar for short pages - stops the jump when the scrollbar appears. non-IE browsers */\r\n	height: 101%;\r\n}\r\n\r\nbody {\r\n	/* Text-Sizing with ems: http://www.clagnut.com/blog/348/ */\r\n	font-family: Verdana, Helvetica, Arial, sans-serif;\r\n	color: #000000;\r\n	background-color: #FFFFFF;\r\n	/*font-size: 62.5%;			 This sets the default font size to be equivalent to 10px */\r\n	font-size: 10px;\r\n	margin: 0;\r\n	padding: 0;\r\n}\r\n\r\nh1 {\r\n	/* Forum name */\r\n	font-family: \"Trebuchet MS\", Arial, Helvetica, sans-serif;\r\n	margin-right: 200px;\r\n	color: #FFFFFF;\r\n	margin-top: 15px;\r\n	font-weight: bold;\r\n	font-size: 2em;\r\n}\r\n\r\nh2 {\r\n	/* Forum header titles */\r\n	font-family: \"Trebuchet MS\", Arial, Helvetica, sans-serif;\r\n	font-weight: normal;\r\n	color: #3f3f3f;\r\n	font-size: 2em;\r\n	margin: 0.8em 0 0.2em 0;\r\n}\r\n\r\nh2.solo {\r\n	margin-bottom: 1em;\r\n}\r\n\r\nh3 {\r\n	/* Sub-headers (also used as post headers, but defined later) */\r\n	font-family: Arial, Helvetica, sans-serif;\r\n	font-weight: bold;\r\n	text-transform: uppercase;\r\n	border-bottom: 1px solid #CCCCCC;\r\n	margin-bottom: 3px;\r\n	padding-bottom: 2px;\r\n	font-size: 1.05em;\r\n	color: #989898;\r\n	margin-top: 20px;\r\n}\r\n\r\nh4 {\r\n	/* Forum and topic list titles */\r\n	font-family: \"Trebuchet MS\", Verdana, Helvetica, Arial, Sans-serif;\r\n	font-size: 1.3em;\r\n}\r\n\r\np {\r\n	line-height: 1.3em;\r\n	font-size: 1.1em;\r\n	margin-bottom: 1.5em;\r\n}\r\n\r\nimg {\r\n	border-width: 0;\r\n}\r\n\r\nhr {\r\n	/* Also see tweaks.css */\r\n	border: 0 none #FFFFFF;\r\n	border-top: 1px solid #CCCCCC;\r\n	height: 1px;\r\n	margin: 5px 0;\r\n	display: block;\r\n	clear: both;\r\n}\r\n\r\nhr.dashed {\r\n	border-top: 1px dashed #CCCCCC;\r\n	margin: 10px 0;\r\n}\r\n\r\nhr.divider {\r\n	display: none;\r\n}\r\n\r\np.right {\r\n	text-align: right;\r\n}\r\n\r\n/* Main blocks\r\n---------------------------------------- */\r\n#wrap {\r\n	min-width: 650px;\r\n	margin: 0 auto;\r\n	background: #0D0D0D;\r\n	border-color: #808080;\r\n	border-style: solid;\r\n	border-width: 0 1px 1px;\r\n	margin: 0 auto 2px;\r\n	width: 98%;\r\n}\r\n\r\n#simple-wrap {\r\n	padding: 6px 10px;\r\n}\r\n\r\n#page-body {\r\n	margin: 4px 0;\r\n	clear: both;\r\n}\r\n\r\n#page-footer {\r\n	clear: both;\r\n}\r\n\r\n#page-footer h3 {\r\n	margin-top: 20px;\r\n}\r\n\r\n#logo {\r\n	float: left;\r\n	width: auto;\r\n	padding-left: 50px;\r\n}\r\n\r\na#logo:hover {\r\n	text-decoration: none;\r\n}\r\n\r\n/* Search box\r\n--------------------------------------------- */\r\n#search-box {\r\n	color: #FFFFFF;\r\n	position: relative;\r\n	margin-top: 30px;\r\n	margin-right: 5px;\r\n	display: block;\r\n	float: right;\r\n	text-align: right;\r\n	white-space: nowrap; /* For Opera */\r\n}\r\n\r\n#search-box #keywords {\r\n	width: 95px;\r\n	background-color: #FFF;\r\n}\r\n\r\n#search-box input {\r\n	border: 1px solid #b0b0b0;\r\n}\r\n\r\n/* .button1 style defined later, just a few tweaks for the search button version */\r\n#search-box input.button1 {\r\n	padding: 1px 5px;\r\n}\r\n\r\n#search-box li {\r\n	text-align: right;\r\n	margin-top: 4px;\r\n}\r\n\r\n#search-box img {\r\n	vertical-align: middle;\r\n	margin-right: 3px;\r\n}\r\n\r\n/* Site description and logo */\r\n#site-description {\r\n	float: left;\r\n	width: 70%;\r\n}\r\n\r\n#site-description h1 {\r\n	margin-right: 0;\r\n}\r\n\r\n/* Round cornered boxes and backgrounds\r\n---------------------------------------- */\r\n.headerbar {\r\n	background: #ebebeb none repeat-x 0 0;\r\n	color: #FFFFFF;\r\n	margin-bottom: 1px;\r\n	padding: 0 5px;\r\n	height: 109px;\r\n}\r\n\r\n.navbar {\r\n	background-color: #ebebeb;\r\n}\r\n\r\n.forabg {\r\n	clear: both;\r\n	background-repeat: repeat-x;\r\n}\r\n\r\n.forumbg {\r\n	clear: both;\r\n}\r\n\r\n.panel {\r\n	margin-bottom: 4px;\r\n	padding: 0 10px;\r\n	background-color: #f3f3f3;\r\n	color: #3f3f3f;\r\n}\r\n\r\n.post {\r\n	padding: 0 10px;\r\n	margin-bottom: 4px;\r\n	background-repeat: no-repeat;\r\n	background-position: 100% 0;\r\n}\r\n\r\n.post:target .content {\r\n	color: #000000;\r\n}\r\n\r\n.post:target h3 a {\r\n	color: #000000;\r\n}\r\n\r\n.bg1	{ background-color: #f7f7f7;}\r\n.bg2	{ background-color: #f2f2f2; }\r\n.bg3	{ background-color: #ebebeb; }\r\n\r\n.bg4 {\r\n	background: #2D2D2D;\r\n	padding: 4px;\r\n	color: #FFFFFF;\r\n	border-color: #000000;\r\n	border-style: solid;\r\n	border-width: 0 1px 1px 0;\r\n	margin-bottom: 1px;\r\n	overflow: hidden;\r\n}\r\n\r\n.rowbg {\r\n	margin: 5px 5px 2px 5px;\r\n}\r\n\r\n.ucprowbg {\r\n	background-color: #e2e2e2;\r\n}\r\n\r\n.fieldsbg {\r\n	/*border: 1px #DBDEE2 solid;*/\r\n	background-color: #eaeaea;\r\n}\r\n\r\nspan.corners-top, span.corners-bottom, span.corners-top span, span.corners-bottom span {\r\n	font-size: 1px;\r\n	line-height: 1px;\r\n	display: block;\r\n	height: 5px;\r\n	background-repeat: no-repeat;\r\n}\r\n\r\nspan.corners-top {\r\n	background-image: none;\r\n	background-position: 0 0;\r\n	margin: 0 -5px;\r\n}\r\n\r\nspan.corners-top span {\r\n	background-image: none;\r\n	background-position: 100% 0;\r\n}\r\n\r\nspan.corners-bottom {\r\n	background-image: none;\r\n	background-position: 0 100%;\r\n	margin: 0 -5px;\r\n	clear: both;\r\n}\r\n\r\nspan.corners-bottom span {\r\n	background-image: none;\r\n	background-position: 100% 100%;\r\n}\r\n\r\n.headbg span.corners-bottom {\r\n	margin-bottom: -1px;\r\n}\r\n\r\n.post span.corners-top, .post span.corners-bottom, .panel span.corners-top, .panel span.corners-bottom, .navbar span.corners-top, .navbar span.corners-bottom {\r\n	margin: 0 -10px;\r\n}\r\n\r\n/* Horizontal lists\r\n----------------------------------------*/\r\nul.linklist {\r\n	display: block;\r\n	margin: 0;\r\n}\r\n\r\nul.linklist li {\r\n	display: block;\r\n	list-style-type: none;\r\n	float: left;\r\n	width: auto;\r\n	margin-right: 5px;\r\n	font-size: 1.1em;\r\n	line-height: 2.2em;\r\n}\r\n\r\nul.linklist li.rightside, p.rightside {\r\n	float: right;\r\n	margin-right: 0;\r\n	margin-left: 5px;\r\n	text-align: right;\r\n}\r\n\r\nul.navlinks {\r\n	padding-bottom: 1px;\r\n	margin-bottom: 1px;\r\n	border-bottom: 1px solid #FFFFFF;\r\n	font-weight: bold;\r\n}\r\n\r\nul.leftside {\r\n	float: left;\r\n	margin-left: 0;\r\n	margin-right: 5px;\r\n	text-align: left;\r\n}\r\n\r\nul.rightside {\r\n	float: right;\r\n	margin-left: 5px;\r\n	margin-right: -5px;\r\n	text-align: right;\r\n}\r\n\r\n/* Table styles\r\n----------------------------------------*/\r\ntable.table1 {\r\n	/* See tweaks.css */\r\n}\r\n\r\n#ucp-main table.table1 {\r\n	padding: 2px;\r\n}\r\n\r\ntable.table1 thead th {\r\n	font-weight: normal;\r\n	text-transform: uppercase;\r\n	color: #FFFFFF;\r\n	line-height: 1.3em;\r\n	font-size: 1em;\r\n	padding: 0 0 4px 3px;\r\n}\r\n\r\ntable.table1 thead th span {\r\n	padding-left: 7px;\r\n}\r\n\r\ntable.table1 tbody tr {\r\n	border: 1px solid #cfcfcf;\r\n}\r\n\r\ntable.table1 tbody tr:hover, table.table1 tbody tr.hover {\r\n	background-color: #f6f6f6;\r\n	color: #000;\r\n}\r\n\r\ntable.table1 td {\r\n	color: #6a6a6a;\r\n	font-size: 1.1em;\r\n}\r\n\r\ntable.table1 tbody td {\r\n	padding: 5px;\r\n}\r\n\r\ntable.table1 tbody th {\r\n	padding: 5px;\r\n	border-bottom: 1px solid #000000;\r\n	text-align: left;\r\n	color: #333333;\r\n	background-color: #FFFFFF;\r\n}\r\n\r\n/* Specific column styles */\r\ntable.table1 .name		{ text-align: left; }\r\ntable.table1 .posts		{ text-align: center !important; width: 7%; }\r\ntable.table1 .joined	{ text-align: left; width: 15%; }\r\ntable.table1 .active	{ text-align: left; width: 15%; }\r\ntable.table1 .mark		{ text-align: center; width: 7%; }\r\ntable.table1 .info		{ text-align: left; width: 30%; }\r\ntable.table1 .info div	{ width: 100%; white-space: normal; overflow: hidden; }\r\ntable.table1 .autocol	{ line-height: 2em; white-space: nowrap; }\r\ntable.table1 thead .autocol { padding-left: 1em; }\r\n\r\ntable.table1 span.rank-img {\r\n	float: right;\r\n	width: auto;\r\n}\r\n\r\ntable.info td {\r\n	padding: 3px;\r\n}\r\n\r\ntable.info tbody th {\r\n	padding: 3px;\r\n	text-align: right;\r\n	vertical-align: top;\r\n	color: #000000;\r\n	font-weight: normal;\r\n}\r\n\r\n.forumbg table.table1 {\r\n	margin: 0;\r\n}\r\n\r\n.forumbg-table > .inner {\r\n	margin: 0 -1px;\r\n}\r\n\r\n.forumbg-table > .inner > span.corners-top {\r\n	margin: 0 -4px -1px -4px;\r\n}\r\n\r\n.forumbg-table > .inner > span.corners-bottom {\r\n	margin: -1px -4px 0 -4px;\r\n}\r\n\r\n/* Misc layout styles\r\n---------------------------------------- */\r\n/* column[1-2] styles are containers for two column layouts \r\n   Also see tweaks.css */\r\n.column1 {\r\n	float: left;\r\n	clear: left;\r\n	width: 49%;\r\n}\r\n\r\n.column2 {\r\n	float: right;\r\n	clear: right;\r\n	width: 49%;\r\n}\r\n\r\n/* General classes for placing floating blocks */\r\n.left-box {\r\n	float: left;\r\n	width: auto;\r\n	text-align: left;\r\n}\r\n\r\n.right-box {\r\n	float: right;\r\n	width: auto;\r\n	text-align: right;\r\n}\r\n\r\ndl.details {\r\n	/*font-family: \"Lucida Grande\", Verdana, Helvetica, Arial, sans-serif;*/\r\n	font-size: 1.1em;\r\n}\r\n\r\ndl.details dt {\r\n	float: left;\r\n	clear: left;\r\n	width: 30%;\r\n	text-align: right;\r\n	color: #000000;\r\n	display: block;\r\n}\r\n\r\ndl.details dd {\r\n	margin-left: 0;\r\n	padding-left: 5px;\r\n	margin-bottom: 5px;\r\n	color: #828282;\r\n	float: left;\r\n	width: 65%;\r\n}\r\n\r\n/* Pagination\r\n---------------------------------------- */\r\n.pagination {\r\n	height: 1%; /* IE tweak (holly hack) */\r\n	width: auto;\r\n	text-align: right;\r\n	margin-top: 5px;\r\n	float: right;\r\n}\r\n\r\n.pagination span.page-sep {\r\n	display: none;\r\n}\r\n\r\nli.pagination {\r\n	margin-top: 0;\r\n}\r\n\r\n.pagination strong, .pagination b {\r\n	font-weight: normal;\r\n}\r\n\r\n.pagination span strong {\r\n	padding: 0 2px;\r\n	margin: 0 2px;\r\n	font-weight: normal;\r\n	color: #FFFFFF;\r\n	background-color: #bfbfbf;\r\n	border: 1px solid #bfbfbf;\r\n	font-size: 0.9em;\r\n}\r\n\r\n.pagination span a, .pagination span a:link, .pagination span a:visited, .pagination span a:active {\r\n	font-weight: normal;\r\n	text-decoration: none;\r\n	color: #747474;\r\n	margin: 0 2px;\r\n	padding: 0 2px;\r\n	background-color: #eeeeee;\r\n	border: 1px solid #bababa;\r\n	font-size: 0.9em;\r\n	line-height: 1.5em;\r\n}\r\n\r\n.pagination span a:hover {\r\n	border-color: #d2d2d2;\r\n	background-color: #d2d2d2;\r\n	color: #FFF;\r\n	text-decoration: none;\r\n}\r\n\r\n.pagination img {\r\n	vertical-align: middle;\r\n}\r\n\r\n/* Pagination in viewforum for multipage topics */\r\n.row .pagination {\r\n	display: block;\r\n	float: right;\r\n	width: auto;\r\n	margin-top: 0;\r\n	padding: 1px 0 1px 15px;\r\n	font-size: 0.9em;\r\n	background: none 0 50% no-repeat;\r\n}\r\n\r\n.row .pagination span a, li.pagination span a {\r\n	background-color: #FFFFFF;\r\n}\r\n\r\n.row .pagination span a:hover, li.pagination span a:hover {\r\n	background-color: #d2d2d2;\r\n}\r\n\r\n/* Miscellaneous styles\r\n---------------------------------------- */\r\n#forum-permissions {\r\n	float: right;\r\n	width: auto;\r\n	padding-left: 5px;\r\n	margin-left: 5px;\r\n	margin-top: 10px;\r\n	text-align: right;\r\n}\r\n\r\n.small {\r\n	font-size: 0.9em !important;\r\n}\r\n\r\n.titlespace {\r\n	margin-bottom: 15px;\r\n}\r\n\r\n.headerspace {\r\n	margin-top: 20px;\r\n}\r\n\r\n.error {\r\n	color: #bcbcbc;\r\n	font-weight: bold;\r\n	font-size: 1em;\r\n}\r\n\r\n.reported {\r\n	background-color: #f7f7f7;\r\n}\r\n\r\nli.reported:hover {\r\n	background-color: #ececec;\r\n}\r\n\r\ndiv.rules ul, div.rules ol {\r\n	margin-left: 20px;\r\n}\r\n\r\np.rules {\r\n	background-color: #ececec;\r\n	background-image: none;\r\n}\r\n\r\np.rules img {\r\n	vertical-align: middle;\r\n	padding-top: 5px;\r\n}\r\n\r\np.rules a {\r\n	vertical-align: middle;\r\n	clear: both;\r\n}\r\n\r\n#top {\r\n	position: absolute;\r\n	top: -20px;\r\n}\r\n\r\n.clear {\r\n	display: block;\r\n	clear: both;\r\n	font-size: 1px;\r\n	line-height: 1px;\r\n	background: transparent;\r\n}\n/* Link Styles\r\n---------------------------------------- */\r\n\r\n/* Links adjustment to correctly display an order of rtl/ltr mixed content */\r\na {\r\n	direction: ltr;\r\n	unicode-bidi: embed;\r\n}\r\n\r\na:link	{ color: #898989; text-decoration: none; }\r\na:visited	{ color: #898989; text-decoration: none; }\r\na:hover	{ color: #d3d3d3; text-decoration: underline; }\r\na:active	{ color: #d2d2d2; text-decoration: none; }\r\n\r\n/* Coloured usernames */\r\n.username-coloured {\r\n	font-weight: bold;\r\n	display: inline !important;\r\n	padding: 0 !important;\r\n}\r\n\r\n/* Links on gradient backgrounds */\r\n#search-box a:link, .navbg a:link, .forumbg .header a:link, .forabg .header a:link, th a:link {\r\n	color: #FFFFFF;\r\n	text-decoration: none;\r\n}\r\n\r\n#search-box a:visited, .navbg a:visited, .forumbg .header a:visited, .forabg .header a:visited, th a:visited {\r\n	color: #FFFFFF;\r\n	text-decoration: none;\r\n}\r\n\r\n#search-box a:hover, .navbg a:hover, .forumbg .header a:hover, .forabg .header a:hover, th a:hover {\r\n	color: #ffffff;\r\n	text-decoration: underline;\r\n}\r\n\r\n#search-box a:active, .navbg a:active, .forumbg .header a:active, .forabg .header a:active, th a:active {\r\n	color: #ffffff;\r\n	text-decoration: none;\r\n}\r\n\r\n/* Links for forum/topic lists */\r\na.forumtitle {\r\n	font-family: \"Trebuchet MS\", Helvetica, Arial, Sans-serif;\r\n	font-size: 1.2em;\r\n	font-weight: bold;\r\n	color: #898989;\r\n	text-decoration: none;\r\n}\r\n\r\n/* a.forumtitle:visited { color: #898989; } */\r\n\r\na.forumtitle:hover {\r\n	color: #bcbcbc;\r\n	text-decoration: underline;\r\n}\r\n\r\na.forumtitle:active {\r\n	color: #898989;\r\n}\r\n\r\na.topictitle {\r\n	font-family: \"Trebuchet MS\", Helvetica, Arial, Sans-serif;\r\n	font-size: 1.2em;\r\n	font-weight: bold;\r\n	color: #898989;\r\n	text-decoration: none;\r\n}\r\n\r\n/* a.topictitle:visited { color: #d2d2d2; } */\r\n\r\na.topictitle:hover {\r\n	color: #bcbcbc;\r\n	text-decoration: underline;\r\n}\r\n\r\na.topictitle:active {\r\n	color: #898989;\r\n}\r\n\r\n/* Post body links */\r\n.postlink {\r\n	text-decoration: none;\r\n	color: #d2d2d2;\r\n	padding-bottom: 0;\r\n}\r\n\r\n/* .postlink:visited { color: #bdbdbd; } */\r\n\r\n.postlink:active {\r\n	color: #d2d2d2;\r\n}\r\n\r\n.postlink:hover {\r\n	text-decoration: underline;\r\n	color: #808080;\r\n}\r\n\r\n.signature a, .signature a:visited, .signature a:hover, .signature a:active {\r\n	border: none;\r\n	text-decoration: underline;\r\n	background-color: transparent;\r\n}\r\n\r\n/* Profile links */\r\n.postprofile a:link, .postprofile a:visited, .postprofile dt.author a {\r\n	font-weight: bold;\r\n	color: #898989;\r\n	text-decoration: none;\r\n}\r\n\r\n.postprofile a:hover, .postprofile dt.author a:hover {\r\n	text-decoration: underline;\r\n	color: #d3d3d3;\r\n}\r\n\r\n/* CSS spec requires a:link, a:visited, a:hover and a:active rules to be specified in this order. */\r\n/* See http://www.phpbb.com/bugs/phpbb3/59685 */\r\n.postprofile a:active {\r\n	font-weight: bold;\r\n	color: #898989;\r\n	text-decoration: none;\r\n}\r\n\r\n/* Profile searchresults */	\r\n.search .postprofile a {\r\n	color: #898989;\r\n	text-decoration: none; \r\n	font-weight: normal;\r\n}\r\n\r\n.search .postprofile a:hover {\r\n	color: #d3d3d3;\r\n	text-decoration: underline; \r\n}\r\n\r\n/* Back to top of page */\r\n.back2top {\r\n	clear: both;\r\n	height: 11px;\r\n	text-align: right;\r\n}\r\n\r\na.top {\r\n	background: none no-repeat top left;\r\n	text-decoration: none;\r\n	width: {IMG_ICON_BACK_TOP_WIDTH}px;\r\n	height: {IMG_ICON_BACK_TOP_HEIGHT}px;\r\n	display: block;\r\n	float: right;\r\n	overflow: hidden;\r\n	letter-spacing: 1000px;\r\n	text-indent: 11px;\r\n}\r\n\r\na.top2 {\r\n	background: none no-repeat 0 50%;\r\n	text-decoration: none;\r\n	padding-left: 15px;\r\n}\r\n\r\n/* Arrow links  */\r\na.up		{ background: none no-repeat left center; }\r\na.down		{ background: none no-repeat right center; }\r\na.left		{ background: none no-repeat 3px 60%; }\r\na.right		{ background: none no-repeat 95% 60%; }\r\n\r\na.up, a.up:link, a.up:active, a.up:visited {\r\n	padding-left: 10px;\r\n	text-decoration: none;\r\n	border-bottom-width: 0;\r\n}\r\n\r\na.up:hover {\r\n	background-position: left top;\r\n	background-color: transparent;\r\n}\r\n\r\na.down, a.down:link, a.down:active, a.down:visited {\r\n	padding-right: 10px;\r\n}\r\n\r\na.down:hover {\r\n	background-position: right bottom;\r\n	text-decoration: none;\r\n}\r\n\r\na.left, a.left:active, a.left:visited {\r\n	padding-left: 12px;\r\n}\r\n\r\na.left:hover {\r\n	color: #d2d2d2;\r\n	text-decoration: none;\r\n	background-position: 0 60%;\r\n}\r\n\r\na.right, a.right:active, a.right:visited {\r\n	padding-right: 12px;\r\n}\r\n\r\na.right:hover {\r\n	color: #d2d2d2;\r\n	text-decoration: none;\r\n	background-position: 100% 60%;\r\n}\r\n\r\n/* invisible skip link, used for accessibility  */\r\n.skiplink {\r\n	position: absolute;\r\n	left: -999px;\r\n	width: 990px;\r\n}\r\n\r\n/* Feed icon in forumlist_body.html */\r\na.feed-icon-forum {\r\n	float: right;\r\n	margin: 3px;\r\n}\n/* Content Styles\r\n---------------------------------------- */\r\n\r\nul.topiclist {\r\n	display: block;\r\n	list-style-type: none;\r\n	margin: 0;\r\n}\r\n\r\nul.forums {\r\n	background: #f9f9f9 none repeat-x 0 0;\r\n}\r\n\r\nul.topiclist li {\r\n	display: block;\r\n	list-style-type: none;\r\n	color: #777777;\r\n	margin: 0;\r\n}\r\n\r\nul.topiclist dl {\r\n	position: relative;\r\n}\r\n\r\nul.topiclist li.row dl {\r\n	padding: 2px 0;\r\n}\r\n\r\nul.topiclist dt {\r\n	display: block;\r\n	float: left;\r\n	width: 50%;\r\n	font-size: 1.1em;\r\n	padding-left: 5px;\r\n	padding-right: 5px;\r\n}\r\n\r\nul.topiclist dd {\r\n	display: block;\r\n	float: left;\r\n	border-left: 1px solid #FFFFFF;\r\n	padding: 4px 0;\r\n}\r\n\r\nul.topiclist dfn {\r\n	/* Labels for post/view counts */\r\n	position: absolute;\r\n	left: -999px;\r\n	width: 990px;\r\n}\r\n\r\nul.topiclist li.row dt a.subforum {\r\n	background-image: none;\r\n	background-position: 0 50%;\r\n	background-repeat: no-repeat;\r\n	position: relative;\r\n	white-space: nowrap;\r\n	padding: 0 0 0 12px;\r\n}\r\n\r\n.forum-image {\r\n	float: left;\r\n	padding-top: 5px;\r\n	margin-right: 5px;\r\n}\r\n\r\nli.row {\r\n	border-top: 1px solid #FFFFFF;\r\n	border-bottom: 1px solid #8f8f8f;\r\n}\r\n\r\nli.row strong {\r\n	font-weight: normal;\r\n	color: #000000;\r\n}\r\n\r\nli.row:hover {\r\n	background-color: #f6f6f6;\r\n}\r\n\r\nli.row:hover dd {\r\n	border-left-color: #CCCCCC;\r\n}\r\n\r\nli.header dt, li.header dd {\r\n	line-height: 1em;\r\n	border-left-width: 0;\r\n	margin: 2px 0 4px 0;\r\n	color: #FFFFFF;\r\n	padding-top: 2px;\r\n	padding-bottom: 2px;\r\n	font-size: 1em;\r\n	font-family: Arial, Helvetica, sans-serif;\r\n	text-transform: uppercase;\r\n}\r\n\r\nli.header dt {\r\n	font-weight: bold;\r\n}\r\n\r\nli.header dd {\r\n	margin-left: 1px;\r\n}\r\n\r\nli.header dl.icon {\r\n	background: url(\"{T_THEME_PATH}/images/bg_forum.gif\") repeat-x;\r\n	min-height: 0;\r\n	color: #FFFFFF;\r\n    font-size: 0.9em;\r\n    font-weight: bold;\r\n    padding: 2px;\r\n    text-align: center;\r\n    white-space: nowrap;\r\n}\r\n\r\nli.header dl.icon dt {\r\n	/* Tweak for headers alignment when folder icon used */\r\n	padding-left: 0;\r\n	padding-right: 50px;\r\n}\r\n\r\n/* Forum list column styles */\r\ndl.icon {\r\n	min-height: 35px;\r\n	background-position: 10px 50%;		/* Position of folder icon */\r\n	background-repeat: no-repeat;\r\n}\r\n\r\ndl.icon dt {\r\n	padding-left: 45px;					/* Space for folder icon */\r\n	background-repeat: no-repeat;\r\n	background-position: 5px 95%;		/* Position of topic icon */\r\n}\r\n\r\ndd.posts, dd.topics, dd.views {\r\n	width: 8%;\r\n	text-align: center;\r\n	line-height: 2.2em;\r\n	font-size: 1.2em;\r\n}\r\n\r\n/* List in forum description */\r\ndl.icon dt ol,\r\ndl.icon dt ul {\r\n	list-style-position: inside;\r\n	margin-left: 1em;\r\n}\r\n\r\ndl.icon dt li {\r\n	display: list-item;\r\n	list-style-type: inherit;\r\n}\r\n\r\ndd.lastpost {\r\n	width: 25%;\r\n	font-size: 1.1em;\r\n}\r\n\r\ndd.redirect {\r\n	font-size: 1.1em;\r\n	line-height: 2.5em;\r\n}\r\n\r\ndd.moderation {\r\n	font-size: 1.1em;\r\n}\r\n\r\ndd.lastpost span, ul.topiclist dd.searchby span, ul.topiclist dd.info span, ul.topiclist dd.time span, dd.redirect span, dd.moderation span {\r\n	display: block;\r\n	padding-left: 5px;\r\n}\r\n\r\ndd.time {\r\n	width: auto;\r\n	line-height: 200%;\r\n	font-size: 1.1em;\r\n}\r\n\r\ndd.extra {\r\n	width: 12%;\r\n	line-height: 200%;\r\n	text-align: center;\r\n	font-size: 1.1em;\r\n}\r\n\r\ndd.mark {\r\n	float: right !important;\r\n	width: 9%;\r\n	text-align: center;\r\n	line-height: 200%;\r\n	font-size: 1.2em;\r\n}\r\n\r\ndd.info {\r\n	width: 30%;\r\n}\r\n\r\ndd.option {\r\n	width: 15%;\r\n	line-height: 200%;\r\n	text-align: center;\r\n	font-size: 1.1em;\r\n}\r\n\r\ndd.searchby {\r\n	width: 47%;\r\n	font-size: 1.1em;\r\n	line-height: 1em;\r\n}\r\n\r\nul.topiclist dd.searchextra {\r\n	margin-left: 5px;\r\n	padding: 0.2em 0;\r\n	font-size: 1.1em;\r\n	color: #333333;\r\n	border-left: none;\r\n	clear: both;\r\n	width: 98%;\r\n	overflow: hidden;\r\n}\r\n\r\n/* Container for post/reply buttons and pagination */\r\n.topic-actions {\r\n	margin-bottom: 3px;\r\n	font-size: 1.1em;\r\n	height: 28px;\r\n	min-height: 28px;\r\n}\r\ndiv[class].topic-actions {\r\n	height: auto;\r\n}\r\n\r\n/* Post body styles\r\n----------------------------------------*/\r\n.postbody {\r\n	padding: 0;\r\n	line-height: 1.48em;\r\n	color: #333333;\r\n	width: 76%;\r\n	float: left;\r\n	clear: both;\r\n}\r\n\r\n.postbody .ignore {\r\n	font-size: 1.1em;\r\n}\r\n\r\n.postbody h3.first {\r\n	/* The first post on the page uses this */\r\n	font-size: 1.7em;\r\n}\r\n\r\n.postbody h3 {\r\n	/* Postbody requires a different h3 format - so change it here */\r\n	font-size: 1.5em;\r\n	padding: 2px 0 0 0;\r\n	margin: 0 0 0.3em 0 !important;\r\n	text-transform: none;\r\n	border: none;\r\n	font-family: \"Trebuchet MS\", Verdana, Helvetica, Arial, sans-serif;\r\n	line-height: 125%;\r\n}\r\n\r\n.postbody h3 img {\r\n	/* Also see tweaks.css */\r\n	vertical-align: bottom;\r\n}\r\n\r\n.postbody .content {\r\n	font-size: 1.3em;\r\n}\r\n\r\n.search .postbody {\r\n	width: 68%\r\n}\r\n\r\n/* Topic review panel\r\n----------------------------------------*/\r\n#review {\r\n	margin-top: 2em;\r\n}\r\n\r\n#topicreview {\r\n	padding-right: 5px;\r\n	overflow: auto;\r\n	height: 300px;\r\n}\r\n\r\n#topicreview .postbody {\r\n	width: auto;\r\n	float: none;\r\n	margin: 0;\r\n	height: auto;\r\n}\r\n\r\n#topicreview .post {\r\n	height: auto;\r\n}\r\n\r\n#topicreview h2 {\r\n	border-bottom-width: 0;\r\n}\r\n\r\n.post-ignore .postbody {\r\n	display: none;\r\n}\r\n\r\n/* MCP Post details\r\n----------------------------------------*/\r\n#post_details\r\n{\r\n	/* This will only work in IE7+, plus the others */\r\n	overflow: auto;\r\n	max-height: 300px;\r\n}\r\n\r\n#expand\r\n{\r\n	clear: both;\r\n}\r\n\r\n/* Content container styles\r\n----------------------------------------*/\r\n.content {\r\n	min-height: 3em;\r\n	overflow: hidden;\r\n	line-height: 1.4em;\r\n	font-family: \"Lucida Grande\", \"Trebuchet MS\", Verdana, Helvetica, Arial, sans-serif;\r\n	font-size: 1em;\r\n	color: #333333;\r\n	padding-bottom: 1px;\r\n}\r\n\r\n.content h2, .panel h2 {\r\n	font-weight: normal;\r\n	color: #989898;\r\n	border-bottom: 1px solid #CCCCCC;\r\n	font-size: 1.6em;\r\n	margin-top: 0.5em;\r\n	margin-bottom: 0.5em;\r\n	padding-bottom: 0.5em;\r\n}\r\n\r\n.panel h3 {\r\n	margin: 0.5em 0;\r\n	color: #FFFFFF\r\n}\r\n\r\n.panel p {\r\n	font-size: 1.2em;\r\n	margin-bottom: 1em;\r\n	line-height: 1.4em;\r\n}\r\n\r\n.content p {\r\n	font-family: \"Lucida Grande\", \"Trebuchet MS\", Verdana, Helvetica, Arial, sans-serif;\r\n	font-size: 1.2em;\r\n	margin-bottom: 1em;\r\n	line-height: 1.4em;\r\n}\r\n\r\ndl.faq {\r\n	font-family: \"Lucida Grande\", Verdana, Helvetica, Arial, sans-serif;\r\n	font-size: 1.1em;\r\n	margin-top: 1em;\r\n	margin-bottom: 2em;\r\n	line-height: 1.4em;\r\n}\r\n\r\ndl.faq dt {\r\n	font-weight: bold;\r\n	color: #333333;\r\n}\r\n\r\n.content dl.faq {\r\n	font-size: 1.2em;\r\n	margin-bottom: 0.5em;\r\n}\r\n\r\n.content li {\r\n	list-style-type: inherit;\r\n}\r\n\r\n.content ul, .content ol {\r\n	margin-bottom: 1em;\r\n	margin-left: 3em;\r\n}\r\n\r\n.posthilit {\r\n	background-color: #f3f3f3;\r\n	color: #BCBCBC;\r\n	padding: 0 2px 1px 2px;\r\n}\r\n\r\n.announce, .unreadpost {\r\n	/* Highlight the announcements & unread posts box */\r\n	border-left-color: #BCBCBC;\r\n	border-right-color: #BCBCBC;\r\n}\r\n\r\n/* Post author */\r\np.author {\r\n	margin: 0 15em 0.6em 0;\r\n	padding: 0 0 5px 0;\r\n	font-family: Verdana, Helvetica, Arial, sans-serif;\r\n	font-size: 1em;\r\n	color: #FFFFFF;\r\n	line-height: 1.2em;\r\n}\r\n\r\n/* Post signature */\r\n.signature {\r\n	margin-top: 1.5em;\r\n	padding-top: 0.2em;\r\n	font-size: 1.1em;\r\n	border-top: 1px solid #CCCCCC;\r\n	clear: left;\r\n	line-height: 140%;\r\n	overflow: hidden;\r\n	width: 100%;\r\n}\r\n\r\ndd .signature {\r\n	margin: 0;\r\n	padding: 0;\r\n	clear: none;\r\n	border: none;\r\n}\r\n\r\n.signature li {\r\n	list-style-type: inherit;\r\n}\r\n\r\n.signature ul, .signature ol {\r\n	margin-bottom: 1em;\r\n	margin-left: 3em;\r\n}\r\n\r\n/* Post noticies */\r\n.notice {\r\n	font-family: \"Lucida Grande\", Verdana, Helvetica, Arial, sans-serif;\r\n	width: auto;\r\n	margin-top: 1.5em;\r\n	padding-top: 0.2em;\r\n	font-size: 1em;\r\n	border-top: 1px dashed #CCCCCC;\r\n	clear: left;\r\n	line-height: 130%;\r\n}\r\n\r\n/* Jump to post link for now */\r\nul.searchresults {\r\n	list-style: none;\r\n	text-align: right;\r\n	clear: both;\r\n}\r\n\r\n/* BB Code styles\r\n----------------------------------------*/\r\n/* Quote block */\r\nblockquote {\r\n	background: #ebebeb none 6px 8px no-repeat;\r\n	border: 1px solid #dbdbdb;\r\n	font-size: 0.95em;\r\n	margin: 0.5em 1px 0 25px;\r\n	overflow: hidden;\r\n	padding: 5px;\r\n}\r\n\r\nblockquote blockquote {\r\n	/* Nested quotes */\r\n	background-color: #bababa;\r\n	font-size: 1em;\r\n	margin: 0.5em 1px 0 15px;	\r\n}\r\n\r\nblockquote blockquote blockquote {\r\n	/* Nested quotes */\r\n	background-color: #e4e4e4;\r\n}\r\n\r\nblockquote cite {\r\n	/* Username/source of quoter */\r\n	font-style: normal;\r\n	font-weight: bold;\r\n	margin-left: 20px;\r\n	display: block;\r\n	font-size: 0.9em;\r\n}\r\n\r\nblockquote cite cite {\r\n	font-size: 1em;\r\n}\r\n\r\nblockquote.uncited {\r\n	padding-top: 25px;\r\n}\r\n\r\n/* Code block */\r\ndl.codebox {\r\n	padding: 3px;\r\n	background-color: #FFFFFF;\r\n	border: 1px solid #d8d8d8;\r\n	font-size: 1em;\r\n}\r\n\r\ndl.codebox dt {\r\n	text-transform: uppercase;\r\n	border-bottom: 1px solid #CCCCCC;\r\n	margin-bottom: 3px;\r\n	font-size: 0.8em;\r\n	font-weight: bold;\r\n	display: block;\r\n}\r\n\r\nblockquote dl.codebox {\r\n	margin-left: 0;\r\n}\r\n\r\ndl.codebox code {\r\n	/* Also see tweaks.css */\r\n	overflow: auto;\r\n	display: block;\r\n	height: auto;\r\n	max-height: 200px;\r\n	white-space: normal;\r\n	padding-top: 5px;\r\n	font: 0.9em Monaco, \"Andale Mono\",\"Courier New\", Courier, mono;\r\n	line-height: 1.3em;\r\n	color: #8b8b8b;\r\n	margin: 2px 0;\r\n}\r\n\r\n.syntaxbg		{ color: #FFFFFF; }\r\n.syntaxcomment	{ color: #000000; }\r\n.syntaxdefault	{ color: #bcbcbc; }\r\n.syntaxhtml		{ color: #000000; }\r\n.syntaxkeyword	{ color: #585858; }\r\n.syntaxstring	{ color: #a7a7a7; }\r\n\r\n/* Attachments\r\n----------------------------------------*/\r\n.attachbox {\r\n	float: left;\r\n	width: auto; \r\n	margin: 5px 5px 5px 0;\r\n	padding: 6px;\r\n	background-color: #000000;\r\n	border: 1px dashed #d8d8d8;\r\n	clear: left;\r\n}\r\n\r\n.pm-message .attachbox {\r\n	background-color: #f3f3f3;\r\n}\r\n\r\n.attachbox dt {\r\n	font-family: Arial, Helvetica, sans-serif;\r\n	text-transform: uppercase;\r\n}\r\n\r\n.attachbox dd {\r\n	margin-top: 4px;\r\n	padding-top: 4px;\r\n	clear: left;\r\n	border-top: 1px solid #d8d8d8;\r\n}\r\n\r\n.attachbox dd dd {\r\n	border: none;\r\n}\r\n\r\n.attachbox p {\r\n	line-height: 110%;\r\n	color: #666666;\r\n	font-weight: normal;\r\n	clear: left;\r\n}\r\n\r\n.attachbox p.stats\r\n{\r\n	line-height: 110%;\r\n	color: #666666;\r\n	font-weight: normal;\r\n	clear: left;\r\n}\r\n\r\n.attach-image {\r\n	margin: 3px 0;\r\n	width: 100%;\r\n	max-height: 350px;\r\n	overflow: auto;\r\n}\r\n\r\n.attach-image img {\r\n	border: 1px solid #999999;\r\n/*	cursor: move; */\r\n	cursor: default;\r\n}\r\n\r\n/* Inline image thumbnails */\r\ndiv.inline-attachment dl.thumbnail, div.inline-attachment dl.file {\r\n	display: block;\r\n	margin-bottom: 4px;\r\n}\r\n\r\ndiv.inline-attachment p {\r\n	font-size: 100%;\r\n}\r\n\r\ndl.file {\r\n	font-family: Verdana, Arial, Helvetica, sans-serif;\r\n	display: block;\r\n}\r\n\r\ndl.file dt {\r\n	text-transform: none;\r\n	margin: 0;\r\n	padding: 0;\r\n	font-weight: bold;\r\n	font-family: Verdana, Arial, Helvetica, sans-serif;\r\n}\r\n\r\ndl.file dd {\r\n	color: #666666;\r\n	margin: 0;\r\n	padding: 0;	\r\n}\r\n\r\ndl.thumbnail img {\r\n	padding: 3px;\r\n	border: 1px solid #666666;\r\n	background-color: #FFF;\r\n}\r\n\r\ndl.thumbnail dd {\r\n	color: #666666;\r\n	font-style: italic;\r\n	font-family: Verdana, Arial, Helvetica, sans-serif;\r\n}\r\n\r\n.attachbox dl.thumbnail dd {\r\n	font-size: 100%;\r\n}\r\n\r\ndl.thumbnail dt a:hover {\r\n	background-color: #EEEEEE;\r\n}\r\n\r\ndl.thumbnail dt a:hover img {\r\n	border: 1px solid #d2d2d2;\r\n}\r\n\r\n/* Post poll styles\r\n----------------------------------------*/\r\nfieldset.polls {\r\n	font-family: \"Trebuchet MS\", Verdana, Helvetica, Arial, sans-serif;\r\n}\r\n\r\nfieldset.polls dl {\r\n	margin-top: 5px;\r\n	border-top: 1px solid #e2e2e2;\r\n	padding: 5px 0 0 0;\r\n	line-height: 120%;\r\n	color: #FFFFFF;\r\n}\r\n\r\nfieldset.polls dl.voted {\r\n	font-weight: bold;\r\n	color: #000000;\r\n}\r\n\r\nfieldset.polls dt {\r\n	text-align: left;\r\n	float: left;\r\n	display: block;\r\n	width: 30%;\r\n	border-right: none;\r\n	padding: 0;\r\n	margin: 0;\r\n	font-size: 1.1em;\r\n}\r\n\r\nfieldset.polls dd {\r\n	float: left;\r\n	width: 10%;\r\n	border-left: none;\r\n	padding: 0 5px;\r\n	margin-left: 0;\r\n	font-size: 1.1em;\r\n}\r\n\r\nfieldset.polls dd.resultbar {\r\n	width: 50%;\r\n}\r\n\r\nfieldset.polls dd input {\r\n	margin: 2px 0;\r\n}\r\n\r\nfieldset.polls dd div {\r\n	text-align: right;\r\n	font-family: Arial, Helvetica, sans-serif;\r\n	color: #FFFFFF;\r\n	font-weight: bold;\r\n	padding: 0 2px;\r\n	overflow: visible;\r\n	min-width: 2%;\r\n}\r\n\r\n.pollbar1 {\r\n	background-color: #aaaaaa;\r\n	border-bottom: 1px solid #747474;\r\n	border-right: 1px solid #747474;\r\n}\r\n\r\n.pollbar2 {\r\n	background-color: #bebebe;\r\n	border-bottom: 1px solid #8c8c8c;\r\n	border-right: 1px solid #8c8c8c;\r\n}\r\n\r\n.pollbar3 {\r\n	background-color: #D1D1D1;\r\n	border-bottom: 1px solid #aaaaaa;\r\n	border-right: 1px solid #aaaaaa;\r\n}\r\n\r\n.pollbar4 {\r\n	background-color: #e4e4e4;\r\n	border-bottom: 1px solid #bebebe;\r\n	border-right: 1px solid #bebebe;\r\n}\r\n\r\n.pollbar5 {\r\n	background-color: #f8f8f8;\r\n	border-bottom: 1px solid #D1D1D1;\r\n	border-right: 1px solid #D1D1D1;\r\n}\r\n\r\n/* Poster profile block\r\n----------------------------------------*/\r\n.postprofile {\r\n	/* Also see tweaks.css */\r\n	margin: 5px 0 10px 0;\r\n	min-height: 80px;\r\n	color: #666666;\r\n	border-left: 1px solid #FFFFFF;\r\n	width: 22%;\r\n	float: right;\r\n	display: inline;\r\n}\r\n.pm .postprofile {\r\n	border-left: 1px solid #DDDDDD;\r\n}\r\n\r\n.postprofile dd, .postprofile dt {\r\n	line-height: 1.2em;\r\n	margin-left: 8px;\r\n}\r\n\r\n.postprofile strong {\r\n	font-weight: normal;\r\n	color: #000000;\r\n}\r\n\r\n.avatar {\r\n	border: none;\r\n	margin-bottom: 3px;\r\n}\r\n\r\n.online {\r\n	background-image: none;\r\n	background-position: 100% 0;\r\n	background-repeat: no-repeat;\r\n}\r\n\r\n/* Poster profile used by search*/\r\n.search .postprofile {\r\n	width: 30%;\r\n}\r\n\r\n/* pm list in compose message if mass pm is enabled */\r\ndl.pmlist dt {\r\n	width: 60% !important;\r\n}\r\n\r\ndl.pmlist dt textarea {\r\n	width: 95%;\r\n}\r\n\r\ndl.pmlist dd {\r\n	margin-left: 61% !important;\r\n	margin-bottom: 2px;\r\n}\n/* Button Styles\r\n---------------------------------------- */\r\n\r\n/* Rollover buttons\r\n   Based on: http://wellstyled.com/css-nopreload-rollovers.html\r\n----------------------------------------*/\r\n.buttons {\r\n	float: left;\r\n	width: auto;\r\n	height: auto;\r\n}\r\n\r\n/* Rollover state */\r\n.buttons div {\r\n	float: left;\r\n	margin: 0 5px 0 0;\r\n	background-position: 0 100%;\r\n}\r\n\r\n/* Rolloff state */\r\n.buttons div a {\r\n	display: block;\r\n	width: 100%;\r\n	height: 100%;\r\n	background-position: 0 0;\r\n	position: relative;\r\n	overflow: hidden;\r\n}\r\n\r\n/* Hide <a> text and hide off-state image when rolling over (prevents flicker in IE) */\r\n/*.buttons div span		{ display: none; }*/\r\n/*.buttons div a:hover	{ background-image: none; }*/\r\n.buttons div span			{ position: absolute; width: 100%; height: 100%; cursor: pointer;}\r\n.buttons div a:hover span	{ background-position: 0 100%; }\r\n\r\n/* Big button images */\r\n.reply-icon span	{ background: transparent none 0 0 no-repeat; }\r\n.post-icon span		{ background: transparent none 0 0 no-repeat; }\r\n.locked-icon span	{ background: transparent none 0 0 no-repeat; }\r\n.pmreply-icon span	{ background: none 0 0 no-repeat; }\r\n.newpm-icon span 	{ background: none 0 0 no-repeat; }\r\n.forwardpm-icon span 	{ background: none 0 0 no-repeat; }\r\n\r\n/* Set big button dimensions */\r\n.buttons div.reply-icon		{ width: {IMG_BUTTON_TOPIC_REPLY_WIDTH}px; height: {IMG_BUTTON_TOPIC_REPLY_HEIGHT}px; }\r\n.buttons div.post-icon		{ width: {IMG_BUTTON_TOPIC_NEW_WIDTH}px; height: {IMG_BUTTON_TOPIC_NEW_HEIGHT}px; }\r\n.buttons div.locked-icon	{ width: {IMG_BUTTON_TOPIC_LOCKED_WIDTH}px; height: {IMG_BUTTON_TOPIC_LOCKED_HEIGHT}px; }\r\n.buttons div.pmreply-icon	{ width: {IMG_BUTTON_PM_REPLY_WIDTH}px; height: {IMG_BUTTON_PM_REPLY_HEIGHT}px; }\r\n.buttons div.newpm-icon		{ width: {IMG_BUTTON_PM_NEW_WIDTH}px; height: {IMG_BUTTON_PM_NEW_HEIGHT}px; }\r\n.buttons div.forwardpm-icon	{ width: {IMG_BUTTON_PM_FORWARD_WIDTH}px; height: {IMG_BUTTON_PM_FORWARD_HEIGHT}px; }\r\n\r\n/* Sub-header (navigation bar)\r\n--------------------------------------------- */\r\na.print, a.sendemail {\r\n	display: block;\r\n	overflow: hidden;\r\n	height: 18px;\r\n	text-indent: -5000px;\r\n	text-align: left;\r\n	background-repeat: no-repeat;\r\n}\r\n\r\na.print {\r\n	background-image: none;\r\n	width: 22px;\r\n}\r\n\r\na.sendemail {\r\n	background-image: none;\r\n	width: 22px;\r\n}\r\n\r\n/* Icon images\r\n---------------------------------------- */\r\n.sitehome, .icon-faq, .icon-members, .icon-home, .icon-ucp, .icon-register, .icon-logout,\r\n.icon-bookmark, .icon-bump, .icon-subscribe, .icon-unsubscribe, .icon-pages, .icon-search {\r\n	background-position: 0 50%;\r\n	background-repeat: no-repeat;\r\n	background-image: none;\r\n	padding: 1px 0 0 17px;\r\n}\r\n\r\n/* Poster profile icons\r\n----------------------------------------*/\r\nul.profile-icons {\r\n	padding-top: 10px;\r\n	list-style: none;\r\n}\r\n\r\n/* Rollover state */\r\nul.profile-icons li {\r\n	float: left;\r\n	margin: 0 6px 3px 0;\r\n	background-position: 0 100%;\r\n}\r\n\r\n/* Rolloff state */\r\nul.profile-icons li a {\r\n	display: block;\r\n	width: 100%;\r\n	height: 100%;\r\n	background-position: 0 0;\r\n}\r\n\r\n/* Hide <a> text and hide off-state image when rolling over (prevents flicker in IE) */\r\nul.profile-icons li span { display:none; }\r\nul.profile-icons li a:hover { background: none; }\r\n\r\n/* Positioning of moderator icons */\r\n.postbody ul.profile-icons {\r\n	float: right;\r\n	width: auto;\r\n	padding: 0;\r\n}\r\n\r\n.postbody ul.profile-icons li {\r\n	margin: 0 3px;\r\n}\r\n\r\n/* Profile & navigation icons */\r\n.email-icon, .email-icon a		{ background: none top left no-repeat; }\r\n.aim-icon, .aim-icon a			{ background: none top left no-repeat; }\r\n.yahoo-icon, .yahoo-icon a		{ background: none top left no-repeat; }\r\n.web-icon, .web-icon a			{ background: none top left no-repeat; }\r\n.msnm-icon, .msnm-icon a			{ background: none top left no-repeat; }\r\n.icq-icon, .icq-icon a			{ background: none top left no-repeat; }\r\n.jabber-icon, .jabber-icon a		{ background: none top left no-repeat; }\r\n.pm-icon, .pm-icon a				{ background: none top left no-repeat; }\r\n.quote-icon, .quote-icon a		{ background: none top left no-repeat; }\r\n\r\n/* Moderator icons */\r\n.report-icon, .report-icon a		{ background: none top left no-repeat; }\r\n.warn-icon, .warn-icon a			{ background: none top left no-repeat; }\r\n.edit-icon, .edit-icon a			{ background: none top left no-repeat; }\r\n.delete-icon, .delete-icon a		{ background: none top left no-repeat; }\r\n.info-icon, .info-icon a			{ background: none top left no-repeat; }\r\n\r\n/* Set profile icon dimensions */\r\nul.profile-icons li.email-icon		{ width: {IMG_ICON_CONTACT_EMAIL_WIDTH}px; height: {IMG_ICON_CONTACT_EMAIL_HEIGHT}px; }\r\nul.profile-icons li.aim-icon	{ width: {IMG_ICON_CONTACT_AIM_WIDTH}px; height: {IMG_ICON_CONTACT_AIM_HEIGHT}px; }\r\nul.profile-icons li.yahoo-icon	{ width: {IMG_ICON_CONTACT_YAHOO_WIDTH}px; height: {IMG_ICON_CONTACT_YAHOO_HEIGHT}px; }\r\nul.profile-icons li.web-icon	{ width: {IMG_ICON_CONTACT_WWW_WIDTH}px; height: {IMG_ICON_CONTACT_WWW_HEIGHT}px; }\r\nul.profile-icons li.msnm-icon	{ width: {IMG_ICON_CONTACT_MSNM_WIDTH}px; height: {IMG_ICON_CONTACT_MSNM_HEIGHT}px; }\r\nul.profile-icons li.icq-icon	{ width: {IMG_ICON_CONTACT_ICQ_WIDTH}px; height: {IMG_ICON_CONTACT_ICQ_HEIGHT}px; }\r\nul.profile-icons li.jabber-icon	{ width: {IMG_ICON_CONTACT_JABBER_WIDTH}px; height: {IMG_ICON_CONTACT_JABBER_HEIGHT}px; }\r\nul.profile-icons li.pm-icon		{ width: {IMG_ICON_CONTACT_PM_WIDTH}px; height: {IMG_ICON_CONTACT_PM_HEIGHT}px; }\r\nul.profile-icons li.quote-icon	{ width: {IMG_ICON_POST_QUOTE_WIDTH}px; height: {IMG_ICON_POST_QUOTE_HEIGHT}px; }\r\nul.profile-icons li.report-icon	{ width: {IMG_ICON_POST_REPORT_WIDTH}px; height: {IMG_ICON_POST_REPORT_HEIGHT}px; }\r\nul.profile-icons li.edit-icon	{ width: {IMG_ICON_POST_EDIT_WIDTH}px; height: {IMG_ICON_POST_EDIT_HEIGHT}px; }\r\nul.profile-icons li.delete-icon	{ width: {IMG_ICON_POST_DELETE_WIDTH}px; height: {IMG_ICON_POST_DELETE_HEIGHT}px; }\r\nul.profile-icons li.info-icon	{ width: {IMG_ICON_POST_INFO_WIDTH}px; height: {IMG_ICON_POST_INFO_HEIGHT}px; }\r\nul.profile-icons li.warn-icon	{ width: {IMG_ICON_USER_WARN_WIDTH}px; height: {IMG_ICON_USER_WARN_HEIGHT}px; }\r\n\r\n/* Fix profile icon default margins */\r\nul.profile-icons li.edit-icon	{ margin: 0 0 0 3px; }\r\nul.profile-icons li.quote-icon	{ margin: 0 0 0 10px; }\r\nul.profile-icons li.info-icon, ul.profile-icons li.report-icon	{ margin: 0 3px 0 0; }\n/* Control Panel Styles\r\n---------------------------------------- */\r\n\r\n\r\n/* Main CP box\r\n----------------------------------------*/\r\n#cp-menu {\r\n	float:left;\r\n	width: 19%;\r\n	margin-top: 1em;\r\n	margin-bottom: 5px;\r\n}\r\n\r\n#cp-main {\r\n	float: left;\r\n	width: 81%;\r\n}\r\n\r\n#cp-main .content {\r\n	padding: 0;\r\n}\r\n\r\n#cp-main h3, #cp-main hr, #cp-menu hr {\r\n	border-color: #bfbfbf;\r\n}\r\n\r\n#cp-main .panel p {\r\n	font-size: 1.1em;\r\n}\r\n\r\n#cp-main .panel ol {\r\n	margin-left: 2em;\r\n	font-size: 1.1em;\r\n}\r\n\r\n#cp-main .panel li.row {\r\n	border-bottom: 1px solid #cbcbcb;\r\n	border-top: 1px solid #F9F9F9;\r\n}\r\n\r\nul.cplist {\r\n	margin-bottom: 5px;\r\n	border-top: 1px solid #cbcbcb;\r\n}\r\n\r\n#cp-main .panel li.header dd, #cp-main .panel li.header dt {\r\n	color: #000000;\r\n	margin-bottom: 2px;\r\n}\r\n\r\n#cp-main table.table1 {\r\n	margin-bottom: 1em;\r\n}\r\n\r\n#cp-main table.table1 thead th {\r\n	color: #333333;\r\n	font-weight: bold;\r\n	border-bottom: 1px solid #333333;\r\n	padding: 5px;\r\n}\r\n\r\n#cp-main table.table1 tbody th {\r\n	font-style: italic;\r\n	background-color: transparent !important;\r\n	border-bottom: none;\r\n}\r\n\r\n#cp-main .pagination {\r\n	float: right;\r\n	width: auto;\r\n	padding-top: 1px;\r\n}\r\n\r\n#cp-main .postbody p {\r\n	font-size: 1.1em;\r\n}\r\n\r\n#cp-main .pm-message {\r\n	border: 1px solid #e2e2e2;\r\n	margin: 10px 0;\r\n	background-color: #FFFFFF;\r\n	width: auto;\r\n	float: none;\r\n}\r\n\r\n.pm-message h2 {\r\n	padding-bottom: 5px;\r\n}\r\n\r\n#cp-main .postbody h3, #cp-main .box2 h3 {\r\n	margin-top: 0;\r\n}\r\n\r\n#cp-main .buttons {\r\n	margin-left: 0;\r\n}\r\n\r\n#cp-main ul.linklist {\r\n	margin: 0;\r\n}\r\n\r\n/* MCP Specific tweaks */\r\n.mcp-main .postbody {\r\n	width: 100%;\r\n}\r\n\r\n.tabs-container h2 {\r\n	float: left;\r\n	margin-bottom: 0px;\r\n}\r\n\r\n.tabs-container #minitabs {\r\n	float: right;\r\n	margin-top: 19px;\r\n}\r\n\r\n.tabs-container:after {\r\n	display: block;\r\n	clear: both;\r\n	content: \'\';\r\n}\r\n\r\n/* CP tabbed menu\r\n----------------------------------------*/\r\n#tabs {\r\n	line-height: normal;\r\n	margin: 20px 0 -1px 7px;\r\n	min-width: 570px;\r\n}\r\n\r\n#tabs ul {\r\n	margin:0;\r\n	padding: 0;\r\n	list-style: none;\r\n}\r\n\r\n#tabs li {\r\n	display: inline;\r\n	margin: 0;\r\n	padding: 0;\r\n	font-size: 1em;\r\n	font-weight: bold;\r\n}\r\n\r\n#tabs a {\r\n	float: left;\r\n	background: none no-repeat 0% -35px;\r\n	margin: 0 1px 0 0;\r\n	padding: 0 0 0 5px;\r\n	text-decoration: none;\r\n	position: relative;\r\n	cursor: pointer;\r\n}\r\n\r\n#tabs a span {\r\n	float: left;\r\n	display: block;\r\n	background: none no-repeat 100% -35px;\r\n	padding: 6px 10px 6px 5px;\r\n	color: #828282;\r\n	white-space: nowrap;\r\n}\r\n\r\n#tabs a:hover span {\r\n	color: #bcbcbc;\r\n}\r\n\r\n#tabs .activetab a {\r\n	background-position: 0 0;\r\n	border-bottom: 1px solid #ebebeb;\r\n}\r\n\r\n#tabs .activetab a span {\r\n	background-position: 100% 0;\r\n	padding-bottom: 7px;\r\n	color: #333333;\r\n}\r\n\r\n#tabs a:hover {\r\n	background-position: 0 -70px;\r\n}\r\n\r\n#tabs a:hover span {\r\n	background-position:100% -70px;\r\n}\r\n\r\n#tabs .activetab a:hover {\r\n	background-position: 0 0;\r\n}\r\n\r\n#tabs .activetab a:hover span {\r\n	color: #000000;\r\n	background-position: 100% 0;\r\n}\r\n\r\n/* Mini tabbed menu used in MCP\r\n----------------------------------------*/\r\n#minitabs {\r\n	line-height: normal;\r\n	margin: -20px 7px 0 0;\r\n}\r\n\r\n#minitabs ul {\r\n	margin:0;\r\n	padding: 0;\r\n	list-style: none;\r\n}\r\n\r\n#minitabs li {\r\n	display: block;\r\n	float: right;\r\n	padding: 0 10px 4px 10px;\r\n	font-size: 1em;\r\n	font-weight: bold;\r\n	background-color: #f2f2f2;\r\n	margin-left: 2px;\r\n}\r\n\r\n#minitabs a {\r\n}\r\n\r\n#minitabs a:hover {\r\n	text-decoration: none;\r\n}\r\n\r\n#minitabs li.activetab {\r\n	background-color: #F9F9F9;\r\n}\r\n\r\n#minitabs li.activetab a, #minitabs li.activetab a:hover {\r\n	color: #333333;\r\n}\r\n\r\n/* UCP navigation menu\r\n----------------------------------------*/\r\n/* Container for sub-navigation list */\r\n#navigation {\r\n	width: 100%;\r\n	padding-top: 36px;\r\n}\r\n\r\n#navigation ul {\r\n	list-style:none;\r\n}\r\n\r\n/* Default list state */\r\n#navigation li {\r\n	margin: 1px 0;\r\n	padding: 0;\r\n	font-weight: bold;\r\n	display: inline;\r\n}\r\n\r\n/* Link styles for the sub-section links */\r\n#navigation a {\r\n	display: block;\r\n	padding: 5px;\r\n	margin: 1px 0;\r\n	text-decoration: none;\r\n	font-weight: bold;\r\n	color: #333;\r\n	background: #cfcfcf none repeat-y 100% 0;\r\n}\r\n\r\n#navigation a:hover {\r\n	text-decoration: none;\r\n	background-color: #c6c6c6;\r\n	color: #bcbcbc;\r\n	background-image: none;\r\n}\r\n\r\n#navigation #active-subsection a {\r\n	display: block;\r\n	color: #d3d3d3;\r\n	background-color: #F9F9F9;\r\n	background-image: none;\r\n}\r\n\r\n#navigation #active-subsection a:hover {\r\n	color: #d3d3d3;\r\n}\r\n\r\n/* Preferences pane layout\r\n----------------------------------------*/\r\n#cp-main h2 {\r\n	border-bottom: none;\r\n	padding: 0;\r\n	margin-left: 10px;\r\n	color: #333333;\r\n}\r\n\r\n#cp-main .panel {\r\n	background-color: #F9F9F9;\r\n}\r\n\r\n#cp-main .pm {\r\n	background-color: #FFFFFF;\r\n}\r\n\r\n#cp-main span.corners-top, #cp-menu span.corners-top {\r\n	background-image: none;\r\n}\r\n\r\n#cp-main span.corners-top span, #cp-menu span.corners-top span {\r\n	background-image: none;\r\n}\r\n\r\n#cp-main span.corners-bottom, #cp-menu span.corners-bottom {\r\n	background-image: none;\r\n}\r\n\r\n#cp-main span.corners-bottom span, #cp-menu span.corners-bottom span {\r\n	background-image: none;\r\n}\r\n\r\n/* Topicreview */\r\n#cp-main .panel #topicreview span.corners-top, #cp-menu .panel #topicreview span.corners-top {\r\n	background-image: none;\r\n}\r\n\r\n#cp-main .panel #topicreview span.corners-top span, #cp-menu .panel #topicreview span.corners-top span {\r\n	background-image: none;\r\n}\r\n\r\n#cp-main .panel #topicreview span.corners-bottom, #cp-menu .panel #topicreview span.corners-bottom {\r\n	background-image: none;\r\n}\r\n\r\n#cp-main .panel #topicreview span.corners-bottom span, #cp-menu .panel #topicreview span.corners-bottom span {\r\n	background-image: none;\r\n}\r\n\r\n/* Friends list */\r\n.cp-mini {\r\n	background-color: #f9f9f9;\r\n	padding: 0 5px;\r\n	margin: 10px 15px 10px 5px;\r\n}\r\n\r\n.cp-mini span.corners-top, .cp-mini span.corners-bottom {\r\n	margin: 0 -5px;\r\n}\r\n\r\ndl.mini dt {\r\n	font-weight: bold;\r\n	color: #676767;\r\n}\r\n\r\ndl.mini dd {\r\n	padding-top: 4px;\r\n}\r\n\r\n.friend-online {\r\n	font-weight: bold;\r\n}\r\n\r\n.friend-offline {\r\n	font-style: italic;\r\n}\r\n\r\n/* PM Styles\r\n----------------------------------------*/\r\n#pm-menu {\r\n	line-height: 2.5em;\r\n}\r\n\r\n/* PM panel adjustments */\r\n.reply-all a.left {\r\n	background-position: 3px 60%;\r\n}\r\n\r\n.reply-all a.left:hover {\r\n	background-position: 0px 60%;\r\n}\r\n\r\n.reply-all {\r\n	font-size: 11px;\r\n	padding-top: 5px;\r\n}\r\n\r\n/* PM Message history */\r\n.current {\r\n	color: #999999;\r\n}\r\n\r\n/* Defined rules list for PM options */\r\nol.def-rules {\r\n	padding-left: 0;\r\n}\r\n\r\nol.def-rules li {\r\n	line-height: 180%;\r\n	padding: 1px;\r\n}\r\n\r\n/* PM marking colours */\r\n.pmlist li.bg1 {\r\n	padding: 0 3px;\r\n}\r\n\r\n.pmlist li.bg2 {\r\n	padding: 0 3px;\r\n}\r\n\r\n.pmlist li.pm_message_reported_colour, .pm_message_reported_colour {\r\n	border-left-color: #bcbcbc;\r\n	border-right-color: #bcbcbc;\r\n}\r\n\r\n.pmlist li.pm_marked_colour, .pm_marked_colour {\r\n	padding: 0;\r\n	border: solid 3px #ffffff;\r\n	border-width: 0 3px;\r\n}\r\n\r\n.pmlist li.pm_replied_colour, .pm_replied_colour {\r\n	padding: 0;\r\n	border: solid 3px #c2c2c2;\r\n	border-width: 0 3px;\r\n}\r\n\r\n.pmlist li.pm_friend_colour, .pm_friend_colour {\r\n	padding: 0;\r\n	border: solid 3px #bdbdbd;\r\n	border-width: 0 3px;\r\n}\r\n\r\n.pmlist li.pm_foe_colour, .pm_foe_colour {\r\n	padding: 0;\r\n	border: solid 3px #000000;\r\n	border-width: 0 3px;\r\n}\r\n\r\n.pm-legend {\r\n	border-left-width: 10px;\r\n	border-left-style: solid;\r\n	border-right-width: 0;\r\n	margin-bottom: 3px;\r\n	padding-left: 3px;\r\n}\r\n\r\n/* Avatar gallery */\r\n#gallery label {\r\n	position: relative;\r\n	float: left;\r\n	margin: 10px;\r\n	padding: 5px;\r\n	width: auto;\r\n	background: #FFFFFF;\r\n	border: 1px solid #CCC;\r\n	text-align: center;\r\n}\r\n\r\n#gallery label:hover {\r\n	background-color: #EEE;\r\n}\n/* Form Styles\r\n---------------------------------------- */\r\n\r\n/* General form styles\r\n----------------------------------------*/\r\nfieldset {\r\n	border-width: 0;\r\n	font-family: Verdana, Helvetica, Arial, sans-serif;\r\n	font-size: 1.1em;\r\n}\r\n\r\ninput {\r\n	font-weight: normal;\r\n	cursor: pointer;\r\n	vertical-align: middle;\r\n	padding: 0 3px;\r\n	font-size: 1em;\r\n	font-family: Verdana, Helvetica, Arial, sans-serif;\r\n}\r\n\r\nselect {\r\n	font-family: Verdana, Arial, Helvetica, sans-serif;\r\n	color: #FFFFFF;\r\n	font-weight: normal;\r\n	cursor: pointer;\r\n	vertical-align: middle;\r\n	border: 1px solid #e600ff;\r\n	padding: 1px;\r\n	background-color: #9900aa;\r\n	font-size: 1em;\r\n}\r\n\r\noption {\r\n	padding-right: 1em;\r\n}\r\n\r\noption.disabled-option {\r\n	color: graytext;\r\n}\r\n\r\ntextarea {\r\n	font-family: \"Lucida Grande\", Verdana, Helvetica, Arial, sans-serif;\r\n	width: 60%;\r\n	padding: 2px;\r\n	font-size: 1em;\r\n	line-height: 1.4em;\r\n}\r\n\r\nlabel {\r\n	cursor: default;\r\n	padding-right: 5px;\r\n	color: #676767;\r\n}\r\n\r\nlabel input {\r\n	vertical-align: middle;\r\n}\r\n\r\nlabel img {\r\n	vertical-align: middle;\r\n}\r\n\r\n/* Definition list layout for forms\r\n---------------------------------------- */\r\nfieldset dl {\r\n	padding: 4px 0;\r\n}\r\n\r\nfieldset dt {\r\n	float: left;	\r\n	width: 40%;\r\n	text-align: left;\r\n	display: block;\r\n}\r\n\r\nfieldset dd {\r\n	margin-left: 41%;\r\n	vertical-align: top;\r\n	margin-bottom: 3px;\r\n}\r\n\r\n/* Specific layout 1 */\r\nfieldset.fields1 dt {\r\n	width: 15em;\r\n	border-right-width: 0;\r\n}\r\n\r\nfieldset.fields1 dd {\r\n	margin-left: 15em;\r\n	border-left-width: 0;\r\n}\r\n\r\nfieldset.fields1 {\r\n	background-color: transparent;\r\n}\r\n\r\nfieldset.fields1 div {\r\n	margin-bottom: 3px;\r\n}\r\n\r\n/* Set it back to 0px for the reCaptcha divs: PHPBB3-9587 */\r\nfieldset.fields1 #recaptcha_widget_div div {\r\n	margin-bottom: 0;\r\n}\r\n\r\n/* Specific layout 2 */\r\nfieldset.fields2 dt {\r\n	width: 15em;\r\n	border-right-width: 0;\r\n}\r\n\r\nfieldset.fields2 dd {\r\n	margin-left: 16em;\r\n	border-left-width: 0;\r\n}\r\n\r\n/* Form elements */\r\ndt label {\r\n	font-weight: bold;\r\n	text-align: left;\r\n}\r\n\r\ndd label {\r\n	white-space: nowrap;\r\n	color: #333;\r\n}\r\n\r\ndd input, dd textarea {\r\n	margin-right: 3px;\r\n}\r\n\r\ndd select {\r\n	width: auto;\r\n}\r\n\r\ndd textarea {\r\n	width: 85%;\r\n}\r\n\r\n/* Hover effects */\r\nfieldset dl:hover dt label {\r\n	color: #000000;\r\n}\r\n\r\nfieldset.fields2 dl:hover dt label {\r\n	color: inherit;\r\n}\r\n\r\n#timezone {\r\n	width: 95%;\r\n}\r\n\r\n* html #timezone {\r\n	width: 50%;\r\n}\r\n\r\n/* Quick-login on index page */\r\nfieldset.quick-login {\r\n	background: #202020;\r\n    margin-top: 5px;\r\n    padding: 6px;\r\n}\r\n\r\nfieldset.quick-login input {\r\n	width: auto;\r\n}\r\n\r\nfieldset.quick-login input.inputbox {\r\n	width: 15%;\r\n	vertical-align: middle;\r\n	margin-right: 5px;\r\n	background-color: #730080;\r\n	border: 1px solid #e600ff;\r\n}\r\n\r\nfieldset.quick-login label {\r\n	color: #FFFFFF;\r\n	font-size: 0.9em;\r\n	white-space: nowrap;\r\n	padding-right: 2px;\r\n}\r\n\r\n/* Display options on viewtopic/viewforum pages  */\r\nfieldset.display-options {\r\n	text-align: center;\r\n	margin: 3px 0 5px 0;\r\n}\r\n\r\nfieldset.display-options label {\r\n	white-space: nowrap;\r\n	padding-right: 2px;\r\n}\r\n\r\nfieldset.display-options a {\r\n	margin-top: 3px;\r\n}\r\n\r\n/* Display actions for ucp and mcp pages */\r\nfieldset.display-actions {\r\n	text-align: right;\r\n	line-height: 2em;\r\n	white-space: nowrap;\r\n	padding-right: 1em;\r\n}\r\n\r\nfieldset.display-actions label {\r\n	white-space: nowrap;\r\n	padding-right: 2px;\r\n}\r\n\r\nfieldset.sort-options {\r\n	line-height: 2em;\r\n}\r\n\r\n/* MCP forum selection*/\r\nfieldset.forum-selection {\r\n	margin: 5px 0 3px 0;\r\n	float: right;\r\n}\r\n\r\nfieldset.forum-selection2 {\r\n	margin: 13px 0 3px 0;\r\n	float: right;\r\n}\r\n\r\n/* Jumpbox */\r\nfieldset.jumpbox {\r\n	text-align: right;\r\n	margin-top: 15px;\r\n	height: 2.5em;\r\n}\r\n\r\nfieldset.quickmod {\r\n	width: 50%;\r\n	float: right;\r\n	text-align: right;\r\n	height: 2.5em;\r\n}\r\n\r\n/* Submit button fieldset */\r\nfieldset.submit-buttons {\r\n	text-align: center;\r\n	vertical-align: middle;\r\n	margin: 5px 0;\r\n}\r\n\r\nfieldset.submit-buttons input {\r\n	vertical-align: middle;\r\n	padding-top: 3px;\r\n	padding-bottom: 3px;\r\n}\r\n\r\n/* Posting page styles\r\n----------------------------------------*/\r\n\r\n/* Buttons used in the editor */\r\n#format-buttons {\r\n	margin: 15px 0 2px 0;\r\n}\r\n\r\n#format-buttons input, #format-buttons select {\r\n	vertical-align: middle;\r\n}\r\n\r\n/* Main message box */\r\n#message-box {\r\n	width: 80%;\r\n}\r\n\r\n#message-box textarea {\r\n	font-family: \"Trebuchet MS\", Verdana, Helvetica, Arial, sans-serif;\r\n	width: 450px;\r\n	height: 270px;\r\n	min-width: 100%;\r\n	max-width: 100%;\r\n	font-size: 1.2em;\r\n	color: #333333;\r\n}\r\n\r\n/* Emoticons panel */\r\n#smiley-box {\r\n	width: 18%;\r\n	float: right;\r\n}\r\n\r\n#smiley-box img {\r\n	margin: 3px;\r\n}\r\n\r\n/* Input field styles\r\n---------------------------------------- */\r\n.inputbox {\r\n	background-color: #FFFFFF;\r\n	border: 1px solid #c0c0c0;\r\n	color: #333333;\r\n	padding: 2px;\r\n	cursor: text;\r\n}\r\n\r\n.inputbox:hover {\r\n	border: 1px solid #eaeaea;\r\n}\r\n\r\ninput.inputbox	{ width: 85%; }\r\ninput.medium	{ width: 50%; }\r\ninput.narrow	{ width: 25%; }\r\ninput.tiny		{ width: 125px; }\r\n\r\ntextarea.inputbox {\r\n	width: 85%;\r\n}\r\n\r\n.autowidth {\r\n	width: auto !important;\r\n}\r\n\r\n/* Form button styles\r\n---------------------------------------- */\r\ninput.button1, input.button2 {\r\n	font-size: 1em;\r\n}\r\n\r\na.button1, input.button1, input.button3, a.button2, input.button2 {\r\n	width: auto !important;\r\n	padding-top: 1px;\r\n	padding-bottom: 1px;\r\n	font-family: \"Lucida Grande\", Verdana, Helvetica, Arial, sans-serif;\r\n	color: #000;\r\n	background: #FAFAFA none repeat-x top left;\r\n}\r\n\r\na.button1, input.button1 {\r\n	font-weight: bold;\r\n	border: 1px solid #666666;\r\n}\r\n\r\ninput.button3 {\r\n	padding: 0;\r\n	margin: 0;\r\n	line-height: 5px;\r\n	height: 12px;\r\n	background-image: none;\r\n	font-variant: small-caps;\r\n}\r\n\r\n/* Alternative button */\r\na.button2, input.button2, input.button3 {\r\n	border: 1px solid #666666;\r\n}\r\n\r\n/* <a> button in the style of the form buttons */\r\na.button1, a.button1:link, a.button1:visited, a.button1:active, a.button2, a.button2:link, a.button2:visited, a.button2:active {\r\n	text-decoration: none;\r\n	color: #000000;\r\n	padding: 2px 8px;\r\n	line-height: 250%;\r\n	vertical-align: text-bottom;\r\n	background-position: 0 1px;\r\n}\r\n\r\n/* Hover states */\r\na.button1:hover, input.button1:hover, a.button2:hover, input.button2:hover, input.button3:hover {\r\n	border: 1px solid #BCBCBC;\r\n	background-position: 0 100%;\r\n	color: #BCBCBC;\r\n}\r\n\r\ninput.disabled {\r\n	font-weight: normal;\r\n	color: #666666;\r\n}\r\n\r\n/* Topic and forum Search */\r\n.search-box {\r\n	margin-top: 3px;\r\n	margin-left: 5px;\r\n	float: left;\r\n}\r\n\r\n.full { width: 95%; }\r\n.medium { width: 50%;}\r\n.narrow { width: 25%;}\r\n.tiny { width: 10%;}\n/* Style Sheet Tweaks\r\n\r\nThese style definitions are mainly IE specific \r\ntweaks required due to its poor CSS support.\r\n-------------------------------------------------*/\r\n\r\n* html table, * html select, * html input { font-size: 100%; }\r\n* html hr { margin: 0; }\r\n* html span.corners-top, * html span.corners-bottom { background-image: url(\"{T_THEME_PATH}/images/corners_left.gif\"); }\r\n* html span.corners-top span, * html span.corners-bottom span { background-image: url(\"{T_THEME_PATH}/images/corners_right.gif\"); }\r\n\r\ntable.table1 {\r\n	width: 99%;		/* IE < 6 browsers */\r\n	/* Tantek hack */\r\n	voice-family: \"\\\"}\\\"\";\r\n	voice-family: inherit;\r\n	width: 100%;\r\n}\r\nhtml>body table.table1 { width: 100%; }	/* Reset 100% for opera */\r\n\r\n* html ul.topiclist li { position: relative; }\r\n* html .postbody h3 img { vertical-align: middle; }\r\n\r\n/* Form styles */\r\nhtml>body dd label input { vertical-align: text-bottom; }	/* Align checkboxes/radio buttons nicely */\r\n\r\n* html input.button1, * html input.button2 {\r\n	padding-bottom: 0;\r\n	margin-bottom: 1px;\r\n}\r\n\r\n/* Misc layout styles */\r\n* html .column1, * html .column2 { width: 45%; }\r\n\r\n/* Nice method for clearing floated blocks without having to insert any extra markup (like spacer above)\r\n   From http://www.positioniseverything.net/easyclearing.html \r\n#tabs:after, #minitabs:after, .post:after, .navbar:after, fieldset dl:after, ul.topiclist dl:after, ul.linklist:after, dl.polls:after {\r\n	content: \".\"; \r\n	display: block; \r\n	height: 0; \r\n	clear: both; \r\n	visibility: hidden;\r\n}*/\r\n\r\n.clearfix, #tabs, #minitabs, fieldset dl, ul.topiclist dl, dl.polls {\r\n	height: 1%;\r\n	overflow: hidden;\r\n}\r\n\r\n/* viewtopic fix */\r\n* html .post {\r\n	height: 25%;\r\n	overflow: hidden;\r\n}\r\n\r\n/* navbar fix */\r\n* html .clearfix, * html .navbar, ul.linklist {\r\n	height: 4%;\r\n	overflow: hidden;\r\n}\r\n\r\n/* Simple fix so forum and topic lists always have a min-height set, even in IE6\r\n	From http://www.dustindiaz.com/min-height-fast-hack */\r\ndl.icon {\r\n	min-height: 35px;\r\n	height: auto !important;\r\n	height: 35px;\r\n}\r\n\r\n* html li.row dl.icon dt {\r\n	height: 35px;\r\n	overflow: visible;\r\n}\r\n\r\n* html #search-box {\r\n	width: 25%;\r\n}\r\n\r\n/* Correctly clear floating for details on profile view */\r\n*:first-child+html dl.details dd {\r\n	margin-left: 30%;\r\n	float: none;\r\n}\r\n\r\n* html dl.details dd {\r\n	margin-left: 30%;\r\n	float: none;\r\n}\r\n\r\n/* Headerbar height fix for IE7 and below */\r\n* html #site-description p {\r\n	margin-bottom: 1.0em;\r\n}\r\n\r\n*:first-child+html #site-description p {\r\n	margin-bottom: 1.0em;\r\n}\r\n\r\n/* #minitabs fix for IE */\r\n.tabs-container {\r\n	zoom: 1;\r\n}\r\n\r\n#minitabs {\r\n	white-space: nowrap;\r\n	*min-width: 50%;\r\n}\n/*  	\r\n--------------------------------------------------------------\r\nColours and backgrounds for common.css\r\n-------------------------------------------------------------- */\r\n\r\nhtml, body {\r\n	color: #FFFFFF;\r\n	background-color: #000000;\r\n}\r\n\r\nh1 {\r\n	color: #FFFFFF;\r\n}\r\n\r\nh2 {\r\n	color: #FFFFFF;\r\n}\r\n\r\nh3 {\r\n	border-bottom-color: #CCCCCC;\r\n	color: #FFFFFF;\r\n}\r\n\r\nhr {\r\n	border-color: #FFFFFF;\r\n	border-top-color: #CCCCCC;\r\n}\r\n\r\nhr.dashed {\r\n	border-top-color: #CCCCCC;\r\n}\r\n\r\n/* Search box\r\n--------------------------------------------- */\r\n\r\n#search-box {\r\n	color: #FFFFFF;\r\n}\r\n\r\n#search-box #keywords {\r\n	background-color: #FFF;\r\n}\r\n\r\n#search-box input {\r\n	border-color: #0075B0;\r\n}\r\n\r\n/* Round cornered boxes and backgrounds\r\n---------------------------------------- */\r\n.headerbar {\r\n	background-color: #000000;\r\n	background-image: url(\"{T_THEME_PATH}/images/bg_header.gif\");\r\n	color: #FFFFFF;\r\n}\r\n\r\n.navbar {\r\n	background: #0D0D0D;\r\n    color: #FFFFFF;\r\n    font-size: 1em;\r\n    font-weight: bold;\r\n    margin-bottom: 1px;\r\n    padding: 5px;\r\n}\r\n\r\n.forabg {\r\n	background-color: #2D2D2D;\r\n	background-image: url(\"{T_THEME_PATH}/images/bg_list.gif\");\r\n	color: #FFFFFF;\r\n    border: 1px solid #000000;\r\n}\r\n\r\n.forumbg {\r\n	background-color: #12A3EB;\r\n	background-image: url(\"{T_THEME_PATH}/images/bg_header.gif\");\r\n	color: #FFFFFF;\r\n    border: 1px solid #000000;\r\n}\r\n\r\n.panel {\r\n	background-color: #232323;\r\n	color: #28313F;\r\n}\r\n\r\n.post:target .content {\r\n	color: #FFFFFF;\r\n}\r\n\r\n.post:target h3 a {\r\n	color: #000000;\r\n}\r\n\r\n.bg1	{ background-color: #ECF3F7; }\r\n.bg2	{ background-color: #2D2D2D;  }\r\n.bg3	{ background-color: #cadceb; }\r\n\r\n.bg5 	{ background-color: #5E5E5E; }\r\n\r\n.ucprowbg {\r\n	background-color: #DCDEE2;\r\n}\r\n\r\n.fieldsbg {\r\n	background-color: #E7E8EA;\r\n}\r\n\r\nspan.corners-top {\r\n	background-image: url(\"{T_THEME_PATH}/images/corners_left.png\");\r\n}\r\n\r\nspan.corners-top span {\r\n	background-image: url(\"{T_THEME_PATH}/images/corners_right.png\");\r\n}\r\n\r\nspan.corners-bottom {\r\n	background-image: url(\"{T_THEME_PATH}/images/corners_left.png\");\r\n}\r\n\r\nspan.corners-bottom span {\r\n	background-image: url(\"{T_THEME_PATH}/images/corners_right.png\");\r\n}\r\n\r\n/* Horizontal lists\r\n----------------------------------------*/\r\n\r\nul.navlinks {\r\n	border-bottom-color: #FFFFFF;\r\n}\r\n\r\n/* Table styles\r\n----------------------------------------*/\r\ntable.table1 thead th {\r\n	color: #FFFFFF;\r\n}\r\n\r\ntable.table1 tbody tr:hover, table.table1 tbody tr.hover {\r\n	background-color: #202020;\r\n	color: #000;\r\n}\r\n\r\ntable.table1 td {\r\n	color: #FFFFFF;\r\n}\r\n\r\ntable.table1 tbody th {\r\n	border-bottom-color: #000000;\r\n	color: #333333;\r\n	background-color: #FFFFFF;\r\n}\r\n\r\ntable.info tbody th {\r\n	color: #000000;\r\n}\r\n\r\n/* Misc layout styles\r\n---------------------------------------- */\r\ndl.details dt {\r\n	color: #000000;\r\n}\r\n\r\ndl.details dd {\r\n	color: #FFFFFF;\r\n}\r\n\r\n.sep {\r\n	color: #1198D9;\r\n}\r\n\r\n/* Pagination\r\n---------------------------------------- */\r\n\r\n.pagination span strong {\r\n	color: #FFFFFF;\r\n	background-color: #9900aa;\r\n	border-color: #e600ff;\r\n}\r\n\r\n.pagination span a, .pagination span a:link, .pagination span a:visited {\r\n	color: #5C758C;\r\n	background-color: #ECEDEE;\r\n	border-color: #B4BAC0;\r\n}\r\n\r\n.pagination span a:hover {\r\n	border-color: #e600ff;\r\n	background-color: #9900aa;\r\n	color: #FFF;\r\n}\r\n\r\n.pagination span a:active {\r\n	color: #5C758C;\r\n	background-color: #ECEDEE;\r\n	border-color: #B4BAC0;\r\n}\r\n\r\n/* Pagination in viewforum for multipage topics */\r\n.row .pagination {\r\n	background-image: url(\"{T_THEME_PATH}/images/icon_pages.gif\");\r\n}\r\n\r\n.row .pagination span a, li.pagination span a {\r\n	background-color: #FFFFFF;\r\n}\r\n\r\n.row .pagination span a:hover, li.pagination span a:hover {\r\n	background-color: #9900aa;\r\n}\r\n\r\n/* Miscellaneous styles\r\n---------------------------------------- */\r\n\r\n.copyright {\r\n	color: #555555;\r\n	background: url(\"{T_THEME_PATH}/images/bg_footer.gif\") repeat-x #000000;\r\n    border-top: 1px solid #808080;\r\n    color: #FFFFFF;\r\n	padding: 5px;\r\n	text-align: center;\r\n    font-size: 1em;\r\n    padding: 8px;\r\n    text-align: center;\r\n}\r\n\r\n.error {\r\n	color: #952aa4;\r\n}\r\n\r\n.reported {\r\n	background-color: #730080;\r\n}\r\n\r\nli.reported:hover {\r\n	background-color: #730080 !important;\r\n}\r\n.sticky, .announce {\r\n	/* you can add a background for stickies and announcements*/\r\n}\r\n\r\ndiv.rules, p.rules {\r\n	background: #2D2D2D;\r\n	color: #952aa4;\r\n	padding: 7px;\r\n   	border-color: #000000;\r\n    border-style: solid;\r\n    border-width: 0 1px 1px 0;\r\n    margin-bottom: 1px;\r\n}\r\n\r\n/*  	\r\n--------------------------------------------------------------\r\nColours and backgrounds for links.css\r\n-------------------------------------------------------------- */\r\n\r\na:link	{ color: #b800cc; text-decoration: none; }\r\na:visited	{ color: #b800cc; text-decoration: none; }\r\na:hover	{ color: #e600ff; text-decoration: underline; }\r\na:active	{ color: #b800cc; text-decoration: none; }\r\n\r\n/* Links on gradient backgrounds */\r\n#search-box a:link, .navbg a:link, .forumbg .header a:link, .forabg .header a:link, th a:link {\r\n	color: #FFFFFF;\r\n}\r\n\r\n#search-box a:visited, .navbg a:visited, .forumbg .header a:visited, .forabg .header a:visited, th a:visited {\r\n	color: #FFFFFF;\r\n}\r\n\r\n#search-box a:hover, .navbg a:hover, .forumbg .header a:hover, .forabg .header a:hover, th a:hover {\r\n	color: #FFFFFF;\r\n}\r\n\r\n#search-box a:active, .navbg a:active, .forumbg .header a:active, .forabg .header a:active, th a:active {\r\n	color: #C8E6FF;\r\n}\r\n\r\n/* Links for forum/topic lists */\r\na.forumtitle {\r\n	color: #b800cc;\r\n}\r\n\r\n/* a.forumtitle:visited { color: #105289; } */\r\n\r\na.forumtitle:hover {\r\n	color: #e600ff;\r\n}\r\n\r\na.forumtitle:active {\r\n	color: #b800cc;\r\n}\r\n\r\na.topictitle {\r\n	color: #b800cc;\r\n}\r\n\r\n/* a.topictitle:visited { color: #368AD2; } */\r\n\r\na.topictitle:hover {\r\n	color: #e600ff;\r\n}\r\n\r\na.topictitle:active {\r\n	color: #b800cc;\r\n}\r\n\r\n/* Post body links */\r\n.postlink {\r\n	color: #368AD2;\r\n}\r\n\r\n.postlink:visited {\r\n	color: #b800cc;\r\n	border-bottom-color: #5D8FBD;\r\n}\r\n\r\n.postlink:active {\r\n	color: #368AD2;\r\n}\r\n\r\n.postlink:hover {\r\n	color: #808080;\r\n}\r\n\r\n.signature a, .signature a:visited, .signature a:hover, .signature a:active {\r\n	background-color: transparent;\r\n}\r\n\r\n/* Profile links */\r\n.postprofile a:link, .postprofile a:visited, .postprofile dt.author a {\r\n	color: #e3c2e5;\r\n}\r\n\r\n.postprofile a:hover, .postprofile dt.author a:hover {\r\n	color: #e79fe9;\r\n}\r\n\r\n.postprofile a:active {\r\n	color: #e3c2e5;\r\n}\r\n\r\n/* Profile searchresults */	\r\n.search .postprofile a {\r\n	color: #b800cc;\r\n}\r\n\r\n.search .postprofile a:hover {\r\n	color: #e600ff;\r\n}\r\n\r\n/* Back to top of page */\r\na.top {\r\n	background-image: url(\"{IMG_ICON_BACK_TOP_SRC}\");\r\n}\r\n\r\na.top2 {\r\n	background-image: url(\"{IMG_ICON_BACK_TOP_SRC}\");\r\n}\r\n\r\n/* Arrow links  */\r\na.up		{ background-image: url(\"{T_THEME_PATH}/images/arrow_up.gif\") }\r\na.down		{ background-image: url(\"{T_THEME_PATH}/images/arrow_down.gif\") }\r\na.left		{ background-image: url(\"{T_THEME_PATH}/images/arrow_left.gif\") }\r\na.right		{ background-image: url(\"{T_THEME_PATH}/images/arrow_right.gif\") }\r\n\r\na.up:hover {\r\n	background-color: transparent;\r\n}\r\n\r\n/* a.left:hover {\r\n}\r\n\r\na.right:hover {\r\n} */\r\n\r\n\r\n/*  	\r\n--------------------------------------------------------------\r\nColours and backgrounds for content.css\r\n-------------------------------------------------------------- */\r\n\r\nul.forums {\r\n	background-color: #eef5f9;\r\n}\r\n\r\nul.topiclist li {\r\n	color: #FFFFFF;\r\n}\r\n\r\nul.topiclist dd {\r\n	border-left-color: #FFFFFF;\r\n}\r\n\r\n.rtl ul.topiclist dd {\r\n	border-right-color: #fff;\r\n	border-left-color: transparent;\r\n}\r\n\r\nul.topiclist li.row dt a.subforum.read {\r\n	background-image: url(\"{IMG_SUBFORUM_READ_SRC}\");\r\n}\r\n\r\nul.topiclist li.row dt a.subforum.unread {\r\n	background-image: url(\"{IMG_SUBFORUM_UNREAD_SRC}\");\r\n}\r\n\r\nli.row {\r\n	border-color: #000000;\r\n    border-style: solid;\r\n    border-width: 0 1px 1px 0;\r\n    margin-bottom: 1px;\r\n	padding: 4px;\r\n	background: #232323;\r\n}\r\n\r\nli.row strong {\r\n	color: #FFFFFF;\r\n}\r\n\r\nli.row:hover {\r\n	background-color: #202020;\r\n}\r\n\r\nli.row:hover dd {\r\n	border-left-color: #CCCCCC;\r\n}\r\n\r\n.rtl li.row:hover dd {\r\n	border-right-color: #CCCCCC;\r\n	border-left-color: transparent;\r\n}\r\n\r\nli.header dt, li.header dd {\r\n	color: #FFFFFF;\r\n}\r\n\r\n/* Forum list column styles */\r\nul.topiclist dd.searchextra {\r\n	color: #333333;\r\n}\r\n\r\n/* Post body styles\r\n----------------------------------------*/\r\n.postbody {\r\n	color: #FFFFFF;\r\n}\r\n\r\n/* Content container styles\r\n----------------------------------------*/\r\n.content {\r\n	color: #FFFFFF;\r\n}\r\n\r\n.content h2, .panel h2 {\r\n	color: #115098;\r\n	border-bottom-color:  #CCCCCC;\r\n}\r\n\r\ndl.faq dt {\r\n	color: #FFFFFF;\r\n}\r\n\r\n.posthilit {\r\n	background-color: #e5bfe9;\r\n	color: #952aa4;\r\n}\r\n\r\n/* Post signature */\r\n.signature {\r\n	border-top-color: #CCCCCC;\r\n}\r\n\r\n/* Post noticies */\r\n.notice {\r\n	border-top-color:  #CCCCCC;\r\n}\r\n\r\n/* BB Code styles\r\n----------------------------------------*/\r\n/* Quote block */\r\nblockquote {\r\n	background-color: #333333;\r\n	color: #FFFFFF;\r\n	background-image: url(\"{T_THEME_PATH}/images/quote.gif\");\r\n	border-color: #4C4C4C #000000 #000000 #4C4C4C;\r\n    border-style: solid;\r\n    border-width: 1px;\r\n    padding: 5px;\r\n}\r\n\r\n.rtl blockquote {\r\n	background-image: url(\"{T_THEME_PATH}/images/quote_rtl.gif\");\r\n}\r\n\r\nblockquote blockquote {\r\n	/* Nested quotes */\r\n	background-color: #4C4C4C;\r\n}\r\n\r\nblockquote blockquote blockquote {\r\n	/* Nested quotes */\r\n	background-color: #333333;\r\n}\r\n\r\n/* Code block */\r\ndl.codebox {\r\n	background-color: #EEF7FC;\r\n	border-color: #4C4C4C #000000 #000000 #4C4C4C;\r\n    border-style: solid;\r\n    border-width: 1px;\r\n    padding: 5px;\r\n	color: #000000;\r\n}\r\n\r\ndl.codebox dt {\r\n	border-bottom-color: #4C4C4C;\r\n}\r\n\r\ndl.codebox code {\r\n	color: #2E8B57;\r\n}\r\n\r\n.syntaxbg		{ color: #FFFFFF; }\r\n.syntaxcomment	{ color: #9e0aa5; }\r\n.syntaxdefault	{ color: #0000BB; }\r\n.syntaxhtml		{ color: #000000; }\r\n.syntaxkeyword	{ color: #007700; }\r\n.syntaxstring	{ color: #c700dd; }\r\n\r\n/* Attachments\r\n----------------------------------------*/\r\n.attachbox {\r\n	background-color: #000000;\r\n	border-color:  #C9D2D8;\r\n}\r\n\r\n.pm-message .attachbox {\r\n	background-color: #F2F3F3;\r\n}\r\n\r\n.attachbox dd {\r\n	border-top-color: #C9D2D8;\r\n}\r\n\r\n.attachbox p {\r\n	color: #999999;\r\n}\r\n\r\n.attachbox p.stats {\r\n	color: #666666;\r\n}\r\n\r\n.attach-image img {\r\n	border-color: #999999;\r\n}\r\n\r\n/* Inline image thumbnails */\r\n\r\ndl.file dd {\r\n	color: #999999;\r\n}\r\n\r\ndl.thumbnail img {\r\n	border-color: #666666;\r\n	background-color: #FFFFFF;\r\n}\r\n\r\ndl.thumbnail dd {\r\n	color: #666666;\r\n}\r\n\r\ndl.thumbnail dt a:hover {\r\n	background-color: #EEEEEE;\r\n}\r\n\r\ndl.thumbnail dt a:hover img {\r\n	border-color: #368AD2;\r\n}\r\n\r\n/* Post poll styles\r\n----------------------------------------*/\r\n\r\nfieldset.polls dl {\r\n	border-top-color: #666666;\r\n	color: #FFFFFF;\r\n}\r\n\r\nfieldset.polls dl.voted {\r\n	color: #730080;\r\n}\r\n\r\nfieldset.polls dd div {\r\n	color: #FFFFFF;\r\n}\r\n\r\n.rtl .pollbar1, .rtl .pollbar2, .rtl .pollbar3, .rtl .pollbar4, .rtl .pollbar5 {\r\n	border-right-color: transparent;\r\n}\r\n\r\n.pollbar1 {\r\n	background-color: #87238e;\r\n	border-bottom-color: #5b1665;\r\n	border-right-color: #5b1665;\r\n}\r\n\r\n.rtl .pollbar1 {\r\n	border-left-color: #5b1665;\r\n}\r\n\r\n.pollbar2 {\r\n	background-color: #961e98;\r\n	border-bottom-color: #6f1c77;\r\n	border-right-color: #6f1c77;\r\n}\r\n\r\n.rtl .pollbar2 {\r\n	border-left-color: #6f1c77;\r\n}\r\n\r\n.pollbar3 {\r\n	background-color: #a31aa3;\r\n	border-bottom-color: #87238e;\r\n	border-right-color: #87238e;\r\n}\r\n\r\n.rtl .pollbar3 {\r\n	border-left-color: #87238e;\r\n}\r\n\r\n.pollbar4 {\r\n	background-color: #b216ac;\r\n	border-bottom-color: #961e98;\r\n	border-right-color: #961e98;\r\n}\r\n\r\n.rtl .pollbar4 {\r\n	border-left-color: #961e98;\r\n}\r\n\r\n.pollbar5 {\r\n	background-color: #c111b6;\r\n	border-bottom-color: #a31aa3;\r\n	border-right-color: #a31aa3;\r\n}\r\n\r\n.rtl .pollbar5 {\r\n	border-left-color: #a31aa3;\r\n}\r\n\r\n/* Poster profile block\r\n----------------------------------------*/\r\n.postprofile {\r\n	color: #FFFFFF;\r\n	border-left-color: #FFFFFF;\r\n}\r\n\r\n.rtl .postprofile {\r\n	border-right-color: #FFFFFF;\r\n	border-left-color: transparent;\r\n}\r\n\r\n.pm .postprofile {\r\n	border-left-color: #DDDDDD;\r\n}\r\n\r\n.rtl .pm .postprofile {\r\n	border-right-color: #DDDDDD;\r\n	border-left-color: transparent;\r\n}\r\n\r\n.postprofile strong {\r\n	color: #FFFFFF;\r\n	font-weight: bold;\r\n}\r\n\r\n.online {\r\n	background-image: url(\"{IMG_ICON_USER_ONLINE_SRC}\");\r\n}\r\n\r\n/*  	\r\n--------------------------------------------------------------\r\nColours and backgrounds for buttons.css\r\n-------------------------------------------------------------- */\r\n\r\n/* Big button images */\r\n.reply-icon span	{ background-image: url(\"{IMG_BUTTON_TOPIC_REPLY_SRC}\"); }\r\n.post-icon span		{ background-image: url(\"{IMG_BUTTON_TOPIC_NEW_SRC}\"); }\r\n.locked-icon span	{ background-image: url(\"{IMG_BUTTON_TOPIC_LOCKED_SRC}\"); }\r\n.pmreply-icon span	{ background-image: url(\"{IMG_BUTTON_PM_REPLY_SRC}\") ;}\r\n.newpm-icon span 	{ background-image: url(\"{IMG_BUTTON_PM_NEW_SRC}\") ;}\r\n.forwardpm-icon span	{ background-image: url(\"{IMG_BUTTON_PM_FORWARD_SRC}\") ;}\r\n\r\na.print {\r\n	background-image: url(\"{T_THEME_PATH}/images/icon_print.gif\");\r\n}\r\n\r\na.sendemail {\r\n	background-image: url(\"{T_THEME_PATH}/images/icon_sendemail.gif\");\r\n}\r\n\r\n/* Icon images\r\n---------------------------------------- */\r\n.sitehome						{ background-image: url(\"{T_THEME_PATH}/images/icon_home.gif\"); }\r\n.icon-faq						{ background-image: url(\"{T_THEME_PATH}/images/icon_faq.gif\"); }\r\n.icon-members					{ background-image: url(\"{T_THEME_PATH}/images/icon_members.gif\"); }\r\n.icon-home						{ background-image: url(\"{T_THEME_PATH}/images/icon_home.gif\"); }\r\n.icon-ucp						{ background-image: url(\"{T_THEME_PATH}/images/icon_ucp.gif\"); }\r\n.icon-register					{ background-image: url(\"{T_THEME_PATH}/images/icon_register.gif\"); }\r\n.icon-logout					{ background-image: url(\"{T_THEME_PATH}/images/icon_logout.gif\"); }\r\n.icon-bookmark					{ background-image: url(\"{T_THEME_PATH}/images/icon_bookmark.gif\"); }\r\n.icon-bump						{ background-image: url(\"{T_THEME_PATH}/images/icon_bump.gif\"); }\r\n.icon-subscribe					{ background-image: url(\"{T_THEME_PATH}/images/icon_subscribe.gif\"); }\r\n.icon-unsubscribe				{ background-image: url(\"{T_THEME_PATH}/images/icon_unsubscribe.gif\"); }\r\n.icon-pages						{ background-image: url(\"{T_THEME_PATH}/images/icon_pages.gif\"); }\r\n.icon-search					{ background-image: url(\"{T_THEME_PATH}/images/icon_search.gif\"); }\r\n\r\n/* Profile & navigation icons */\r\n.email-icon, .email-icon a		{ background-image: url(\"{IMG_ICON_CONTACT_EMAIL_SRC}\"); }\r\n.aim-icon, .aim-icon a			{ background-image: url(\"{IMG_ICON_CONTACT_AIM_SRC}\"); }\r\n.yahoo-icon, .yahoo-icon a		{ background-image: url(\"{IMG_ICON_CONTACT_YAHOO_SRC}\"); }\r\n.web-icon, .web-icon a			{ background-image: url(\"{IMG_ICON_CONTACT_WWW_SRC}\"); }\r\n.msnm-icon, .msnm-icon a			{ background-image: url(\"{IMG_ICON_CONTACT_MSNM_SRC}\"); }\r\n.icq-icon, .icq-icon a			{ background-image: url(\"{IMG_ICON_CONTACT_ICQ_SRC}\"); }\r\n.jabber-icon, .jabber-icon a		{ background-image: url(\"{IMG_ICON_CONTACT_JABBER_SRC}\"); }\r\n.pm-icon, .pm-icon a				{ background-image: url(\"{IMG_ICON_CONTACT_PM_SRC}\"); }\r\n.quote-icon, .quote-icon a		{ background-image: url(\"{IMG_ICON_POST_QUOTE_SRC}\"); }\r\n\r\n/* Moderator icons */\r\n.report-icon, .report-icon a		{ background-image: url(\"{IMG_ICON_POST_REPORT_SRC}\"); }\r\n.edit-icon, .edit-icon a			{ background-image: url(\"{IMG_ICON_POST_EDIT_SRC}\"); }\r\n.delete-icon, .delete-icon a		{ background-image: url(\"{IMG_ICON_POST_DELETE_SRC}\"); }\r\n.info-icon, .info-icon a			{ background-image: url(\"{IMG_ICON_POST_INFO_SRC}\"); }\r\n.warn-icon, .warn-icon a			{ background-image: url(\"{IMG_ICON_USER_WARN_SRC}\"); } /* Need updated warn icon */\r\n\r\n/*  	\r\n--------------------------------------------------------------\r\nColours and backgrounds for cp.css\r\n-------------------------------------------------------------- */\r\n\r\n/* Main CP box\r\n----------------------------------------*/\r\n\r\n#cp-main h3, #cp-main hr, #cp-menu hr {\r\n	border-color: #808080;\r\n}\r\n\r\n#cp-main .panel li.row {\r\n	border-bottom-color: #B5C1CB;\r\n	border-top-color: #F9F9F9;\r\n}\r\n\r\nul.cplist {\r\n	border-top-color: #B5C1CB;\r\n}\r\n\r\n#cp-main .panel li.header dd, #cp-main .panel li.header dt {\r\n	color: #FFFFFF;\r\n}\r\n\r\n#cp-main table.table1 thead th {\r\n	color: #333333;\r\n	border-bottom-color: #333333;\r\n}\r\n\r\n#cp-main .pm-message {\r\n	border-color: #DBDEE2;\r\n	background-color: #FFFFFF;\r\n}\r\n\r\n/* CP tabbed menu\r\n----------------------------------------*/\r\n#tabs a {\r\n	background-image: url(\"{T_THEME_PATH}/images/bg_tabs1.gif\");\r\n}\r\n\r\n#tabs a span {\r\n	background-image: url(\"{T_THEME_PATH}/images/bg_tabs2.gif\");\r\n	color: #FFFFFF;\r\n}\r\n\r\n#tabs a:hover span {\r\n	color: #DFDFDF;\r\n}\r\n\r\n#tabs .activetab a {\r\n	border-bottom-color: #000000;\r\n}\r\n\r\n#tabs .activetab a span {\r\n	color: #CCCCCC;\r\n}\r\n\r\n#tabs .activetab a:hover span {\r\n	color: #FFFFFF;\r\n}\r\n\r\n/* Mini tabbed menu used in MCP\r\n----------------------------------------*/\r\n#minitabs li {\r\n	background-color: #999999;\r\n}\r\n\r\n#minitabs li.activetab {\r\n	background-color: #5E5E5E;\r\n}\r\n\r\n#minitabs li.activetab a, #minitabs li.activetab a:hover {\r\n	color: #FFFFFF;\r\n}\r\n\r\n/* UCP navigation menu\r\n----------------------------------------*/\r\n\r\n/* Link styles for the sub-section links */\r\n#navigation a {\r\n	color: #FFFFFF;\r\n	background-color: #5E5E5E;\r\n	background-image: url(\"{T_THEME_PATH}/images/bg_menu.gif\");\r\n}\r\n\r\n.rtl #navigation a {\r\n	background-image: url(\"{T_THEME_PATH}/images/bg_menu_rtl.gif\");\r\n	background-position: 0 100%;\r\n}\r\n\r\n#navigation a:hover {\r\n	background-color: #232323;\r\n	color: #730080;\r\n}\r\n\r\n#navigation #active-subsection a {\r\n	color: #730080;\r\n	background-color: #999999;\r\n}\r\n\r\n#navigation #active-subsection a:hover {\r\n	color: #730080;\r\n}\r\n\r\n/* Preferences pane layout\r\n----------------------------------------*/\r\n#cp-main h2 {\r\n	color: #FFFFFF;\r\n}\r\n\r\n#cp-main .panel {\r\n	background-color: #999999;\r\n}\r\n\r\n#cp-main .pm {\r\n	background-color: #999999;\r\n}\r\n\r\n#cp-main span.corners-top, #cp-menu span.corners-top {\r\n	background-image: url(\"{T_THEME_PATH}/images/corners_left2.gif\");\r\n}\r\n\r\n#cp-main span.corners-top span, #cp-menu span.corners-top span {\r\n	background-image: url(\"{T_THEME_PATH}/images/corners_right2.gif\");\r\n}\r\n\r\n#cp-main span.corners-bottom, #cp-menu span.corners-bottom {\r\n	background-image: url(\"{T_THEME_PATH}/images/corners_left2.gif\");\r\n}\r\n\r\n#cp-main span.corners-bottom span, #cp-menu span.corners-bottom span {\r\n	background-image: url(\"{T_THEME_PATH}/images/corners_right2.gif\");\r\n}\r\n\r\n/* Topicreview */\r\n#cp-main .panel #topicreview span.corners-top, #cp-menu .panel #topicreview span.corners-top {\r\n	background-image: url(\"{T_THEME_PATH}/images/corners_left.gif\");\r\n}\r\n\r\n#cp-main .panel #topicreview span.corners-top span, #cp-menu .panel #topicreview span.corners-top span {\r\n	background-image: url(\"{T_THEME_PATH}/images/corners_right.gif\");\r\n}\r\n\r\n#cp-main .panel #topicreview span.corners-bottom, #cp-menu .panel #topicreview span.corners-bottom {\r\n	background-image: url(\"{T_THEME_PATH}/images/corners_left.gif\");\r\n}\r\n\r\n#cp-main .panel #topicreview span.corners-bottom span, #cp-menu .panel #topicreview span.corners-bottom span {\r\n	background-image: url(\"{T_THEME_PATH}/images/corners_right.gif\");\r\n}\r\n\r\n/* Friends list */\r\n.cp-mini {\r\n	background-color: #eef5f9;\r\n}\r\n\r\ndl.mini dt {\r\n	color: #425067;\r\n}\r\n\r\n/* PM Styles\r\n----------------------------------------*/\r\n/* PM Message history */\r\n.current {\r\n	color: #000000 !important;\r\n}\r\n\r\n/* PM marking colours */\r\n.pmlist li.pm_message_reported_colour, .pm_message_reported_colour {\r\n	border-left-color: #952aa4;\r\n	border-right-color: #952aa4;\r\n}\r\n\r\n.pmlist li.pm_marked_colour, .pm_marked_colour {\r\n	border-color: #cf3170;\r\n}\r\n\r\n.pmlist li.pm_replied_colour, .pm_replied_colour {\r\n	border-color: #A9B8C2;\r\n}\r\n\r\n.pmlist li.pm_friend_colour, .pm_friend_colour {\r\n	border-color: #5D8FBD;\r\n}\r\n\r\n.pmlist li.pm_foe_colour, .pm_foe_colour {\r\n	border-color: #000000;\r\n}\r\n\r\n/* Avatar gallery */\r\n#gallery label {\r\n	background-color: #FFFFFF;\r\n	border-color: #CCC;\r\n}\r\n\r\n#gallery label:hover {\r\n	background-color: #EEE;\r\n}\r\n\r\n/*  	\r\n--------------------------------------------------------------\r\nColours and backgrounds for forms.css\r\n-------------------------------------------------------------- */\r\n\r\n/* General form styles\r\n----------------------------------------*/\r\nselect {\r\n	border-color: #e600ff;\r\n	background-color: #9900aa;\r\n	color: #FFFFFF;\r\n}\r\n\r\nlabel {\r\n	color: #FFFFFF;\r\n}\r\n\r\noption.disabled-option {\r\n	color: graytext;\r\n}\r\n\r\n/* Definition list layout for forms\r\n---------------------------------------- */\r\ndd label {\r\n	color: #FFFFFF;\r\n}\r\n\r\n/* Hover effects */\r\nfieldset dl:hover dt label {\r\n	color: #FFFFFF;\r\n}\r\n\r\nfieldset.fields2 dl:hover dt label {\r\n	color: inherit;\r\n}\r\n\r\n/* Quick-login on index page */\r\nfieldset.quick-login input.inputbox {\r\n	background-color: #730080;\r\n	color: #FFFFFF;\r\n    font: 1.1em Verdana,Arial,Helvetica,sans-serif;\r\n    padding: 1px;\r\n}\r\n\r\n/* Posting page styles\r\n----------------------------------------*/\r\n\r\n#message-box textarea {\r\n	color: #FFFFFF;\r\n    font: 1em Verdana,Arial,Helvetica,sans-serif;\r\n    padding: 2px;\r\n}\r\n\r\n/* Input field styles\r\n---------------------------------------- */\r\n.inputbox {\r\n	background-color: #730080;\r\n	border-color: #B4BAC0;\r\n    color: #FFFFFF;\r\n    font: 1.1em Verdana,Arial,Helvetica,sans-serif;\r\n    padding: 1px;\r\n}\r\n\r\n/* Form button styles\r\n---------------------------------------- */\r\n\r\na.button1, input.button1, input.button3, a.button2, input.button2 {\r\n	color: #000;\r\n	background-color: #730080;\r\n	border: 1px solid #e600ff;\r\n    color: #FFFFFF;\r\n    font: 1em Verdana,Arial,Helvetica,sans-serif;\r\n    padding: 1px;\r\n}\r\n\r\na.button1, input.button1 {\r\n	border-color: #666666;\r\n}\r\n\r\ninput.button3 {\r\n	background-image: none;\r\n}\r\n\r\n/* Alternative button */\r\na.button2, input.button2, input.button3 {\r\n	border-color: #666666;\r\n}\r\n\r\n/* <a> button in the style of the form buttons */\r\na.button1, a.button1:link, a.button1:visited, a.button1:active, a.button2, a.button2:link, a.button2:visited, a.button2:active {\r\n	color: #000000;\r\n}\r\n\r\n/* Hover states */\r\na.button1:hover, input.button1:hover, a.button2:hover, input.button2:hover, input.button3:hover {\r\n	border-color: #952aa4;\r\n	color: #FFFFFF;\r\n}\r\n\r\ninput.search {\r\n	background: #730080;\r\n	border: 1px solid #e600ff;\r\n	color: #FFFFFF;\r\n    font: 1em Verdana, Arial, Helvetica, sans-serif;\r\n    padding: 1px;\r\n}\r\n\r\ninput.disabled {\r\n	color: #666666;\r\n}\n/* Extra Style Sheet \r\n-------------------------------------------------*/\r\n\r\n/* Content */\r\ndiv#content {\r\n	padding: 15px;\r\n}\r\n\r\nul.center li {\r\n    text-align: center;\r\n	list-style: none;\r\n	font-size: 1.1em;\r\n}\r\n\r\n/* Navigation */\r\n\r\n#nav {\r\n	padding: 1px;\r\n	background: #2D2D2D;\r\n    border: 1px solid #000000;\r\n}\r\n\r\ndiv.breadcrumbs {\r\n	color: #FFF;\r\n	font-size: 0.85em;\r\n	margin-bottom: 1px;\r\n	font-weight: bold;\r\n	background: #000 url(\"{T_THEME_PATH}/images/breadcrumbs.gif\") repeat-x;\r\n	padding: 5px;\r\n	height: 15px;\r\n}\r\ndiv.breadcrumbs a {\r\n	color: #D0D0D0;\r\n	text-decoration: none;\r\n}\r\ndiv.breadcrumbs a:hover {\r\n	color: #98AAB1;\r\n}\r\n\r\n#link_box {\r\n	background: #232323;\r\n	border-color: #000000;\r\n    border-style: solid;\r\n    border-width: 0 1px 1px 0;\r\n    margin-bottom: 1px;\r\n	padding: 4px;\r\n}\r\n\r\n#text_box {\r\n	float: right;\r\n	margin-top: -40px;\r\n	text-align: right;\r\n}\r\n\r\n\r\n/* Menu */\r\ndiv#navmenu {\r\n	font-size: 0.9em;\r\n	text-align: center;\r\n	background: #000 url(\"{T_THEME_PATH}/images/bg_navmenu.gif\") repeat-x;\r\n	border: 1px solid #808080;\r\n	border-width: 1px 0;\r\n	padding: 4px 0;\r\n}\r\ndiv#navmenu a:link, div#navmenu a:active, div#navmenu a:visited {\r\n	color: #FFF;\r\n	text-decoration: none;\r\n}\r\ndiv#navmenu a:hover {\r\n	color: #D0D0D0;\r\n	text-decoration: none;\r\n}\r\n\r\n/* Top rounded corners */\r\ndiv.rounded_corners_top {\r\n	width: 100%;\r\n	height: 30px;\r\n	min-height: 29px;\r\n	background: #000 url(\"{T_THEME_PATH}/images/rounded_corners_top.gif\") repeat-x;\r\n}\r\ndiv.rounded_corners_top div.left {\r\n	float: left;\r\n	height: 12px;\r\n	width: 335px;\r\n	background: #000 url(\"{T_THEME_PATH}/images/rounded_corners_top_left.gif\") no-repeat;\r\n	color: #FFF;\r\n	font: bold 1.1em Verdana, Arial, Helvetica, sans-serif;\r\n	padding: 8px 0 10px 40px;\r\n}\r\ndiv.rounded_corners_top div.left a {\r\n	color: #FFF;\r\n	text-decoration: none;\r\n}\r\ndiv.rounded_corners_top div.left a:hover {\r\n	text-decoration: underline;\r\n}\r\ndiv.rounded_corners_top div.right {\r\n	float: right;\r\n	width: 9px;\r\n	height: 29px;\r\n	background: #000 url(\"{T_THEME_PATH}/images/rounded_corners_top_right.gif\") no-repeat;\r\n}\r\n\r\n/* Bottom rounded corners */\r\ndiv.rounded_corners_bottom {\r\n	width: 100%;\r\n	height: 9px;\r\n	background: #000 url(\"{T_THEME_PATH}/images/rounded_corners_bottom.gif\") repeat-x;\r\n}\r\ndiv.rounded_corners_bottom div.left {\r\n	float: left;\r\n	width: 9px;\r\n	height: 9px;\r\n	background: #000 url(\"{T_THEME_PATH}/images/rounded_corners_bottom_left.gif\") repeat-x;\r\n}\r\ndiv.rounded_corners_bottom div.right {\r\n	float: right;\r\n	width: 9px;\r\n	height: 9px;\r\n	background: #000 url(\"{T_THEME_PATH}/images/rounded_corners_bottom_right.gif\") repeat-x;\r\n}\n'),(5,'Milky Way','Mighty Gorgon &copy; 2012','milky_way',0,1346486148,'');
/*!40000 ALTER TABLE `phpbb_styles_theme` ENABLE KEYS */;
UNLOCK TABLES;

--
-- Table structure for table `phpbb_topics`
--

DROP TABLE IF EXISTS `phpbb_topics`;
CREATE TABLE `phpbb_topics` (
  `topic_id` mediumint(8) unsigned NOT NULL auto_increment,
  `forum_id` mediumint(8) unsigned NOT NULL default '0',
  `icon_id` mediumint(8) unsigned NOT NULL default '0',
  `topic_attachment` tinyint(1) unsigned NOT NULL default '0',
  `topic_approved` tinyint(1) unsigned NOT NULL default '1',
  `topic_reported` tinyint(1) unsigned NOT NULL default '0',
  `topic_title` varchar(255) character set utf8 collate utf8_unicode_ci NOT NULL default '',
  `topic_poster` mediumint(8) unsigned NOT NULL default '0',
  `topic_time` int(11) unsigned NOT NULL default '0',
  `topic_time_limit` int(11) unsigned NOT NULL default '0',
  `topic_views` mediumint(8) unsigned NOT NULL default '0',
  `topic_replies` mediumint(8) unsigned NOT NULL default '0',
  `topic_replies_real` mediumint(8) unsigned NOT NULL default '0',
  `topic_status` tinyint(3) NOT NULL default '0',
  `topic_type` tinyint(3) NOT NULL default '0',
  `topic_first_post_id` mediumint(8) unsigned NOT NULL default '0',
  `topic_first_poster_name` varchar(255) collate utf8_bin NOT NULL default '',
  `topic_first_poster_colour` varchar(6) collate utf8_bin NOT NULL default '',
  `topic_last_post_id` mediumint(8) unsigned NOT NULL default '0',
  `topic_last_poster_id` mediumint(8) unsigned NOT NULL default '0',
  `topic_last_poster_name` varchar(255) collate utf8_bin NOT NULL default '',
  `topic_last_poster_colour` varchar(6) collate utf8_bin NOT NULL default '',
  `topic_last_post_subject` varchar(255) collate utf8_bin NOT NULL default '',
  `topic_last_post_time` int(11) unsigned NOT NULL default '0',
  `topic_last_view_time` int(11) unsigned NOT NULL default '0',
  `topic_moved_id` mediumint(8) unsigned NOT NULL default '0',
  `topic_bumped` tinyint(1) unsigned NOT NULL default '0',
  `topic_bumper` mediumint(8) unsigned NOT NULL default '0',
  `poll_title` varchar(255) collate utf8_bin NOT NULL default '',
  `poll_start` int(11) unsigned NOT NULL default '0',
  `poll_length` int(11) unsigned NOT NULL default '0',
  `poll_max_options` tinyint(4) NOT NULL default '1',
  `poll_last_vote` int(11) unsigned NOT NULL default '0',
  `poll_vote_change` tinyint(1) unsigned NOT NULL default '0',
  PRIMARY KEY  (`topic_id`),
  KEY `forum_id` (`forum_id`),
  KEY `forum_id_type` (`forum_id`,`topic_type`),
  KEY `last_post_time` (`topic_last_post_time`),
  KEY `topic_approved` (`topic_approved`),
  KEY `forum_appr_last` (`forum_id`,`topic_approved`,`topic_last_post_id`),
  KEY `fid_time_moved` (`forum_id`,`topic_last_post_time`,`topic_moved_id`)
) ENGINE=MyISAM AUTO_INCREMENT=31 DEFAULT CHARSET=utf8 COLLATE=utf8_bin;

--
-- Dumping data for table `phpbb_topics`
--

LOCK TABLES `phpbb_topics` WRITE;
/*!40000 ALTER TABLE `phpbb_topics` DISABLE KEYS */;
INSERT INTO `phpbb_topics` VALUES (15,32,0,0,1,0,'Normas del foro',55,1353454743,0,15,0,0,0,0,15,'buscobici.com','AA0000',15,55,'buscobici.com','AA0000','Normas del foro',1353454743,1354588886,0,0,0,'',0,0,0,0,0),(12,2,0,0,1,0,'Hola a todos los usuarios del foro',54,1353442172,0,12,0,0,0,0,12,'sarroutbi','',12,54,'sarroutbi','','Hola a todos los usuarios del foro',1353442172,1354619383,0,0,0,'',0,0,0,0,0),(14,29,0,0,1,0,'Contador: &quot;El recorrido del Giro se ajusta bastante a mí&quot;',54,1353443837,0,2,0,0,0,0,14,'sarroutbi','',14,54,'sarroutbi','','Contador: &quot;El recorrido del Giro se ajusta bastante a mí&quot;',1353443837,1353706859,0,0,0,'',0,0,1,0,0),(16,29,0,0,1,0,'Mark Cavendish: &quot;Estoy relativamente bien&quot;',55,1353621066,0,2,0,0,0,0,16,'buscobici.com','AA0000',16,55,'buscobici.com','AA0000','Mark Cavendish: &quot;Estoy relativamente bien&quot;',1353621066,1353706888,0,0,0,'',0,0,1,0,0),(17,36,0,0,1,0,'Bielas XTR',58,1353660263,0,9,0,0,0,0,17,'ciclosnico','',17,58,'ciclosnico','','Bielas XTR',1353660263,1354658685,0,0,0,'',0,0,1,0,0),(18,13,0,0,1,0,'Ciclos Nico',58,1353661712,0,8,0,0,0,0,18,'ciclosnico','',18,58,'ciclosnico','','Ciclos Nico',1353661712,1354637376,0,0,0,'',0,0,1,0,0),(19,27,0,0,1,0,'DominguerosMTB Cantabria',59,1353688977,0,14,0,0,0,0,19,'6QLiencres','',19,59,'6QLiencres','','DominguerosMTB Cantabria',1353688977,1354637404,0,0,0,'',0,0,1,0,0),(24,29,0,0,1,0,'Juan José Lobato: feliz tras su fichaje por el Euskaltel',55,1353857218,0,4,0,0,0,0,26,'buscobici.com','AA0000',26,55,'buscobici.com','AA0000','Juan José Lobato: feliz tras su fichaje por el Euskaltel',1353857218,1354885374,0,0,0,'',0,0,1,0,0),(22,2,0,0,1,0,'presentacion',60,1353833100,0,21,4,4,0,0,23,'aerotec','',35,60,'aerotec','','Re: presentacion',1354050849,1354656245,0,0,0,'',0,0,1,0,0),(23,85,0,0,1,0,'buscobici.com - Actualización de Base de Datos',55,1353854751,0,8,1,1,0,0,25,'buscobici.com','AA0000',38,55,'buscobici.com','AA0000','Re: buscobici.com - Actualización de Base de Datos',1354818522,1354835072,0,0,0,'',0,0,1,0,0),(25,20,0,0,1,0,'Compra MTB-Rígida, presupuesto: 1000 euros',61,1353857695,0,21,4,4,0,0,27,'txoko','',32,60,'aerotec','','Re: Compra MTB-Rígida, presupuesto: 1000 euros',1353868291,1354637305,0,0,0,'',0,0,1,0,0),(26,13,0,0,1,0,'AEROTEC,bicis personalizadas',60,1353868919,0,8,0,0,0,0,33,'aerotec','',33,60,'aerotec','','AEROTEC,bicis personalizadas',1353868919,1354878047,0,0,0,'',0,0,1,0,0),(27,20,0,0,1,0,'Para empezar',62,1354480550,0,9,1,1,0,0,36,'basuraadsl','',37,61,'txoko','','Re: Para empezar',1354626218,1354871283,0,0,0,'',0,0,1,0,0),(28,21,0,0,1,0,'Rockrider 8.2 2012 - Recomendación venta de segunda mano',61,1354878661,0,1,0,0,0,0,39,'txoko','',39,61,'txoko','','Rockrider 8.2 2012 - Recomendación venta de segunda mano',1354878661,1354878755,0,0,0,'',0,0,0,0,0),(29,29,0,0,1,0,'Wiggins: Mejor deportista británico del año',61,1354880541,0,1,0,0,0,0,40,'txoko','',40,61,'txoko','','Wiggins: Mejor deportista británico del año',1354880541,1354880592,0,0,0,'',0,0,1,0,0),(30,23,0,0,1,0,'Compro bicicleta Giant xtc 1 composite 2012',61,1354884766,0,2,0,0,0,0,41,'txoko','',41,61,'txoko','','Compro bicicleta Giant xtc 1 composite 2012',1354884766,1354884788,0,0,0,'',0,0,1,0,0);
/*!40000 ALTER TABLE `phpbb_topics` ENABLE KEYS */;
UNLOCK TABLES;

--
-- Table structure for table `phpbb_topics_posted`
--

DROP TABLE IF EXISTS `phpbb_topics_posted`;
CREATE TABLE `phpbb_topics_posted` (
  `user_id` mediumint(8) unsigned NOT NULL default '0',
  `topic_id` mediumint(8) unsigned NOT NULL default '0',
  `topic_posted` tinyint(1) unsigned NOT NULL default '0',
  PRIMARY KEY  (`user_id`,`topic_id`)
) ENGINE=MyISAM DEFAULT CHARSET=utf8 COLLATE=utf8_bin;

--
-- Dumping data for table `phpbb_topics_posted`
--

LOCK TABLES `phpbb_topics_posted` WRITE;
/*!40000 ALTER TABLE `phpbb_topics_posted` DISABLE KEYS */;
INSERT INTO `phpbb_topics_posted` VALUES (54,12,1),(55,15,1),(54,14,1),(55,16,1),(58,17,1),(58,18,1),(59,19,1),(55,22,1),(60,22,1),(55,23,1),(55,24,1),(61,25,1),(55,25,1),(59,25,1),(60,25,1),(60,26,1),(62,27,1),(61,27,1),(61,28,1),(61,29,1),(61,30,1);
/*!40000 ALTER TABLE `phpbb_topics_posted` ENABLE KEYS */;
UNLOCK TABLES;

--
-- Table structure for table `phpbb_topics_track`
--

DROP TABLE IF EXISTS `phpbb_topics_track`;
CREATE TABLE `phpbb_topics_track` (
  `user_id` mediumint(8) unsigned NOT NULL default '0',
  `topic_id` mediumint(8) unsigned NOT NULL default '0',
  `forum_id` mediumint(8) unsigned NOT NULL default '0',
  `mark_time` int(11) unsigned NOT NULL default '0',
  PRIMARY KEY  (`user_id`,`topic_id`),
  KEY `topic_id` (`topic_id`),
  KEY `forum_id` (`forum_id`)
) ENGINE=MyISAM DEFAULT CHARSET=utf8 COLLATE=utf8_bin;

--
-- Dumping data for table `phpbb_topics_track`
--

LOCK TABLES `phpbb_topics_track` WRITE;
/*!40000 ALTER TABLE `phpbb_topics_track` DISABLE KEYS */;
INSERT INTO `phpbb_topics_track` VALUES (55,24,29,1353857218),(55,22,2,1353962731),(55,16,29,1353621066),(54,12,2,1353442944),(55,15,32,1353619021),(61,27,20,1354626218),(54,27,20,1354626218),(61,28,21,1354878755),(61,29,29,1354880592);
/*!40000 ALTER TABLE `phpbb_topics_track` ENABLE KEYS */;
UNLOCK TABLES;

--
-- Table structure for table `phpbb_topics_watch`
--

DROP TABLE IF EXISTS `phpbb_topics_watch`;
CREATE TABLE `phpbb_topics_watch` (
  `topic_id` mediumint(8) unsigned NOT NULL default '0',
  `user_id` mediumint(8) unsigned NOT NULL default '0',
  `notify_status` tinyint(1) unsigned NOT NULL default '0',
  KEY `topic_id` (`topic_id`),
  KEY `user_id` (`user_id`),
  KEY `notify_stat` (`notify_status`)
) ENGINE=MyISAM DEFAULT CHARSET=utf8 COLLATE=utf8_bin;

--
-- Dumping data for table `phpbb_topics_watch`
--

LOCK TABLES `phpbb_topics_watch` WRITE;
/*!40000 ALTER TABLE `phpbb_topics_watch` DISABLE KEYS */;
INSERT INTO `phpbb_topics_watch` VALUES (26,60,0);
/*!40000 ALTER TABLE `phpbb_topics_watch` ENABLE KEYS */;
UNLOCK TABLES;

--
-- Table structure for table `phpbb_user_group`
--

DROP TABLE IF EXISTS `phpbb_user_group`;
CREATE TABLE `phpbb_user_group` (
  `group_id` mediumint(8) unsigned NOT NULL default '0',
  `user_id` mediumint(8) unsigned NOT NULL default '0',
  `group_leader` tinyint(1) unsigned NOT NULL default '0',
  `user_pending` tinyint(1) unsigned NOT NULL default '1',
  KEY `group_id` (`group_id`),
  KEY `user_id` (`user_id`),
  KEY `group_leader` (`group_leader`)
) ENGINE=MyISAM DEFAULT CHARSET=utf8 COLLATE=utf8_bin;

--
-- Dumping data for table `phpbb_user_group`
--

LOCK TABLES `phpbb_user_group` WRITE;
/*!40000 ALTER TABLE `phpbb_user_group` DISABLE KEYS */;
INSERT INTO `phpbb_user_group` VALUES (1,1,0,0),(2,2,0,0),(4,2,0,0),(5,2,0,0),(6,3,0,0),(6,4,0,0),(6,5,0,0),(6,6,0,0),(6,7,0,0),(6,8,0,0),(6,9,0,0),(6,10,0,0),(6,11,0,0),(6,12,0,0),(6,13,0,0),(6,14,0,0),(6,15,0,0),(6,16,0,0),(6,17,0,0),(6,18,0,0),(6,19,0,0),(6,20,0,0),(6,21,0,0),(6,22,0,0),(6,23,0,0),(6,24,0,0),(6,25,0,0),(6,26,0,0),(6,27,0,0),(6,28,0,0),(6,29,0,0),(6,30,0,0),(6,31,0,0),(6,32,0,0),(6,33,0,0),(6,34,0,0),(6,35,0,0),(6,36,0,0),(6,37,0,0),(6,38,0,0),(6,39,0,0),(6,40,0,0),(6,41,0,0),(6,42,0,0),(6,43,0,0),(6,44,0,0),(6,45,0,0),(6,46,0,0),(6,47,0,0),(6,48,0,0),(6,49,0,0),(6,50,0,0),(6,51,0,0),(6,52,0,0),(6,53,0,0),(2,54,0,0),(7,57,0,0),(2,55,0,0),(2,61,0,0),(5,55,1,0),(2,56,0,0),(7,56,0,0),(2,57,0,0),(2,58,0,0),(7,58,0,0),(2,59,0,0),(2,60,0,0),(2,62,0,0),(2,64,0,0),(7,62,0,0),(2,63,0,0),(7,63,0,0),(7,64,0,0);
/*!40000 ALTER TABLE `phpbb_user_group` ENABLE KEYS */;
UNLOCK TABLES;

--
-- Table structure for table `phpbb_users`
--

DROP TABLE IF EXISTS `phpbb_users`;
CREATE TABLE `phpbb_users` (
  `user_id` mediumint(8) unsigned NOT NULL auto_increment,
  `user_type` tinyint(2) NOT NULL default '0',
  `group_id` mediumint(8) unsigned NOT NULL default '3',
  `user_permissions` mediumtext collate utf8_bin NOT NULL,
  `user_perm_from` mediumint(8) unsigned NOT NULL default '0',
  `user_ip` varchar(40) collate utf8_bin NOT NULL default '',
  `user_regdate` int(11) unsigned NOT NULL default '0',
  `username` varchar(255) collate utf8_bin NOT NULL default '',
  `username_clean` varchar(255) collate utf8_bin NOT NULL default '',
  `user_password` varchar(40) collate utf8_bin NOT NULL default '',
  `user_passchg` int(11) unsigned NOT NULL default '0',
  `user_pass_convert` tinyint(1) unsigned NOT NULL default '0',
  `user_email` varchar(100) collate utf8_bin NOT NULL default '',
  `user_email_hash` bigint(20) NOT NULL default '0',
  `user_birthday` varchar(10) collate utf8_bin NOT NULL default '',
  `user_lastvisit` int(11) unsigned NOT NULL default '0',
  `user_lastmark` int(11) unsigned NOT NULL default '0',
  `user_lastpost_time` int(11) unsigned NOT NULL default '0',
  `user_lastpage` varchar(200) collate utf8_bin NOT NULL default '',
  `user_last_confirm_key` varchar(10) collate utf8_bin NOT NULL default '',
  `user_last_search` int(11) unsigned NOT NULL default '0',
  `user_warnings` tinyint(4) NOT NULL default '0',
  `user_last_warning` int(11) unsigned NOT NULL default '0',
  `user_login_attempts` tinyint(4) NOT NULL default '0',
  `user_inactive_reason` tinyint(2) NOT NULL default '0',
  `user_inactive_time` int(11) unsigned NOT NULL default '0',
  `user_posts` mediumint(8) unsigned NOT NULL default '0',
  `user_lang` varchar(30) collate utf8_bin NOT NULL default '',
  `user_timezone` decimal(5,2) NOT NULL default '0.00',
  `user_dst` tinyint(1) unsigned NOT NULL default '0',
  `user_dateformat` varchar(30) collate utf8_bin NOT NULL default 'd M Y H:i',
  `user_style` mediumint(8) unsigned NOT NULL default '0',
  `user_rank` mediumint(8) unsigned NOT NULL default '0',
  `user_colour` varchar(6) collate utf8_bin NOT NULL default '',
  `user_new_privmsg` int(4) NOT NULL default '0',
  `user_unread_privmsg` int(4) NOT NULL default '0',
  `user_last_privmsg` int(11) unsigned NOT NULL default '0',
  `user_message_rules` tinyint(1) unsigned NOT NULL default '0',
  `user_full_folder` int(11) NOT NULL default '-3',
  `user_emailtime` int(11) unsigned NOT NULL default '0',
  `user_topic_show_days` smallint(4) unsigned NOT NULL default '0',
  `user_topic_sortby_type` varchar(1) collate utf8_bin NOT NULL default 't',
  `user_topic_sortby_dir` varchar(1) collate utf8_bin NOT NULL default 'd',
  `user_post_show_days` smallint(4) unsigned NOT NULL default '0',
  `user_post_sortby_type` varchar(1) collate utf8_bin NOT NULL default 't',
  `user_post_sortby_dir` varchar(1) collate utf8_bin NOT NULL default 'a',
  `user_notify` tinyint(1) unsigned NOT NULL default '0',
  `user_notify_pm` tinyint(1) unsigned NOT NULL default '1',
  `user_notify_type` tinyint(4) NOT NULL default '0',
  `user_allow_pm` tinyint(1) unsigned NOT NULL default '1',
  `user_allow_viewonline` tinyint(1) unsigned NOT NULL default '1',
  `user_allow_viewemail` tinyint(1) unsigned NOT NULL default '1',
  `user_allow_massemail` tinyint(1) unsigned NOT NULL default '1',
  `user_options` int(11) unsigned NOT NULL default '230271',
  `user_avatar` varchar(255) collate utf8_bin NOT NULL default '',
  `user_avatar_type` tinyint(2) NOT NULL default '0',
  `user_avatar_width` smallint(4) unsigned NOT NULL default '0',
  `user_avatar_height` smallint(4) unsigned NOT NULL default '0',
  `user_sig` mediumtext collate utf8_bin NOT NULL,
  `user_sig_bbcode_uid` varchar(8) collate utf8_bin NOT NULL default '',
  `user_sig_bbcode_bitfield` varchar(255) collate utf8_bin NOT NULL default '',
  `user_from` varchar(100) collate utf8_bin NOT NULL default '',
  `user_icq` varchar(15) collate utf8_bin NOT NULL default '',
  `user_aim` varchar(255) collate utf8_bin NOT NULL default '',
  `user_yim` varchar(255) collate utf8_bin NOT NULL default '',
  `user_msnm` varchar(255) collate utf8_bin NOT NULL default '',
  `user_jabber` varchar(255) collate utf8_bin NOT NULL default '',
  `user_website` varchar(200) collate utf8_bin NOT NULL default '',
  `user_occ` text collate utf8_bin NOT NULL,
  `user_interests` text collate utf8_bin NOT NULL,
  `user_actkey` varchar(32) collate utf8_bin NOT NULL default '',
  `user_newpasswd` varchar(40) collate utf8_bin NOT NULL default '',
  `user_form_salt` varchar(32) collate utf8_bin NOT NULL default '',
  `user_new` tinyint(1) unsigned NOT NULL default '1',
  `user_reminded` tinyint(4) NOT NULL default '0',
  `user_reminded_time` int(11) unsigned NOT NULL default '0',
  PRIMARY KEY  (`user_id`),
  UNIQUE KEY `username_clean` (`username_clean`),
  KEY `user_birthday` (`user_birthday`),
  KEY `user_email_hash` (`user_email_hash`),
  KEY `user_type` (`user_type`)
) ENGINE=MyISAM AUTO_INCREMENT=65 DEFAULT CHARSET=utf8 COLLATE=utf8_bin;

--
-- Dumping data for table `phpbb_users`
--

LOCK TABLES `phpbb_users` WRITE;
/*!40000 ALTER TABLE `phpbb_users` DISABLE KEYS */;
INSERT INTO `phpbb_users` VALUES (1,2,1,'00000000003khra3nk\ni1cjyo000000\ni1cjyo000000\n\n\n\ni1cjyo000000\ni1cjyo000000\n\n\ni1cjyo000000\ni1cjyo000000\ni1cjyo000000\ni1cjyo000000\n\n\n\n\n\n\ni1cjyo000000\ni1cjyo000000\ni1cjyo000000\ni1cjyo000000\ni1cjyo000000\ni1cjyo000000\ni1cjyo000000\ni1cjyo000000\n\ni1cjyo000000\n\ni1cjyo000000\ni1cjyo000000\n\n\ni1cjyo000000\ni1cjyo000000\ni1cjyo000000\n\n\ni1cjyo000000\ni1cjyo000000\ni1cjyo000000\ni1cjyo000000\n\ni1cjyo000000\ni1cjyo000000\ni1cjyo000000\n\n\n\n\n\n\n\n\n\n\n\n\n\n\n\n\n\n\n\n\n\n\n\n\n\n\n\n\n\n\n\n\n\n\n\n\ni1cjyo000000\ni1cjyo000000\n\n\n\n\n\n\ni1cjyo000000\ni1cjyo000000\ni1cjyo000000\ni1cjyo000000\ni1cjyo000000\ni1cjyo000000\ni1cjyo000000\ni1cjyo000000\ni1cjyo000000\ni1cjyo000000\ni1cjyo000000\ni1cjyo000000',0,'',1353055815,'Anonymous','anonymous','',0,0,'',0,'',0,0,0,'','',0,0,0,0,0,0,0,'en','0.00',0,'d M Y H:i',5,0,'',0,0,0,0,-3,0,0,'t','d',0,'t','a',0,1,0,1,1,1,0,230271,'',0,0,0,'','','','','','','','','','','','','','','6e63277768d7cdcb',1,0,0),(2,3,5,'',0,'82.159.104.78',1353055815,'phpbb','phpbb','$H$9YPVrt498RIUiJv41J1KrKeyIOEDM20',0,0,'sarroutbi@gmail.com',168115128019,'',1353622086,0,1353441446,'adm/index.php?i=permissions&icat=16&mode=setting_forum_local','',1353136776,0,0,0,0,0,0,'es','1.00',0,'D M d, Y g:i a',5,1,'AA0000',0,0,0,0,-3,0,0,'t','d',0,'t','a',0,1,0,1,1,1,1,230271,'',0,0,0,'','','','','','','','','','','','','','','0d888d57378a3d0b',1,0,0),(3,2,6,'',0,'',1353055824,'AdsBot [Google]','adsbot [google]','',1353055824,0,'',0,'',0,1353055824,0,'','',0,0,0,0,0,0,0,'en','0.00',0,'D M d, Y g:i a',5,0,'9E8DA7',0,0,0,0,-3,0,0,'t','d',0,'t','a',0,1,0,1,1,1,0,230271,'',0,0,0,'','','','','','','','','','','','','','','75197f31e4be51c4',0,0,0),(4,2,6,'',0,'',1353055824,'Alexa [Bot]','alexa [bot]','',1353055824,0,'',0,'',0,1353055824,0,'','',0,0,0,0,0,0,0,'en','0.00',0,'D M d, Y g:i a',5,0,'9E8DA7',0,0,0,0,-3,0,0,'t','d',0,'t','a',0,1,0,1,1,1,0,230271,'',0,0,0,'','','','','','','','','','','','','','','0f0b070fcf660ac9',0,0,0),(5,2,6,'',0,'',1353055824,'Alta Vista [Bot]','alta vista [bot]','',1353055824,0,'',0,'',0,1353055824,0,'','',0,0,0,0,0,0,0,'en','0.00',0,'D M d, Y g:i a',5,0,'9E8DA7',0,0,0,0,-3,0,0,'t','d',0,'t','a',0,1,0,1,1,1,0,230271,'',0,0,0,'','','','','','','','','','','','','','','b7fc2294262e5287',0,0,0),(6,2,6,'',0,'',1353055824,'Ask Jeeves [Bot]','ask jeeves [bot]','',1353055824,0,'',0,'',0,1353055824,0,'','',0,0,0,0,0,0,0,'en','0.00',0,'D M d, Y g:i a',5,0,'9E8DA7',0,0,0,0,-3,0,0,'t','d',0,'t','a',0,1,0,1,1,1,0,230271,'',0,0,0,'','','','','','','','','','','','','','','77b8a34c0fee3ac8',0,0,0),(7,2,6,'',0,'',1353055824,'Baidu [Spider]','baidu [spider]','',1353055824,0,'',0,'',0,1353055824,0,'','',0,0,0,0,0,0,0,'en','0.00',0,'D M d, Y g:i a',5,0,'9E8DA7',0,0,0,0,-3,0,0,'t','d',0,'t','a',0,1,0,1,1,1,0,230271,'',0,0,0,'','','','','','','','','','','','','','','c0a13cb56882d00d',0,0,0),(8,2,6,'',0,'',1353055824,'Bing [Bot]','bing [bot]','',1353055824,0,'',0,'',0,1353055824,0,'','',0,0,0,0,0,0,0,'en','0.00',0,'D M d, Y g:i a',5,0,'9E8DA7',0,0,0,0,-3,0,0,'t','d',0,'t','a',0,1,0,1,1,1,0,230271,'',0,0,0,'','','','','','','','','','','','','','','4b6019c79434f8b0',0,0,0),(9,2,6,'',0,'',1353055824,'Exabot [Bot]','exabot [bot]','',1353055824,0,'',0,'',0,1353055824,0,'','',0,0,0,0,0,0,0,'en','0.00',0,'D M d, Y g:i a',5,0,'9E8DA7',0,0,0,0,-3,0,0,'t','d',0,'t','a',0,1,0,1,1,1,0,230271,'',0,0,0,'','','','','','','','','','','','','','','5457a186c8add1e7',0,0,0),(10,2,6,'',0,'',1353055824,'FAST Enterprise [Crawler]','fast enterprise [crawler]','',1353055824,0,'',0,'',0,1353055824,0,'','',0,0,0,0,0,0,0,'en','0.00',0,'D M d, Y g:i a',5,0,'9E8DA7',0,0,0,0,-3,0,0,'t','d',0,'t','a',0,1,0,1,1,1,0,230271,'',0,0,0,'','','','','','','','','','','','','','','c64f4245c3ff4c6b',0,0,0),(11,2,6,'',0,'',1353055824,'FAST WebCrawler [Crawler]','fast webcrawler [crawler]','',1353055824,0,'',0,'',0,1353055824,0,'','',0,0,0,0,0,0,0,'en','0.00',0,'D M d, Y g:i a',5,0,'9E8DA7',0,0,0,0,-3,0,0,'t','d',0,'t','a',0,1,0,1,1,1,0,230271,'',0,0,0,'','','','','','','','','','','','','','','db9e48206c1f3945',0,0,0),(12,2,6,'',0,'',1353055824,'Francis [Bot]','francis [bot]','',1353055824,0,'',0,'',0,1353055824,0,'','',0,0,0,0,0,0,0,'en','0.00',0,'D M d, Y g:i a',5,0,'9E8DA7',0,0,0,0,-3,0,0,'t','d',0,'t','a',0,1,0,1,1,1,0,230271,'',0,0,0,'','','','','','','','','','','','','','','e4e21f7836d22300',0,0,0),(13,2,6,'',0,'',1353055824,'Gigabot [Bot]','gigabot [bot]','',1353055824,0,'',0,'',0,1353055824,0,'','',0,0,0,0,0,0,0,'en','0.00',0,'D M d, Y g:i a',5,0,'9E8DA7',0,0,0,0,-3,0,0,'t','d',0,'t','a',0,1,0,1,1,1,0,230271,'',0,0,0,'','','','','','','','','','','','','','','96d9d8af5089a402',0,0,0),(14,2,6,'',0,'',1353055824,'Google Adsense [Bot]','google adsense [bot]','',1353055824,0,'',0,'',0,1353055824,0,'','',0,0,0,0,0,0,0,'en','0.00',0,'D M d, Y g:i a',5,0,'9E8DA7',0,0,0,0,-3,0,0,'t','d',0,'t','a',0,1,0,1,1,1,0,230271,'',0,0,0,'','','','','','','','','','','','','','','e388ff6834ccbb71',0,0,0),(15,2,6,'',0,'',1353055824,'Google Desktop','google desktop','',1353055824,0,'',0,'',0,1353055824,0,'','',0,0,0,0,0,0,0,'en','0.00',0,'D M d, Y g:i a',5,0,'9E8DA7',0,0,0,0,-3,0,0,'t','d',0,'t','a',0,1,0,1,1,1,0,230271,'',0,0,0,'','','','','','','','','','','','','','','a44f0516cccc2614',0,0,0),(16,2,6,'',0,'',1353055824,'Google Feedfetcher','google feedfetcher','',1353055824,0,'',0,'',0,1353055824,0,'','',0,0,0,0,0,0,0,'en','0.00',0,'D M d, Y g:i a',5,0,'9E8DA7',0,0,0,0,-3,0,0,'t','d',0,'t','a',0,1,0,1,1,1,0,230271,'',0,0,0,'','','','','','','','','','','','','','','d0b8923d9197f624',0,0,0),(17,2,6,'',0,'',1353055824,'Google [Bot]','google [bot]','',1353055824,0,'',0,'',1354821426,1353055824,0,'viewforum.php?f=14','',0,0,0,0,0,0,0,'en','0.00',0,'D M d, Y g:i a',5,0,'9E8DA7',0,0,0,0,-3,0,0,'t','d',0,'t','a',0,1,0,1,1,1,0,230271,'',0,0,0,'','','','','','','','','','','','','','','ce7330a8a58985a2',0,0,0),(18,2,6,'',0,'',1353055824,'Heise IT-Markt [Crawler]','heise it-markt [crawler]','',1353055824,0,'',0,'',0,1353055824,0,'','',0,0,0,0,0,0,0,'en','0.00',0,'D M d, Y g:i a',5,0,'9E8DA7',0,0,0,0,-3,0,0,'t','d',0,'t','a',0,1,0,1,1,1,0,230271,'',0,0,0,'','','','','','','','','','','','','','','1fa9006f3d78667a',0,0,0),(19,2,6,'',0,'',1353055824,'Heritrix [Crawler]','heritrix [crawler]','',1353055824,0,'',0,'',0,1353055824,0,'','',0,0,0,0,0,0,0,'en','0.00',0,'D M d, Y g:i a',5,0,'9E8DA7',0,0,0,0,-3,0,0,'t','d',0,'t','a',0,1,0,1,1,1,0,230271,'',0,0,0,'','','','','','','','','','','','','','','73157687cdd054e2',0,0,0),(20,2,6,'',0,'',1353055824,'IBM Research [Bot]','ibm research [bot]','',1353055824,0,'',0,'',0,1353055824,0,'','',0,0,0,0,0,0,0,'en','0.00',0,'D M d, Y g:i a',5,0,'9E8DA7',0,0,0,0,-3,0,0,'t','d',0,'t','a',0,1,0,1,1,1,0,230271,'',0,0,0,'','','','','','','','','','','','','','','51f6d6b732390d83',0,0,0),(21,2,6,'',0,'',1353055824,'ICCrawler - ICjobs','iccrawler - icjobs','',1353055824,0,'',0,'',0,1353055824,0,'','',0,0,0,0,0,0,0,'en','0.00',0,'D M d, Y g:i a',5,0,'9E8DA7',0,0,0,0,-3,0,0,'t','d',0,'t','a',0,1,0,1,1,1,0,230271,'',0,0,0,'','','','','','','','','','','','','','','c9fa2dfa9ef799d9',0,0,0),(22,2,6,'',0,'',1353055824,'ichiro [Crawler]','ichiro [crawler]','',1353055824,0,'',0,'',0,1353055824,0,'','',0,0,0,0,0,0,0,'en','0.00',0,'D M d, Y g:i a',5,0,'9E8DA7',0,0,0,0,-3,0,0,'t','d',0,'t','a',0,1,0,1,1,1,0,230271,'',0,0,0,'','','','','','','','','','','','','','','feb8c100d2817ed2',0,0,0),(23,2,6,'',0,'',1353055824,'Majestic-12 [Bot]','majestic-12 [bot]','',1353055824,0,'',0,'',0,1353055824,0,'','',0,0,0,0,0,0,0,'en','0.00',0,'D M d, Y g:i a',5,0,'9E8DA7',0,0,0,0,-3,0,0,'t','d',0,'t','a',0,1,0,1,1,1,0,230271,'',0,0,0,'','','','','','','','','','','','','','','62d96d664813eeb4',0,0,0),(24,2,6,'',0,'',1353055824,'Metager [Bot]','metager [bot]','',1353055824,0,'',0,'',0,1353055824,0,'','',0,0,0,0,0,0,0,'en','0.00',0,'D M d, Y g:i a',5,0,'9E8DA7',0,0,0,0,-3,0,0,'t','d',0,'t','a',0,1,0,1,1,1,0,230271,'',0,0,0,'','','','','','','','','','','','','','','f2946ac4dcd26a37',0,0,0),(25,2,6,'',0,'',1353055824,'MSN NewsBlogs','msn newsblogs','',1353055824,0,'',0,'',0,1353055824,0,'','',0,0,0,0,0,0,0,'en','0.00',0,'D M d, Y g:i a',5,0,'9E8DA7',0,0,0,0,-3,0,0,'t','d',0,'t','a',0,1,0,1,1,1,0,230271,'',0,0,0,'','','','','','','','','','','','','','','5da628b5a4fbdb7b',0,0,0),(26,2,6,'',0,'',1353055824,'MSN [Bot]','msn [bot]','',1353055824,0,'',0,'',0,1353055824,0,'','',0,0,0,0,0,0,0,'en','0.00',0,'D M d, Y g:i a',5,0,'9E8DA7',0,0,0,0,-3,0,0,'t','d',0,'t','a',0,1,0,1,1,1,0,230271,'',0,0,0,'','','','','','','','','','','','','','','f50bb62e15939ab5',0,0,0),(27,2,6,'',0,'',1353055824,'MSNbot Media','msnbot media','',1353055824,0,'',0,'',0,1353055824,0,'','',0,0,0,0,0,0,0,'en','0.00',0,'D M d, Y g:i a',5,0,'9E8DA7',0,0,0,0,-3,0,0,'t','d',0,'t','a',0,1,0,1,1,1,0,230271,'',0,0,0,'','','','','','','','','','','','','','','5c6a520e25765f58',0,0,0),(28,2,6,'',0,'',1353055824,'NG-Search [Bot]','ng-search [bot]','',1353055824,0,'',0,'',0,1353055824,0,'','',0,0,0,0,0,0,0,'en','0.00',0,'D M d, Y g:i a',5,0,'9E8DA7',0,0,0,0,-3,0,0,'t','d',0,'t','a',0,1,0,1,1,1,0,230271,'',0,0,0,'','','','','','','','','','','','','','','be96a9944925463a',0,0,0),(29,2,6,'',0,'',1353055824,'Nutch [Bot]','nutch [bot]','',1353055824,0,'',0,'',0,1353055824,0,'','',0,0,0,0,0,0,0,'en','0.00',0,'D M d, Y g:i a',5,0,'9E8DA7',0,0,0,0,-3,0,0,'t','d',0,'t','a',0,1,0,1,1,1,0,230271,'',0,0,0,'','','','','','','','','','','','','','','08c967526e74d7b9',0,0,0),(30,2,6,'',0,'',1353055824,'Nutch/CVS [Bot]','nutch/cvs [bot]','',1353055824,0,'',0,'',0,1353055824,0,'','',0,0,0,0,0,0,0,'en','0.00',0,'D M d, Y g:i a',5,0,'9E8DA7',0,0,0,0,-3,0,0,'t','d',0,'t','a',0,1,0,1,1,1,0,230271,'',0,0,0,'','','','','','','','','','','','','','','b66981da465aecfb',0,0,0),(31,2,6,'',0,'',1353055824,'OmniExplorer [Bot]','omniexplorer [bot]','',1353055824,0,'',0,'',0,1353055824,0,'','',0,0,0,0,0,0,0,'en','0.00',0,'D M d, Y g:i a',5,0,'9E8DA7',0,0,0,0,-3,0,0,'t','d',0,'t','a',0,1,0,1,1,1,0,230271,'',0,0,0,'','','','','','','','','','','','','','','1822b0b292d3074b',0,0,0),(32,2,6,'',0,'',1353055824,'Online link [Validator]','online link [validator]','',1353055824,0,'',0,'',0,1353055824,0,'','',0,0,0,0,0,0,0,'en','0.00',0,'D M d, Y g:i a',5,0,'9E8DA7',0,0,0,0,-3,0,0,'t','d',0,'t','a',0,1,0,1,1,1,0,230271,'',0,0,0,'','','','','','','','','','','','','','','ee216ee720470e59',0,0,0),(33,2,6,'',0,'',1353055824,'psbot [Picsearch]','psbot [picsearch]','',1353055824,0,'',0,'',0,1353055824,0,'','',0,0,0,0,0,0,0,'en','0.00',0,'D M d, Y g:i a',5,0,'9E8DA7',0,0,0,0,-3,0,0,'t','d',0,'t','a',0,1,0,1,1,1,0,230271,'',0,0,0,'','','','','','','','','','','','','','','d04181097edfcb1f',0,0,0),(34,2,6,'',0,'',1353055824,'Seekport [Bot]','seekport [bot]','',1353055824,0,'',0,'',0,1353055824,0,'','',0,0,0,0,0,0,0,'en','0.00',0,'D M d, Y g:i a',5,0,'9E8DA7',0,0,0,0,-3,0,0,'t','d',0,'t','a',0,1,0,1,1,1,0,230271,'',0,0,0,'','','','','','','','','','','','','','','0a64855124f57af6',0,0,0),(35,2,6,'',0,'',1353055824,'Sensis [Crawler]','sensis [crawler]','',1353055824,0,'',0,'',0,1353055824,0,'','',0,0,0,0,0,0,0,'en','0.00',0,'D M d, Y g:i a',5,0,'9E8DA7',0,0,0,0,-3,0,0,'t','d',0,'t','a',0,1,0,1,1,1,0,230271,'',0,0,0,'','','','','','','','','','','','','','','9941195d556e8f3d',0,0,0),(36,2,6,'',0,'',1353055824,'SEO Crawler','seo crawler','',1353055824,0,'',0,'',0,1353055824,0,'','',0,0,0,0,0,0,0,'en','0.00',0,'D M d, Y g:i a',5,0,'9E8DA7',0,0,0,0,-3,0,0,'t','d',0,'t','a',0,1,0,1,1,1,0,230271,'',0,0,0,'','','','','','','','','','','','','','','d032721aa349cd16',0,0,0),(37,2,6,'',0,'',1353055824,'Seoma [Crawler]','seoma [crawler]','',1353055824,0,'',0,'',0,1353055824,0,'','',0,0,0,0,0,0,0,'en','0.00',0,'D M d, Y g:i a',5,0,'9E8DA7',0,0,0,0,-3,0,0,'t','d',0,'t','a',0,1,0,1,1,1,0,230271,'',0,0,0,'','','','','','','','','','','','','','','43260b0dedcaf2ee',0,0,0),(38,2,6,'',0,'',1353055824,'SEOSearch [Crawler]','seosearch [crawler]','',1353055824,0,'',0,'',0,1353055824,0,'','',0,0,0,0,0,0,0,'en','0.00',0,'D M d, Y g:i a',5,0,'9E8DA7',0,0,0,0,-3,0,0,'t','d',0,'t','a',0,1,0,1,1,1,0,230271,'',0,0,0,'','','','','','','','','','','','','','','904371215d732c7d',0,0,0),(39,2,6,'',0,'',1353055824,'Snappy [Bot]','snappy [bot]','',1353055824,0,'',0,'',0,1353055824,0,'','',0,0,0,0,0,0,0,'en','0.00',0,'D M d, Y g:i a',5,0,'9E8DA7',0,0,0,0,-3,0,0,'t','d',0,'t','a',0,1,0,1,1,1,0,230271,'',0,0,0,'','','','','','','','','','','','','','','01b9ee46c3e86ec5',0,0,0),(40,2,6,'',0,'',1353055824,'Steeler [Crawler]','steeler [crawler]','',1353055824,0,'',0,'',0,1353055824,0,'','',0,0,0,0,0,0,0,'en','0.00',0,'D M d, Y g:i a',5,0,'9E8DA7',0,0,0,0,-3,0,0,'t','d',0,'t','a',0,1,0,1,1,1,0,230271,'',0,0,0,'','','','','','','','','','','','','','','b98503c482452a87',0,0,0),(41,2,6,'',0,'',1353055824,'Synoo [Bot]','synoo [bot]','',1353055824,0,'',0,'',0,1353055824,0,'','',0,0,0,0,0,0,0,'en','0.00',0,'D M d, Y g:i a',5,0,'9E8DA7',0,0,0,0,-3,0,0,'t','d',0,'t','a',0,1,0,1,1,1,0,230271,'',0,0,0,'','','','','','','','','','','','','','','be7fd686b6ea4d01',0,0,0),(42,2,6,'',0,'',1353055824,'Telekom [Bot]','telekom [bot]','',1353055824,0,'',0,'',0,1353055824,0,'','',0,0,0,0,0,0,0,'en','0.00',0,'D M d, Y g:i a',5,0,'9E8DA7',0,0,0,0,-3,0,0,'t','d',0,'t','a',0,1,0,1,1,1,0,230271,'',0,0,0,'','','','','','','','','','','','','','','e0fa14906005e4be',0,0,0),(43,2,6,'',0,'',1353055824,'TurnitinBot [Bot]','turnitinbot [bot]','',1353055824,0,'',0,'',0,1353055824,0,'','',0,0,0,0,0,0,0,'en','0.00',0,'D M d, Y g:i a',5,0,'9E8DA7',0,0,0,0,-3,0,0,'t','d',0,'t','a',0,1,0,1,1,1,0,230271,'',0,0,0,'','','','','','','','','','','','','','','5edd47ee1a1ed35e',0,0,0),(44,2,6,'',0,'',1353055824,'Voyager [Bot]','voyager [bot]','',1353055824,0,'',0,'',0,1353055824,0,'','',0,0,0,0,0,0,0,'en','0.00',0,'D M d, Y g:i a',5,0,'9E8DA7',0,0,0,0,-3,0,0,'t','d',0,'t','a',0,1,0,1,1,1,0,230271,'',0,0,0,'','','','','','','','','','','','','','','2f93aa75f729d88b',0,0,0),(45,2,6,'',0,'',1353055824,'W3 [Sitesearch]','w3 [sitesearch]','',1353055824,0,'',0,'',0,1353055824,0,'','',0,0,0,0,0,0,0,'en','0.00',0,'D M d, Y g:i a',5,0,'9E8DA7',0,0,0,0,-3,0,0,'t','d',0,'t','a',0,1,0,1,1,1,0,230271,'',0,0,0,'','','','','','','','','','','','','','','bdfc1303704ecbd3',0,0,0),(46,2,6,'',0,'',1353055824,'W3C [Linkcheck]','w3c [linkcheck]','',1353055824,0,'',0,'',0,1353055824,0,'','',0,0,0,0,0,0,0,'en','0.00',0,'D M d, Y g:i a',5,0,'9E8DA7',0,0,0,0,-3,0,0,'t','d',0,'t','a',0,1,0,1,1,1,0,230271,'',0,0,0,'','','','','','','','','','','','','','','b1ad8f9b129111d6',0,0,0),(47,2,6,'',0,'',1353055824,'W3C [Validator]','w3c [validator]','',1353055824,0,'',0,'',0,1353055824,0,'','',0,0,0,0,0,0,0,'en','0.00',0,'D M d, Y g:i a',5,0,'9E8DA7',0,0,0,0,-3,0,0,'t','d',0,'t','a',0,1,0,1,1,1,0,230271,'',0,0,0,'','','','','','','','','','','','','','','f53f6ff76490d650',0,0,0),(48,2,6,'',0,'',1353055824,'WiseNut [Bot]','wisenut [bot]','',1353055824,0,'',0,'',0,1353055824,0,'','',0,0,0,0,0,0,0,'en','0.00',0,'D M d, Y g:i a',5,0,'9E8DA7',0,0,0,0,-3,0,0,'t','d',0,'t','a',0,1,0,1,1,1,0,230271,'',0,0,0,'','','','','','','','','','','','','','','4e76e569f2ae14d3',0,0,0),(49,2,6,'',0,'',1353055824,'YaCy [Bot]','yacy [bot]','',1353055824,0,'',0,'',0,1353055824,0,'','',0,0,0,0,0,0,0,'en','0.00',0,'D M d, Y g:i a',5,0,'9E8DA7',0,0,0,0,-3,0,0,'t','d',0,'t','a',0,1,0,1,1,1,0,230271,'',0,0,0,'','','','','','','','','','','','','','','6261f1f00d40949f',0,0,0),(50,2,6,'',0,'',1353055824,'Yahoo MMCrawler [Bot]','yahoo mmcrawler [bot]','',1353055824,0,'',0,'',0,1353055824,0,'','',0,0,0,0,0,0,0,'en','0.00',0,'D M d, Y g:i a',5,0,'9E8DA7',0,0,0,0,-3,0,0,'t','d',0,'t','a',0,1,0,1,1,1,0,230271,'',0,0,0,'','','','','','','','','','','','','','','68fa35fa4cb8b7a2',0,0,0),(51,2,6,'',0,'',1353055824,'Yahoo Slurp [Bot]','yahoo slurp [bot]','',1353055824,0,'',0,'',0,1353055824,0,'','',0,0,0,0,0,0,0,'en','0.00',0,'D M d, Y g:i a',5,0,'9E8DA7',0,0,0,0,-3,0,0,'t','d',0,'t','a',0,1,0,1,1,1,0,230271,'',0,0,0,'','','','','','','','','','','','','','','ec38e7079d5fb106',0,0,0),(52,2,6,'',0,'',1353055824,'Yahoo [Bot]','yahoo [bot]','',1353055824,0,'',0,'',0,1353055824,0,'','',0,0,0,0,0,0,0,'en','0.00',0,'D M d, Y g:i a',5,0,'9E8DA7',0,0,0,0,-3,0,0,'t','d',0,'t','a',0,1,0,1,1,1,0,230271,'',0,0,0,'','','','','','','','','','','','','','','2760ac7ba3a29678',0,0,0),(53,2,6,'',0,'',1353055824,'YahooSeeker [Bot]','yahooseeker [bot]','',1353055824,0,'',0,'',0,1353055824,0,'','',0,0,0,0,0,0,0,'en','0.00',0,'D M d, Y g:i a',5,0,'9E8DA7',0,0,0,0,-3,0,0,'t','d',0,'t','a',0,1,0,1,1,1,0,230271,'',0,0,0,'','','','','','','','','','','','','','','08467aa64bfdf983',0,0,0),(54,0,2,'',0,'82.159.104.78',1353195558,'sarroutbi','sarroutbi','$H$9Ld7B4zqNloV/E0XFqbBDLO7/jDLxK/',1353195558,0,'sarroutbi@yahoo.es',11162251218,'',1354871441,1353195558,1353448439,'index.php','',0,0,0,0,0,0,2,'es','1.00',0,'D M d, Y g:i a',5,0,'',0,0,1353196260,0,-3,0,0,'t','d',0,'t','a',0,1,0,1,1,1,1,230271,'',0,0,0,'','','','','','','','','','','','','','','23d193471cd79a5a',0,0,0),(56,0,2,'',0,'195.235.15.243',1353324238,'oglok','oglok','$H$9oaLnxTV/PVSnI7ofa9nC/9M8TDKFg/',1353324239,0,'ricardonor@gmail.com',182847947820,'',1353333245,1353324239,0,'index.php','',0,0,0,0,0,0,0,'es','1.00',0,'D M d, Y g:i a',5,0,'',1,1,1353448439,0,-3,0,0,'t','d',0,'t','a',0,1,0,1,1,1,1,230271,'',0,0,0,'','','','','','','','','','','','','','','e30ac35752db3c76',1,0,0),(57,0,2,'',0,'213.37.208.128',1353648918,'4L13n','4l13n','$H$9Z5v0m8dTlgsgnFSTjdEqHE9pqN/u3.',1353648918,0,'jant.castillo@gmail.com',426008465223,'',1353648986,1353648918,0,'viewforum.php?f=52','',0,0,0,0,0,0,0,'es','1.00',0,'D M d, Y g:i a',5,0,'',0,0,0,0,-3,0,0,'t','d',0,'t','a',0,1,0,1,1,1,1,230271,'',0,0,0,'','','','','','','','','','','','','','','d4c526852fd31492',1,0,0),(55,0,5,'zik0zjzik0zjzik0xs\nzik0zi000000\nzik0zjzhb2tc\n\n\n\nzik0zi000000\nzik0zi000000\nzik0zi000000\n\nzik0zi000000\nzik0zi000000\nzik0zi000000\nzik0zi000000\nzik0zi000000\nzik0zi000000\nzik0zi000000\nzik0zi000000\nzik0zi000000\nzik0zi000000\nzik0zi000000\nzik0zi000000\nzik0zi000000\nzik0zi000000\nzik0zi000000\nzik0zi000000\nzik0zi000000\nzik0zi000000\nzik0zi000000\nzik0zi000000\nzik0zi000000\nzik0zi000000\nzik0zi000000\nzik0zi000000\nzik0zi000000\nzik0zi000000\nzik0zi000000\nzik0zi000000\n\n\nzik0zi000000\nzik0zi000000\nzik0zi000000\nzik0zi000000\n\nzik0zi000000\nzik0zi000000\nzik0zi000000\n\n\n\n\nzik0zi000000\nzik0zi000000\nzik0zi000000\nzik0zi000000\nzik0zi000000\nzik0zi000000\nzik0zi000000\nzik0zi000000\nzik0zi000000\nzik0zi000000\nzik0zi000000\nzik0zi000000\nzik0zi000000\nzik0zi000000\nzik0zi000000\nzik0zi000000\nzik0zi000000\nzik0zi000000\nzik0zi000000\nzik0zi000000\nzik0zi000000\nzik0zi000000\nzik0zi000000\nzik0zi000000\nzik0zi000000\nzik0zi000000\nzik0zi000000\nzik0zi000000\nzik0zi000000\nzik0zi000000\nzik0zi000000\nzik0zi000000\nzik0zi000000\nzik0zi000000\nzik0zi000000\nzik0zi000000\nzik0zi000000\nzik0zi000000\nzik0zi000000\n\nzik0zi000000\nzik0zi000000\nzik0zi000000\nzik0zi000000\nzik0zi000000\nzik0zi000000\nzik0zi000000\nzik0zi000000\nzik0zi000000\nzik0zi000000\nzik0zi000000\nzik0zi000000',0,'82.159.104.78',1353229358,'buscobici.com','buscobici.com','$H$9IzY5m5n3hs45Mf5FOGnjtuhTZU42d.',1353229358,0,'buscobici.com@gmail.com',19543376523,'',1354823726,1353229358,1354878309,'index.php','',0,0,0,0,0,0,8,'es','1.00',0,'D M d, Y g:i a',5,0,'AA0000',0,0,1353671980,0,-3,0,0,'t','d',0,'t','a',0,1,0,1,1,1,1,230271,'',0,0,0,'<!-- m --><a class=\"postlink\" href=\"http://www.buscobici.com\">http://www.buscobici.com</a><!-- m --> - <!-- m --><a class=\"postlink\" href=\"http://foro.buscobici.com\">http://foro.buscobici.com</a><!-- m -->','1cwe9no8','','','','','','','','','','','','','fdc0964af0712a82',0,0,0),(60,0,2,'',0,'81.36.33.170',1353832763,'aerotec','aerotec','$H$9mj4L1fVDYsKR69mtYTZ1RDCFo595s.',1353832763,0,'aerotec@terra.es',265966784816,'16-12-1980',1354050861,1353832763,1354050849,'viewforum.php?f=2','',0,0,0,0,0,0,5,'es','1.00',0,'D M d, Y g:i a',5,0,'',1,1,1354878309,0,-3,0,0,'t','d',0,'t','a',0,1,0,1,1,1,1,230271,'',0,0,0,'[url:21pbqy8w]http&#58;//aerotecg&#46;blogspot&#46;com&#46;es/[/url:21pbqy8w]','21pbqy8w','EA==','mogente(valencia)','','','','','','http://aerotecg.blogspot.com.es/','herrero y pintor','mtb,taekwondo,aerografia....','','','49611aed50ae9ffb',0,0,0),(58,0,2,'',0,'79.146.22.177',1353660127,'ciclosnico','ciclosnico','$H$9vSrobF7GTLVHT5CW0by265c2Yj.x5/',1353660127,0,'info@ciclosnico.com',95511451319,'',1353664696,1353660127,1353661712,'viewforum.php?f=29','',0,0,0,0,0,0,2,'es','1.00',0,'D M d, Y g:i a',5,0,'',0,0,0,0,-3,0,0,'t','d',0,'t','a',0,1,0,1,1,1,1,230271,'',0,0,0,'','','','','','','','','','','','','','','c0ab5ed9b588295f',1,0,0),(59,0,2,'',0,'62.42.5.67',1353688606,'6QLiencres','6qliencres','$H$9RIY/QRvJqanYFvJpiYARLVuG/uxh2/',1353688606,0,'dominguerosmtbcantabria@gmail.com',289271077033,'',1353964792,1353688606,1353865502,'index.php','',0,0,0,0,0,0,2,'es','1.00',0,'D M d, Y g:i a',5,0,'',0,0,1353847809,0,-3,0,0,'t','d',0,'t','a',0,1,0,1,1,1,1,230271,'59_1353690220.png',1,88,88,'dominguerosmtb.foroactivo.com','3vzmnho0','','','','','','','','','','','','','5de349f0addf8c24',0,0,0),(61,0,2,'00000000006xv29nwg\nzik0zi000000\nzik0zi000000\n\n\n\nqlc4pi000000\nqlc4pi000000\n\n\nzik0zi000000\nqlc4pi000000\nqlc4pi000000\nzik0zi000000\n\n\n\n\n\n\nzik0zi000000\nzik0zi000000\nzik0zi000000\nzik0zi000000\nzik0zi000000\nzik0zi000000\nzik0zi000000\nzik0zi000000\n\nqlc4pi000000\n\nzik0zi000000\ni1cjyo000000\n\n\nzik0zi000000\nzik0zi000000\nzik0zi000000\n\n\nqlc4pi000000\nqlc4pi000000\nqlc4pi000000\nqlc4pi000000\n\nqlc4pi000000\nqlc4pi000000\nqlc4pi000000\n\n\n\n\n\n\n\n\n\n\n\n\n\n\n\n\n\n\n\n\n\n\n\n\n\n\n\n\n\n\n\n\n\n\n\n\nqlc4pi000000\ni1cjyo000000\n\n\n\n\n\n\nqlc4pi000000\nzik0zi000000\nzik0zi000000\nzik0zi000000\nzik0zi000000\nzik0zi000000\nzik0zi000000\nzik0zi000000\nzik0zi000000\nzik0zi000000\nzik0zi000000\nzik0zi000000',0,'82.159.104.78',1353857556,'txoko','txoko','$H$9bZncnj7L3GmEWeGESOxm1O99n/HVs0',1353857556,0,'txoko20@yahoo.es',162535417916,'',1354884613,1353857556,1354884766,'index.php','',0,0,0,0,0,0,6,'es','1.00',0,'D M d, Y g:i a',5,0,'',0,0,0,0,-3,0,0,'t','d',0,'t','a',0,1,0,1,1,1,1,230271,'',0,0,0,'','','','','','','','','','','','','','','e7cb2949a8a3eca9',0,0,0),(62,0,2,'',0,'83.41.5.51',1354480440,'basuraadsl','basuraadsl','$H$9CgrCNXu8ps.TgA2bPv64yLXTeryAN0',1354480440,0,'sturm71@terra.es',256675668316,'',1354660328,1354480440,1354480550,'index.php','',0,0,0,0,0,0,1,'es','1.00',0,'D M d, Y g:i a',5,0,'',0,0,0,0,-3,0,0,'t','d',0,'t','a',0,1,0,1,1,1,1,230271,'',0,0,0,'','','','','','','','','','','','','','','49c73e1264c61443',1,0,0),(63,0,2,'',0,'77.93.2.81',1354609103,'Nineruirl','nineruirl','$H$9VtnfcGPygu4yOgk.gEfHcXl5M691a/',1354609103,0,'darcernictape@gmail.com',102917480823,'14- 3-1985',1354609146,1354609103,0,'memberlist.php?mode=viewprofile&u=63','',0,0,0,0,0,0,0,'en','1.00',0,'D M d, Y g:i a',5,0,'',0,0,0,0,-3,0,0,'t','d',0,'t','a',0,1,0,1,1,1,1,230271,'',0,0,0,'','','','Zimbabwe','327457477','','','','','http://ticket.ruaviasales.ru/','Relations','Business networking','','','7f0a1c850487b60c',1,0,0),(64,0,2,'',0,'188.143.233.39',1354655566,'MissSPORTxy','misssportxy','$H$9rCvTWlwh6PxrSYD9vFXCk.PySfLWe.',1354655566,0,'elesytexaxda@cmail.com',416364188222,'',1354655581,1354655566,0,'memberlist.php?mode=viewprofile&u=64','',0,0,0,0,0,0,0,'en','1.00',0,'D M d, Y g:i a',5,0,'',0,0,0,0,-3,0,0,'t','d',0,'t','a',0,1,0,1,1,1,1,230271,'',0,0,0,'','','','','','','','','','','','','','','d2eb11a1fcff015a',1,0,0);
/*!40000 ALTER TABLE `phpbb_users` ENABLE KEYS */;
UNLOCK TABLES;

--
-- Table structure for table `phpbb_warnings`
--

DROP TABLE IF EXISTS `phpbb_warnings`;
CREATE TABLE `phpbb_warnings` (
  `warning_id` mediumint(8) unsigned NOT NULL auto_increment,
  `user_id` mediumint(8) unsigned NOT NULL default '0',
  `post_id` mediumint(8) unsigned NOT NULL default '0',
  `log_id` mediumint(8) unsigned NOT NULL default '0',
  `warning_time` int(11) unsigned NOT NULL default '0',
  PRIMARY KEY  (`warning_id`)
) ENGINE=MyISAM DEFAULT CHARSET=utf8 COLLATE=utf8_bin;

--
-- Dumping data for table `phpbb_warnings`
--

LOCK TABLES `phpbb_warnings` WRITE;
/*!40000 ALTER TABLE `phpbb_warnings` DISABLE KEYS */;
/*!40000 ALTER TABLE `phpbb_warnings` ENABLE KEYS */;
UNLOCK TABLES;

--
-- Table structure for table `phpbb_words`
--

DROP TABLE IF EXISTS `phpbb_words`;
CREATE TABLE `phpbb_words` (
  `word_id` mediumint(8) unsigned NOT NULL auto_increment,
  `word` varchar(255) collate utf8_bin NOT NULL default '',
  `replacement` varchar(255) collate utf8_bin NOT NULL default '',
  PRIMARY KEY  (`word_id`)
) ENGINE=MyISAM DEFAULT CHARSET=utf8 COLLATE=utf8_bin;

--
-- Dumping data for table `phpbb_words`
--

LOCK TABLES `phpbb_words` WRITE;
/*!40000 ALTER TABLE `phpbb_words` DISABLE KEYS */;
/*!40000 ALTER TABLE `phpbb_words` ENABLE KEYS */;
UNLOCK TABLES;

--
-- Table structure for table `phpbb_zebra`
--

DROP TABLE IF EXISTS `phpbb_zebra`;
CREATE TABLE `phpbb_zebra` (
  `user_id` mediumint(8) unsigned NOT NULL default '0',
  `zebra_id` mediumint(8) unsigned NOT NULL default '0',
  `friend` tinyint(1) unsigned NOT NULL default '0',
  `foe` tinyint(1) unsigned NOT NULL default '0',
  PRIMARY KEY  (`user_id`,`zebra_id`)
) ENGINE=MyISAM DEFAULT CHARSET=utf8 COLLATE=utf8_bin;

--
-- Dumping data for table `phpbb_zebra`
--

LOCK TABLES `phpbb_zebra` WRITE;
/*!40000 ALTER TABLE `phpbb_zebra` DISABLE KEYS */;
/*!40000 ALTER TABLE `phpbb_zebra` ENABLE KEYS */;
UNLOCK TABLES;
/*!40103 SET TIME_ZONE=@OLD_TIME_ZONE */;

/*!40101 SET SQL_MODE=@OLD_SQL_MODE */;
/*!40014 SET FOREIGN_KEY_CHECKS=@OLD_FOREIGN_KEY_CHECKS */;
/*!40014 SET UNIQUE_CHECKS=@OLD_UNIQUE_CHECKS */;
/*!40101 SET CHARACTER_SET_CLIENT=@OLD_CHARACTER_SET_CLIENT */;
/*!40101 SET CHARACTER_SET_RESULTS=@OLD_CHARACTER_SET_RESULTS */;
/*!40101 SET COLLATION_CONNECTION=@OLD_COLLATION_CONNECTION */;
/*!40111 SET SQL_NOTES=@OLD_SQL_NOTES */;

-- Dump completed on 2012-12-07 13:05:01
